[{"__type__":"cc.SpriteFrame","content":{"name":"Lemon","texture":"4d6L06el9PqJHxpCFR/u54","rect":[0,0,138,17],"offset":[0,0],"originalSize":[138,17],"capInsets":[3,0,3,0]}},{"__type__":"cc.SpriteFrame","content":{"name":"lemon","texture":"59EuIaIslPlqKnXzPNNoNc","rect":[0,0,70,90],"offset":[0,0],"originalSize":[70,90],"capInsets":[0,0,0,0]}},{"__type__":"cc.SpriteFrame","content":{"name":"点","texture":"384YhYzYpKdrjInpCDyQsT","rect":[0,0,16,16],"offset":[0,0],"originalSize":[16,16],"capInsets":[0,0,0,0]}},{"__type__":"cc.SpriteFrame","content":{"name":"boluo","texture":"9da1INQA5DibjRlDFsUTTO","rect":[0,0,82,133],"offset":[0,0],"originalSize":[82,133],"capInsets":[0,0,0,0]}},[{"__type__":"cc.Prefab","_name":"items24","data":{"__id__":1}},{"__type__":"cc.Node","_name":"items24","_children":[{"__id__":2},{"__id__":3},{"__id__":4},{"__id__":5},{"__id__":6},{"__id__":7},{"__id__":8},{"__id__":9},{"__id__":10}],"_components":[{"__type__":"053c2u4k8ZBwroDC3cDQoVF","node":{"__id__":1}}],"_prefab":{"__type__":"cc.PrefabInfo","root":{"__id__":1},"asset":{"__uuid__":"e8np8W065AN62Gp9+7yjOB"},"fileId":"4d/i++i/lCFZ5LBbpzWvbx"},"_trs":{"__type__":"TypedArray","ctor":"Float64Array","array":[0,0,0,0,0,0,1,1,1,1]}},{"__type__":"cc.Node","_name":"菠萝","_parent":{"__id__":1},"_components":[{"__type__":"cc.Sprite","node":{"__id__":2},"_spriteFrame":{"__uuid__":"c5aUV4hTNCeazBlqzkiFbl"}},{"__type__":"cc.CircleCollider","node":{"__id__":2},"_radius":42},{"__type__":"ae625r/YtBJ25oY3QCSGq6M","node":{"__id__":2},"halfItemPrefab":{"__uuid__":"34QwNoqyFKGoP/6EhuEw1v"},"spinePrefab":{"__uuid__":"73HhGIL5hPQJEs5ZLy8U4n"},"sliceItemSpriteFrame":{"__uuid__":"20V3I2QiJEcYC8Y0HHcmCy"},"pointSpriteFrame":{"__uuid__":"6bj+TqiDhMgZUsAYgI40Qx"}}],"_prefab":{"__type__":"cc.PrefabInfo","root":{"__id__":1},"asset":{"__uuid__":"e8np8W065AN62Gp9+7yjOB"},"fileId":"52j4SM6CFJZZtCDxXi9oe5"},"_contentSize":{"__type__":"cc.Size","width":82,"height":133},"_trs":{"__type__":"TypedArray","ctor":"Float64Array","array":[0,0,0,0,0,0,1,1,1,1]}},{"__type__":"cc.Node","_name":"菠萝","_parent":{"__id__":1},"_components":[{"__type__":"cc.Sprite","node":{"__id__":3},"_spriteFrame":{"__uuid__":"c5aUV4hTNCeazBlqzkiFbl"}},{"__type__":"cc.CircleCollider","node":{"__id__":3},"_radius":42},{"__type__":"ae625r/YtBJ25oY3QCSGq6M","node":{"__id__":3},"halfItemPrefab":{"__uuid__":"34QwNoqyFKGoP/6EhuEw1v"},"spinePrefab":{"__uuid__":"73HhGIL5hPQJEs5ZLy8U4n"},"sliceItemSpriteFrame":{"__uuid__":"20V3I2QiJEcYC8Y0HHcmCy"},"pointSpriteFrame":{"__uuid__":"6bj+TqiDhMgZUsAYgI40Qx"}}],"_prefab":{"__type__":"cc.PrefabInfo","root":{"__id__":1},"asset":{"__uuid__":"e8np8W065AN62Gp9+7yjOB"},"fileId":"32Ykd8PGtJqpj7Z5NV4+wq"},"_contentSize":{"__type__":"cc.Size","width":82,"height":133},"_trs":{"__type__":"TypedArray","ctor":"Float64Array","array":[0,211,0,0,0,0,1,1,1,1]}},{"__type__":"cc.Node","_name":"菠萝","_parent":{"__id__":1},"_components":[{"__type__":"cc.Sprite","node":{"__id__":4},"_spriteFrame":{"__uuid__":"c5aUV4hTNCeazBlqzkiFbl"}},{"__type__":"cc.CircleCollider","node":{"__id__":4},"_radius":42},{"__type__":"ae625r/YtBJ25oY3QCSGq6M","node":{"__id__":4},"halfItemPrefab":{"__uuid__":"34QwNoqyFKGoP/6EhuEw1v"},"spinePrefab":{"__uuid__":"73HhGIL5hPQJEs5ZLy8U4n"},"sliceItemSpriteFrame":{"__uuid__":"20V3I2QiJEcYC8Y0HHcmCy"},"pointSpriteFrame":{"__uuid__":"6bj+TqiDhMgZUsAYgI40Qx"}}],"_prefab":{"__type__":"cc.PrefabInfo","root":{"__id__":1},"asset":{"__uuid__":"e8np8W065AN62Gp9+7yjOB"},"fileId":"e6lYBK6o5F0otEVjpdQIDj"},"_contentSize":{"__type__":"cc.Size","width":82,"height":133},"_trs":{"__type__":"TypedArray","ctor":"Float64Array","array":[0,-128,0,0,0,0,1,1,1,1]}},{"__type__":"cc.Node","_name":"菠萝","_parent":{"__id__":1},"_components":[{"__type__":"cc.Sprite","node":{"__id__":5},"_spriteFrame":{"__uuid__":"c5aUV4hTNCeazBlqzkiFbl"}},{"__type__":"cc.CircleCollider","node":{"__id__":5},"_radius":42},{"__type__":"ae625r/YtBJ25oY3QCSGq6M","node":{"__id__":5},"halfItemPrefab":{"__uuid__":"34QwNoqyFKGoP/6EhuEw1v"},"spinePrefab":{"__uuid__":"73HhGIL5hPQJEs5ZLy8U4n"},"sliceItemSpriteFrame":{"__uuid__":"20V3I2QiJEcYC8Y0HHcmCy"},"pointSpriteFrame":{"__uuid__":"6bj+TqiDhMgZUsAYgI40Qx"}}],"_prefab":{"__type__":"cc.PrefabInfo","root":{"__id__":1},"asset":{"__uuid__":"e8np8W065AN62Gp9+7yjOB"},"fileId":"03aHxqgL5N3I4NoEx8mFUe"},"_contentSize":{"__type__":"cc.Size","width":82,"height":133},"_trs":{"__type__":"TypedArray","ctor":"Float64Array","array":[0,109,0,0,0,0,1,1,1,1]}},{"__type__":"cc.Node","_name":"柠檬","_parent":{"__id__":1},"_components":[{"__type__":"cc.Sprite","node":{"__id__":6},"_spriteFrame":{"__uuid__":"2aNSRNnvxMsJ2l1gtwXTAk"}},{"__type__":"cc.CircleCollider","node":{"__id__":6},"_radius":42},{"__type__":"ae625r/YtBJ25oY3QCSGq6M","node":{"__id__":6},"halfItemPrefab":{"__uuid__":"dbwiPmyE9NqKR5ePaDtyh/"},"spinePrefab":{"__uuid__":"8cv8yPSxpO96zY8VNM4NOq"},"sliceItemSpriteFrame":{"__uuid__":"20V3I2QiJEcYC8Y0HHcmCy"},"pointSpriteFrame":{"__uuid__":"6bj+TqiDhMgZUsAYgI40Qx"}}],"_prefab":{"__type__":"cc.PrefabInfo","root":{"__id__":1},"asset":{"__uuid__":"e8np8W065AN62Gp9+7yjOB"},"fileId":"f7OanApVtNp4KEnH0kee8L"},"_contentSize":{"__type__":"cc.Size","width":70,"height":90},"_trs":{"__type__":"TypedArray","ctor":"Float64Array","array":[72,39,0,0,0,0,1,1,1,1]}},{"__type__":"cc.Node","_name":"柠檬","_parent":{"__id__":1},"_components":[{"__type__":"cc.Sprite","node":{"__id__":7},"_spriteFrame":{"__uuid__":"2aNSRNnvxMsJ2l1gtwXTAk"}},{"__type__":"cc.CircleCollider","node":{"__id__":7},"_radius":42},{"__type__":"ae625r/YtBJ25oY3QCSGq6M","node":{"__id__":7},"halfItemPrefab":{"__uuid__":"dbwiPmyE9NqKR5ePaDtyh/"},"spinePrefab":{"__uuid__":"8cv8yPSxpO96zY8VNM4NOq"},"sliceItemSpriteFrame":{"__uuid__":"20V3I2QiJEcYC8Y0HHcmCy"},"pointSpriteFrame":{"__uuid__":"6bj+TqiDhMgZUsAYgI40Qx"}}],"_prefab":{"__type__":"cc.PrefabInfo","root":{"__id__":1},"asset":{"__uuid__":"e8np8W065AN62Gp9+7yjOB"},"fileId":"33UPG8HkRHQ6PTx7y931Yx"},"_contentSize":{"__type__":"cc.Size","width":70,"height":90},"_trs":{"__type__":"TypedArray","ctor":"Float64Array","array":[114,129,0,0,0,0,1,1,1,1]}},{"__type__":"cc.Node","_name":"柠檬","_parent":{"__id__":1},"_components":[{"__type__":"cc.Sprite","node":{"__id__":8},"_spriteFrame":{"__uuid__":"2aNSRNnvxMsJ2l1gtwXTAk"}},{"__type__":"cc.CircleCollider","node":{"__id__":8},"_radius":42},{"__type__":"ae625r/YtBJ25oY3QCSGq6M","node":{"__id__":8},"halfItemPrefab":{"__uuid__":"dbwiPmyE9NqKR5ePaDtyh/"},"spinePrefab":{"__uuid__":"8cv8yPSxpO96zY8VNM4NOq"},"sliceItemSpriteFrame":{"__uuid__":"20V3I2QiJEcYC8Y0HHcmCy"},"pointSpriteFrame":{"__uuid__":"6bj+TqiDhMgZUsAYgI40Qx"}}],"_prefab":{"__type__":"cc.PrefabInfo","root":{"__id__":1},"asset":{"__uuid__":"e8np8W065AN62Gp9+7yjOB"},"fileId":"0cEG4YlDRLOLBHntDpif09"},"_contentSize":{"__type__":"cc.Size","width":70,"height":90},"_trs":{"__type__":"TypedArray","ctor":"Float64Array","array":[137,-29,0,0,0,0,1,1,1,1]}},{"__type__":"cc.Node","_name":"柠檬","_parent":{"__id__":1},"_components":[{"__type__":"cc.Sprite","node":{"__id__":9},"_spriteFrame":{"__uuid__":"2aNSRNnvxMsJ2l1gtwXTAk"}},{"__type__":"cc.CircleCollider","node":{"__id__":9},"_radius":42},{"__type__":"ae625r/YtBJ25oY3QCSGq6M","node":{"__id__":9},"halfItemPrefab":{"__uuid__":"dbwiPmyE9NqKR5ePaDtyh/"},"spinePrefab":{"__uuid__":"8cv8yPSxpO96zY8VNM4NOq"},"sliceItemSpriteFrame":{"__uuid__":"20V3I2QiJEcYC8Y0HHcmCy"},"pointSpriteFrame":{"__uuid__":"6bj+TqiDhMgZUsAYgI40Qx"}}],"_prefab":{"__type__":"cc.PrefabInfo","root":{"__id__":1},"asset":{"__uuid__":"e8np8W065AN62Gp9+7yjOB"},"fileId":"16dDrWKOxHCaWrPKsjltYK"},"_contentSize":{"__type__":"cc.Size","width":70,"height":90},"_trs":{"__type__":"TypedArray","ctor":"Float64Array","array":[214,-75,0,0,0,0,1,1,1,1]}},{"__type__":"cc.Node","_name":"柠檬","_parent":{"__id__":1},"_components":[{"__type__":"cc.Sprite","node":{"__id__":10},"_spriteFrame":{"__uuid__":"2aNSRNnvxMsJ2l1gtwXTAk"}},{"__type__":"cc.CircleCollider","node":{"__id__":10},"_radius":42},{"__type__":"ae625r/YtBJ25oY3QCSGq6M","node":{"__id__":10},"halfItemPrefab":{"__uuid__":"dbwiPmyE9NqKR5ePaDtyh/"},"spinePrefab":{"__uuid__":"8cv8yPSxpO96zY8VNM4NOq"},"sliceItemSpriteFrame":{"__uuid__":"20V3I2QiJEcYC8Y0HHcmCy"},"pointSpriteFrame":{"__uuid__":"6bj+TqiDhMgZUsAYgI40Qx"}}],"_prefab":{"__type__":"cc.PrefabInfo","root":{"__id__":1},"asset":{"__uuid__":"e8np8W065AN62Gp9+7yjOB"},"fileId":"1cf8EW+kZKfr4AhtYvV85x"},"_contentSize":{"__type__":"cc.Size","width":70,"height":90},"_trs":{"__type__":"TypedArray","ctor":"Float64Array","array":[161,210,0,0,0,0,1,1,1,1]}}]]