[{"__type__":"cc.SpriteFrame","content":{"name":"点","texture":"384YhYzYpKdrjInpCDyQsT","rect":[0,0,16,16],"offset":[0,0],"originalSize":[16,16],"capInsets":[0,0,0,0]}},[{"__type__":"cc.Prefab","_name":"items46","data":{"__id__":1}},{"__type__":"cc.Node","_name":"items46","_children":[{"__id__":2},{"__id__":3},{"__id__":4},{"__id__":5},{"__id__":6},{"__id__":7},{"__id__":8},{"__id__":9},{"__id__":10},{"__id__":11},{"__id__":12},{"__id__":13},{"__id__":14}],"_components":[{"__type__":"053c2u4k8ZBwroDC3cDQoVF","node":{"__id__":1}}],"_prefab":{"__type__":"cc.PrefabInfo","root":{"__id__":1},"asset":{"__uuid__":"7cnoln3cpMNZnWAe4i/VJd"},"fileId":"3bpJhE7SxKNKvXMC58LlHQ"},"_trs":{"__type__":"TypedArray","ctor":"Float64Array","array":[0,0,0,0,0,0,1,1,1,1]}},{"__type__":"cc.Node","_name":"shiliu","_parent":{"__id__":1},"_components":[{"__type__":"cc.Sprite","node":{"__id__":2},"_spriteFrame":{"__uuid__":"b0BxdcSqFNca9mVxLnA/EO"},"_sizeMode":0},{"__type__":"cc.CircleCollider","node":{"__id__":2},"_offset":{"__type__":"cc.Vec2","y":-15},"_radius":42},{"__type__":"ae625r/YtBJ25oY3QCSGq6M","node":{"__id__":2},"halfItemPrefab":{"__uuid__":"ecmxJDnplMcaU/XUP0hg7o"},"spinePrefab":{"__uuid__":"73HhGIL5hPQJEs5ZLy8U4n"},"sliceItemSpriteFrame":{"__uuid__":"c2rvwbQ4xBpappNU4njhsR"},"pointSpriteFrame":{"__uuid__":"6bj+TqiDhMgZUsAYgI40Qx"}}],"_prefab":{"__type__":"cc.PrefabInfo","root":{"__id__":1},"asset":{"__uuid__":"7cnoln3cpMNZnWAe4i/VJd"},"fileId":"e5WkbXdm5CpLW6l3axcWT/"},"_contentSize":{"__type__":"cc.Size","width":103.8,"height":117},"_trs":{"__type__":"TypedArray","ctor":"Float64Array","array":[-113,170,0,0,0,0,1,1,1,1]}},{"__type__":"cc.Node","_name":"shiliu copy","_parent":{"__id__":1},"_components":[{"__type__":"cc.Sprite","node":{"__id__":3},"_spriteFrame":{"__uuid__":"b0BxdcSqFNca9mVxLnA/EO"},"_sizeMode":0},{"__type__":"cc.CircleCollider","node":{"__id__":3},"_offset":{"__type__":"cc.Vec2","y":-15},"_radius":42},{"__type__":"ae625r/YtBJ25oY3QCSGq6M","node":{"__id__":3},"halfItemPrefab":{"__uuid__":"ecmxJDnplMcaU/XUP0hg7o"},"spinePrefab":{"__uuid__":"73HhGIL5hPQJEs5ZLy8U4n"},"sliceItemSpriteFrame":{"__uuid__":"c2rvwbQ4xBpappNU4njhsR"},"pointSpriteFrame":{"__uuid__":"6bj+TqiDhMgZUsAYgI40Qx"}}],"_prefab":{"__type__":"cc.PrefabInfo","root":{"__id__":1},"asset":{"__uuid__":"7cnoln3cpMNZnWAe4i/VJd"},"fileId":"7aJbUWCU1AaJyw9jVsbvY+"},"_contentSize":{"__type__":"cc.Size","width":103.8,"height":117},"_trs":{"__type__":"TypedArray","ctor":"Float64Array","array":[-113,55,0,0,0,0,1,1,1,1]}},{"__type__":"cc.Node","_name":"shiliu copy","_parent":{"__id__":1},"_components":[{"__type__":"cc.Sprite","node":{"__id__":4},"_spriteFrame":{"__uuid__":"b0BxdcSqFNca9mVxLnA/EO"},"_sizeMode":0},{"__type__":"cc.CircleCollider","node":{"__id__":4},"_offset":{"__type__":"cc.Vec2","y":-15},"_radius":42},{"__type__":"ae625r/YtBJ25oY3QCSGq6M","node":{"__id__":4},"halfItemPrefab":{"__uuid__":"ecmxJDnplMcaU/XUP0hg7o"},"spinePrefab":{"__uuid__":"73HhGIL5hPQJEs5ZLy8U4n"},"sliceItemSpriteFrame":{"__uuid__":"c2rvwbQ4xBpappNU4njhsR"},"pointSpriteFrame":{"__uuid__":"6bj+TqiDhMgZUsAYgI40Qx"}}],"_prefab":{"__type__":"cc.PrefabInfo","root":{"__id__":1},"asset":{"__uuid__":"7cnoln3cpMNZnWAe4i/VJd"},"fileId":"a0U8Kp7ddETaX5HMp4yZHo"},"_contentSize":{"__type__":"cc.Size","width":103.8,"height":117},"_trs":{"__type__":"TypedArray","ctor":"Float64Array","array":[-113,-57,0,0,0,0,1,1,1,1]}},{"__type__":"cc.Node","_name":"shiliu copy","_parent":{"__id__":1},"_components":[{"__type__":"cc.Sprite","node":{"__id__":5},"_spriteFrame":{"__uuid__":"b0BxdcSqFNca9mVxLnA/EO"},"_sizeMode":0},{"__type__":"cc.CircleCollider","node":{"__id__":5},"_offset":{"__type__":"cc.Vec2","y":-15},"_radius":42},{"__type__":"ae625r/YtBJ25oY3QCSGq6M","node":{"__id__":5},"halfItemPrefab":{"__uuid__":"ecmxJDnplMcaU/XUP0hg7o"},"spinePrefab":{"__uuid__":"73HhGIL5hPQJEs5ZLy8U4n"},"sliceItemSpriteFrame":{"__uuid__":"c2rvwbQ4xBpappNU4njhsR"},"pointSpriteFrame":{"__uuid__":"6bj+TqiDhMgZUsAYgI40Qx"}}],"_prefab":{"__type__":"cc.PrefabInfo","root":{"__id__":1},"asset":{"__uuid__":"7cnoln3cpMNZnWAe4i/VJd"},"fileId":"d8/N1sPfNKKLagFO5yvQOI"},"_contentSize":{"__type__":"cc.Size","width":103.8,"height":117},"_trs":{"__type__":"TypedArray","ctor":"Float64Array","array":[-113,-167,0,0,0,0,1,1,1,1]}},{"__type__":"cc.Node","_name":"奇异果","_parent":{"__id__":1},"_components":[{"__type__":"cc.Sprite","node":{"__id__":6},"_spriteFrame":{"__uuid__":"dbD2i5M2hEgaOZLLZ/Ye0v"}},{"__type__":"cc.CircleCollider","node":{"__id__":6},"_radius":42},{"__type__":"ae625r/YtBJ25oY3QCSGq6M","node":{"__id__":6},"halfItemPrefab":{"__uuid__":"69+mS1eQVHG7KuLdo+xDvY"},"spinePrefab":{"__uuid__":"35Fu6mEGJC7qDbM0JtrdfN"},"sliceItemSpriteFrame":{"__uuid__":"bbEkI2BO5MeJV4KSu5Lq3N"},"pointSpriteFrame":{"__uuid__":"6bj+TqiDhMgZUsAYgI40Qx"}}],"_prefab":{"__type__":"cc.PrefabInfo","root":{"__id__":1},"asset":{"__uuid__":"7cnoln3cpMNZnWAe4i/VJd"},"fileId":"9dIbjzfNNLR5JL7EGIMXxp"},"_contentSize":{"__type__":"cc.Size","width":77,"height":87},"_trs":{"__type__":"TypedArray","ctor":"Float64Array","array":[100,84,0,0,0,0,1,1,1,1]}},{"__type__":"cc.Node","_name":"奇异果","_parent":{"__id__":1},"_components":[{"__type__":"cc.Sprite","node":{"__id__":7},"_spriteFrame":{"__uuid__":"dbD2i5M2hEgaOZLLZ/Ye0v"}},{"__type__":"cc.CircleCollider","node":{"__id__":7},"_radius":42},{"__type__":"ae625r/YtBJ25oY3QCSGq6M","node":{"__id__":7},"halfItemPrefab":{"__uuid__":"69+mS1eQVHG7KuLdo+xDvY"},"spinePrefab":{"__uuid__":"35Fu6mEGJC7qDbM0JtrdfN"},"sliceItemSpriteFrame":{"__uuid__":"bbEkI2BO5MeJV4KSu5Lq3N"},"pointSpriteFrame":{"__uuid__":"6bj+TqiDhMgZUsAYgI40Qx"}}],"_prefab":{"__type__":"cc.PrefabInfo","root":{"__id__":1},"asset":{"__uuid__":"7cnoln3cpMNZnWAe4i/VJd"},"fileId":"2eO/WHmGJJy7z96UWmvGXY"},"_contentSize":{"__type__":"cc.Size","width":77,"height":87},"_trs":{"__type__":"TypedArray","ctor":"Float64Array","array":[100,-96,0,0,0,0,1,1,1,1]}},{"__type__":"cc.Node","_name":"奇异果","_parent":{"__id__":1},"_components":[{"__type__":"cc.Sprite","node":{"__id__":8},"_spriteFrame":{"__uuid__":"dbD2i5M2hEgaOZLLZ/Ye0v"}},{"__type__":"cc.CircleCollider","node":{"__id__":8},"_radius":42},{"__type__":"ae625r/YtBJ25oY3QCSGq6M","node":{"__id__":8},"halfItemPrefab":{"__uuid__":"69+mS1eQVHG7KuLdo+xDvY"},"spinePrefab":{"__uuid__":"35Fu6mEGJC7qDbM0JtrdfN"},"sliceItemSpriteFrame":{"__uuid__":"bbEkI2BO5MeJV4KSu5Lq3N"},"pointSpriteFrame":{"__uuid__":"6bj+TqiDhMgZUsAYgI40Qx"}}],"_prefab":{"__type__":"cc.PrefabInfo","root":{"__id__":1},"asset":{"__uuid__":"7cnoln3cpMNZnWAe4i/VJd"},"fileId":"40WoA0UwFEP4oG2yHHhibE"},"_contentSize":{"__type__":"cc.Size","width":77,"height":87},"_trs":{"__type__":"TypedArray","ctor":"Float64Array","array":[100,-6,0,0,0,0,1,1,1,1]}},{"__type__":"cc.Node","_name":"奇异果","_parent":{"__id__":1},"_components":[{"__type__":"cc.Sprite","node":{"__id__":9},"_spriteFrame":{"__uuid__":"dbD2i5M2hEgaOZLLZ/Ye0v"}},{"__type__":"cc.CircleCollider","node":{"__id__":9},"_radius":42},{"__type__":"ae625r/YtBJ25oY3QCSGq6M","node":{"__id__":9},"halfItemPrefab":{"__uuid__":"69+mS1eQVHG7KuLdo+xDvY"},"spinePrefab":{"__uuid__":"35Fu6mEGJC7qDbM0JtrdfN"},"sliceItemSpriteFrame":{"__uuid__":"bbEkI2BO5MeJV4KSu5Lq3N"},"pointSpriteFrame":{"__uuid__":"6bj+TqiDhMgZUsAYgI40Qx"}}],"_prefab":{"__type__":"cc.PrefabInfo","root":{"__id__":1},"asset":{"__uuid__":"7cnoln3cpMNZnWAe4i/VJd"},"fileId":"6aWZr4oQNA7aBBtEZuFAKl"},"_contentSize":{"__type__":"cc.Size","width":77,"height":87},"_trs":{"__type__":"TypedArray","ctor":"Float64Array","array":[100,174,0,0,0,0,1,1,1,1]}},{"__type__":"cc.Node","_name":"奇异果 copy","_parent":{"__id__":1},"_components":[{"__type__":"cc.Sprite","node":{"__id__":10},"_spriteFrame":{"__uuid__":"dbD2i5M2hEgaOZLLZ/Ye0v"}},{"__type__":"cc.CircleCollider","node":{"__id__":10},"_radius":42},{"__type__":"ae625r/YtBJ25oY3QCSGq6M","node":{"__id__":10},"halfItemPrefab":{"__uuid__":"69+mS1eQVHG7KuLdo+xDvY"},"spinePrefab":{"__uuid__":"35Fu6mEGJC7qDbM0JtrdfN"},"sliceItemSpriteFrame":{"__uuid__":"bbEkI2BO5MeJV4KSu5Lq3N"},"pointSpriteFrame":{"__uuid__":"6bj+TqiDhMgZUsAYgI40Qx"}}],"_prefab":{"__type__":"cc.PrefabInfo","root":{"__id__":1},"asset":{"__uuid__":"7cnoln3cpMNZnWAe4i/VJd"},"fileId":"9a3+3oTEpCg4uQKI2jOPc0"},"_contentSize":{"__type__":"cc.Size","width":77,"height":87},"_trs":{"__type__":"TypedArray","ctor":"Float64Array","array":[100,-192,0,0,0,0,1,1,1,1]}},{"__type__":"cc.Node","_name":"shanzhu","_parent":{"__id__":1},"_components":[{"__type__":"cc.Sprite","node":{"__id__":11},"_spriteFrame":{"__uuid__":"fbjIOJYeRFere9OnfuOMol"},"_sizeMode":0},{"__type__":"cc.CircleCollider","node":{"__id__":11},"_offset":{"__type__":"cc.Vec2","y":-15},"_radius":42},{"__type__":"ae625r/YtBJ25oY3QCSGq6M","node":{"__id__":11},"halfItemPrefab":{"__uuid__":"eeWA+fOyxJApsj6bNiHHhK"},"spinePrefab":{"__uuid__":"73HhGIL5hPQJEs5ZLy8U4n"},"sliceItemSpriteFrame":{"__uuid__":"c2rvwbQ4xBpappNU4njhsR"},"pointSpriteFrame":{"__uuid__":"6bj+TqiDhMgZUsAYgI40Qx"}}],"_prefab":{"__type__":"cc.PrefabInfo","root":{"__id__":1},"asset":{"__uuid__":"7cnoln3cpMNZnWAe4i/VJd"},"fileId":"27CtEONFJF/LaC4O6v2Bc5"},"_contentSize":{"__type__":"cc.Size","width":101,"height":132},"_trs":{"__type__":"TypedArray","ctor":"Float64Array","array":[7,198,0,0,0,0,1,1,1,1]}},{"__type__":"cc.Node","_name":"shanzhu copy","_parent":{"__id__":1},"_components":[{"__type__":"cc.Sprite","node":{"__id__":12},"_spriteFrame":{"__uuid__":"fbjIOJYeRFere9OnfuOMol"},"_sizeMode":0},{"__type__":"cc.CircleCollider","node":{"__id__":12},"_offset":{"__type__":"cc.Vec2","y":-15},"_radius":42},{"__type__":"ae625r/YtBJ25oY3QCSGq6M","node":{"__id__":12},"halfItemPrefab":{"__uuid__":"eeWA+fOyxJApsj6bNiHHhK"},"spinePrefab":{"__uuid__":"73HhGIL5hPQJEs5ZLy8U4n"},"sliceItemSpriteFrame":{"__uuid__":"c2rvwbQ4xBpappNU4njhsR"},"pointSpriteFrame":{"__uuid__":"6bj+TqiDhMgZUsAYgI40Qx"}}],"_prefab":{"__type__":"cc.PrefabInfo","root":{"__id__":1},"asset":{"__uuid__":"7cnoln3cpMNZnWAe4i/VJd"},"fileId":"e3w+lAEGRP2pKfuIjZy4NW"},"_contentSize":{"__type__":"cc.Size","width":101,"height":132},"_trs":{"__type__":"TypedArray","ctor":"Float64Array","array":[0,65,0,0,0,0,1,1,1,1]}},{"__type__":"cc.Node","_name":"shanzhu copy","_parent":{"__id__":1},"_components":[{"__type__":"cc.Sprite","node":{"__id__":13},"_spriteFrame":{"__uuid__":"fbjIOJYeRFere9OnfuOMol"},"_sizeMode":0},{"__type__":"cc.CircleCollider","node":{"__id__":13},"_offset":{"__type__":"cc.Vec2","y":-15},"_radius":42},{"__type__":"ae625r/YtBJ25oY3QCSGq6M","node":{"__id__":13},"halfItemPrefab":{"__uuid__":"eeWA+fOyxJApsj6bNiHHhK"},"spinePrefab":{"__uuid__":"73HhGIL5hPQJEs5ZLy8U4n"},"sliceItemSpriteFrame":{"__uuid__":"c2rvwbQ4xBpappNU4njhsR"},"pointSpriteFrame":{"__uuid__":"6bj+TqiDhMgZUsAYgI40Qx"}}],"_prefab":{"__type__":"cc.PrefabInfo","root":{"__id__":1},"asset":{"__uuid__":"7cnoln3cpMNZnWAe4i/VJd"},"fileId":"75wW9chGBBcaf58ZjkbuWT"},"_contentSize":{"__type__":"cc.Size","width":101,"height":132},"_trs":{"__type__":"TypedArray","ctor":"Float64Array","array":[0,-69,0,0,0,0,1,1,1,1]}},{"__type__":"cc.Node","_name":"shanzhu copy","_parent":{"__id__":1},"_components":[{"__type__":"cc.Sprite","node":{"__id__":14},"_spriteFrame":{"__uuid__":"fbjIOJYeRFere9OnfuOMol"},"_sizeMode":0},{"__type__":"cc.CircleCollider","node":{"__id__":14},"_offset":{"__type__":"cc.Vec2","y":-15},"_radius":42},{"__type__":"ae625r/YtBJ25oY3QCSGq6M","node":{"__id__":14},"halfItemPrefab":{"__uuid__":"eeWA+fOyxJApsj6bNiHHhK"},"spinePrefab":{"__uuid__":"73HhGIL5hPQJEs5ZLy8U4n"},"sliceItemSpriteFrame":{"__uuid__":"c2rvwbQ4xBpappNU4njhsR"},"pointSpriteFrame":{"__uuid__":"6bj+TqiDhMgZUsAYgI40Qx"}}],"_prefab":{"__type__":"cc.PrefabInfo","root":{"__id__":1},"asset":{"__uuid__":"7cnoln3cpMNZnWAe4i/VJd"},"fileId":"44Rf1OjQFM+qvLxYuV+h/w"},"_contentSize":{"__type__":"cc.Size","width":101,"height":132},"_trs":{"__type__":"TypedArray","ctor":"Float64Array","array":[0,-209,0,0,0,0,1,1,1,1]}}],{"__type__":"cc.SpriteFrame","content":{"name":"shiliu","texture":"57rbY3XIZP0JhTlHrZTmJ3","rect":[0,0,173,195],"offset":[0,0],"originalSize":[173,195],"capInsets":[0,0,0,0]}},{"__type__":"cc.SpriteFrame","content":{"name":"猕猴桃","texture":"13XKgp569FhJQj4f00d1yn","rect":[0,0,138,17],"offset":[0,0],"originalSize":[138,17],"capInsets":[3,0,3,0]}},{"__type__":"cc.SpriteFrame","content":{"name":"Apple","texture":"a8YGMIkX1I2aBTP44e+lCA","rect":[0,0,138,17],"offset":[0,0],"originalSize":[138,17],"capInsets":[3,0,3,0]}},{"__type__":"cc.SpriteFrame","content":{"name":"水果_奇异","texture":"0120jgvhpCH6LDbRCp6GEX","rect":[0,0,77,87],"offset":[0,0],"originalSize":[77,87],"capInsets":[0,0,0,0]}},{"__type__":"cc.SpriteFrame","content":{"name":"shanzhu","texture":"8c2bEfTyZEsqMSHvheN4Uq","rect":[0,0,176,194],"offset":[0,0],"originalSize":[176,194],"capInsets":[0,0,0,0]}}]