[{"__type__":"cc.SpriteFrame","content":{"name":"点","texture":"384YhYzYpKdrjInpCDyQsT","rect":[0,0,16,16],"offset":[0,0],"originalSize":[16,16],"capInsets":[0,0,0,0]}},[{"__type__":"cc.Prefab","_name":"items17","data":{"__id__":1}},{"__type__":"cc.Node","_name":"items17","_children":[{"__id__":2},{"__id__":3},{"__id__":4},{"__id__":5},{"__id__":6},{"__id__":7}],"_components":[{"__type__":"053c2u4k8ZBwroDC3cDQoVF","node":{"__id__":1}}],"_prefab":{"__type__":"cc.PrefabInfo","root":{"__id__":1},"asset":{"__uuid__":"81FMW9TnlMgKo2QbuCkFnR"},"fileId":"a9ILmxhYZI/oGvziqVTqen"},"_trs":{"__type__":"TypedArray","ctor":"Float64Array","array":[0,0,0,0,0,0,1,1,1,1]}},{"__type__":"cc.Node","_name":"西瓜","_parent":{"__id__":1},"_components":[{"__type__":"cc.Sprite","node":{"__id__":2},"_spriteFrame":{"__uuid__":"c6UfOlmbxBWqpqsNWG+JYz"}},{"__type__":"cc.CircleCollider","node":{"__id__":2},"_radius":42},{"__type__":"ae625r/YtBJ25oY3QCSGq6M","node":{"__id__":2},"halfItemPrefab":{"__uuid__":"0eKme+PgJOhalnO+/wK3Wn"},"spinePrefab":{"__uuid__":"3f7mx8vN1BxYMDURZ3eboz"},"sliceItemSpriteFrame":{"__uuid__":"eavmq6keZMsKs/9PAe6eqo"},"pointSpriteFrame":{"__uuid__":"6bj+TqiDhMgZUsAYgI40Qx"}}],"_prefab":{"__type__":"cc.PrefabInfo","root":{"__id__":1},"asset":{"__uuid__":"81FMW9TnlMgKo2QbuCkFnR"},"fileId":"5d6iozO0dM/Z5AEWIYykkc"},"_contentSize":{"__type__":"cc.Size","width":93,"height":97},"_trs":{"__type__":"TypedArray","ctor":"Float64Array","array":[0,104.2,0,0,0,0,1,1,1,1]}},{"__type__":"cc.Node","_name":"西瓜","_parent":{"__id__":1},"_components":[{"__type__":"cc.Sprite","node":{"__id__":3},"_spriteFrame":{"__uuid__":"c6UfOlmbxBWqpqsNWG+JYz"}},{"__type__":"cc.CircleCollider","node":{"__id__":3},"_radius":42},{"__type__":"ae625r/YtBJ25oY3QCSGq6M","node":{"__id__":3},"halfItemPrefab":{"__uuid__":"0eKme+PgJOhalnO+/wK3Wn"},"spinePrefab":{"__uuid__":"3f7mx8vN1BxYMDURZ3eboz"},"sliceItemSpriteFrame":{"__uuid__":"eavmq6keZMsKs/9PAe6eqo"},"pointSpriteFrame":{"__uuid__":"6bj+TqiDhMgZUsAYgI40Qx"}}],"_prefab":{"__type__":"cc.PrefabInfo","root":{"__id__":1},"asset":{"__uuid__":"81FMW9TnlMgKo2QbuCkFnR"},"fileId":"72a6hGLCxDmYvWgIjdI2Gk"},"_contentSize":{"__type__":"cc.Size","width":93,"height":97},"_trs":{"__type__":"TypedArray","ctor":"Float64Array","array":[97.4,-89.6,0,0,0,0,1,1,1,1]}},{"__type__":"cc.Node","_name":"西瓜","_parent":{"__id__":1},"_components":[{"__type__":"cc.Sprite","node":{"__id__":4},"_spriteFrame":{"__uuid__":"c6UfOlmbxBWqpqsNWG+JYz"}},{"__type__":"cc.CircleCollider","node":{"__id__":4},"_radius":42},{"__type__":"ae625r/YtBJ25oY3QCSGq6M","node":{"__id__":4},"halfItemPrefab":{"__uuid__":"0eKme+PgJOhalnO+/wK3Wn"},"spinePrefab":{"__uuid__":"3f7mx8vN1BxYMDURZ3eboz"},"sliceItemSpriteFrame":{"__uuid__":"eavmq6keZMsKs/9PAe6eqo"},"pointSpriteFrame":{"__uuid__":"6bj+TqiDhMgZUsAYgI40Qx"}}],"_prefab":{"__type__":"cc.PrefabInfo","root":{"__id__":1},"asset":{"__uuid__":"81FMW9TnlMgKo2QbuCkFnR"},"fileId":"28nk8j1nxGNZ8OpRu/QZ4a"},"_contentSize":{"__type__":"cc.Size","width":93,"height":97},"_trs":{"__type__":"TypedArray","ctor":"Float64Array","array":[0,-86.6,0,0,0,0,1,1,1,1]}},{"__type__":"cc.Node","_name":"西瓜","_parent":{"__id__":1},"_components":[{"__type__":"cc.Sprite","node":{"__id__":5},"_spriteFrame":{"__uuid__":"c6UfOlmbxBWqpqsNWG+JYz"}},{"__type__":"cc.CircleCollider","node":{"__id__":5},"_radius":42},{"__type__":"ae625r/YtBJ25oY3QCSGq6M","node":{"__id__":5},"halfItemPrefab":{"__uuid__":"0eKme+PgJOhalnO+/wK3Wn"},"spinePrefab":{"__uuid__":"3f7mx8vN1BxYMDURZ3eboz"},"sliceItemSpriteFrame":{"__uuid__":"eavmq6keZMsKs/9PAe6eqo"},"pointSpriteFrame":{"__uuid__":"6bj+TqiDhMgZUsAYgI40Qx"}}],"_prefab":{"__type__":"cc.PrefabInfo","root":{"__id__":1},"asset":{"__uuid__":"81FMW9TnlMgKo2QbuCkFnR"},"fileId":"39ldQd7O5F5YM5Wcj3rEey"},"_contentSize":{"__type__":"cc.Size","width":93,"height":97},"_trs":{"__type__":"TypedArray","ctor":"Float64Array","array":[-99.4,-83.8,0,0,0,0,1,1,1,1]}},{"__type__":"cc.Node","_name":"西瓜","_parent":{"__id__":1},"_components":[{"__type__":"cc.Sprite","node":{"__id__":6},"_spriteFrame":{"__uuid__":"c6UfOlmbxBWqpqsNWG+JYz"}},{"__type__":"cc.CircleCollider","node":{"__id__":6},"_radius":42},{"__type__":"ae625r/YtBJ25oY3QCSGq6M","node":{"__id__":6},"halfItemPrefab":{"__uuid__":"0eKme+PgJOhalnO+/wK3Wn"},"spinePrefab":{"__uuid__":"3f7mx8vN1BxYMDURZ3eboz"},"sliceItemSpriteFrame":{"__uuid__":"eavmq6keZMsKs/9PAe6eqo"},"pointSpriteFrame":{"__uuid__":"6bj+TqiDhMgZUsAYgI40Qx"}}],"_prefab":{"__type__":"cc.PrefabInfo","root":{"__id__":1},"asset":{"__uuid__":"81FMW9TnlMgKo2QbuCkFnR"},"fileId":"3feCflkNNPkYUlUFPTF3Jy"},"_contentSize":{"__type__":"cc.Size","width":93,"height":97},"_trs":{"__type__":"TypedArray","ctor":"Float64Array","array":[-48.7,7.8,0,0,0,0,1,1,1,1]}},{"__type__":"cc.Node","_name":"西瓜","_parent":{"__id__":1},"_components":[{"__type__":"cc.Sprite","node":{"__id__":7},"_spriteFrame":{"__uuid__":"c6UfOlmbxBWqpqsNWG+JYz"}},{"__type__":"cc.CircleCollider","node":{"__id__":7},"_radius":42},{"__type__":"ae625r/YtBJ25oY3QCSGq6M","node":{"__id__":7},"halfItemPrefab":{"__uuid__":"0eKme+PgJOhalnO+/wK3Wn"},"spinePrefab":{"__uuid__":"3f7mx8vN1BxYMDURZ3eboz"},"sliceItemSpriteFrame":{"__uuid__":"eavmq6keZMsKs/9PAe6eqo"},"pointSpriteFrame":{"__uuid__":"6bj+TqiDhMgZUsAYgI40Qx"}}],"_prefab":{"__type__":"cc.PrefabInfo","root":{"__id__":1},"asset":{"__uuid__":"81FMW9TnlMgKo2QbuCkFnR"},"fileId":"5cGufztfFE84S2KU7fb9Zu"},"_contentSize":{"__type__":"cc.Size","width":93,"height":97},"_trs":{"__type__":"TypedArray","ctor":"Float64Array","array":[60.4,6.8,0,0,0,0,1,1,1,1]}}],{"__type__":"cc.SpriteFrame","content":{"name":"watermelon","texture":"afB503DTlOAIzoBqfw05j/","rect":[0,0,93,97],"offset":[0,0],"originalSize":[93,97],"capInsets":[0,0,0,0]}},{"__type__":"cc.SpriteFrame","content":{"name":"xigua","texture":"90H6phwRZK4YrHAw02hMFH","rect":[0,0,138,17],"offset":[0,0],"originalSize":[138,17],"capInsets":[0,0,0,0]}}]