[[{"__type__":"cc.Prefab","_name":"一半_草莓","data":{"__id__":1}},{"__type__":"cc.Node","_name":"一半_草莓","_children":[{"__id__":2},{"__id__":3}],"_prefab":{"__type__":"cc.PrefabInfo","root":{"__id__":1},"asset":{"__uuid__":"84c1Vb2JZK4roDhVXKCbtD"},"fileId":"3cw1H/OwtJIJhS+02W35Ja"},"_trs":{"__type__":"TypedArray","ctor":"Float64Array","array":[0,0,0,0,0,0,1,1,1,1]},"_zIndex":0},{"__type__":"cc.Node","_name":"一半_草莓","_parent":{"__id__":1},"_components":[{"__type__":"cc.Sprite","node":{"__id__":2},"_spriteFrame":{"__uuid__":"ddygOOdDhAO76guQmXou2/"},"_sizeMode":0},{"__type__":"cc.RigidBody","node":{"__id__":2},"_linearVelocity":{"__type__":"cc.Vec2","x":-80,"y":80},"_angularVelocity":-360}],"_prefab":{"__type__":"cc.PrefabInfo","root":{"__id__":1},"asset":{"__uuid__":"84c1Vb2JZK4roDhVXKCbtD"},"fileId":"d8N6hXsk9Ob6VxWO/LfJWN"},"_contentSize":{"__type__":"cc.Size","width":87,"height":106},"_trs":{"__type__":"TypedArray","ctor":"Float64Array","array":[-35,0,0,0,0,0,1,1,1,1]},"_eulerAngles":{"__type__":"cc.Vec3","z":40},"_zIndex":0},{"__type__":"cc.Node","_name":"一半_草莓","_parent":{"__id__":1},"_components":[{"__type__":"cc.Sprite","node":{"__id__":3},"_spriteFrame":{"__uuid__":"ddygOOdDhAO76guQmXou2/"},"_sizeMode":0},{"__type__":"cc.RigidBody","node":{"__id__":3},"_linearVelocity":{"__type__":"cc.Vec2","x":80,"y":80},"_angularVelocity":360}],"_prefab":{"__type__":"cc.PrefabInfo","root":{"__id__":1},"asset":{"__uuid__":"84c1Vb2JZK4roDhVXKCbtD"},"fileId":"efQnh/ZrxNh5X/7lddOTBk"},"_contentSize":{"__type__":"cc.Size","width":-87,"height":106},"_trs":{"__type__":"TypedArray","ctor":"Float64Array","array":[35,0,0,0,0,0,1,1,1,1]},"_eulerAngles":{"__type__":"cc.Vec3","z":-40},"_zIndex":0}],{"__type__":"cc.SpriteFrame","content":{"name":"一半_草莓","texture":"22lZkUd3pPmJtAyigWY8xN","rect":[0,0,86,106],"offset":[-0.5,0],"originalSize":[87,106],"capInsets":[0,0,0,0]}}]