[{"__type__":"cc.SpriteFrame","content":{"name":"juzi","texture":"25NCTSQrZC3IqzpzKlomBn","rect":[0,0,91,92],"offset":[0,0],"originalSize":[91,92],"capInsets":[0,0,0,0]}},[{"__type__":"cc.Prefab","_name":"items12","data":{"__id__":1}},{"__type__":"cc.Node","_name":"items12","_children":[{"__id__":2},{"__id__":3},{"__id__":4},{"__id__":5},{"__id__":6},{"__id__":7},{"__id__":8},{"__id__":9},{"__id__":10},{"__id__":11},{"__id__":12},{"__id__":13},{"__id__":14}],"_components":[{"__type__":"053c2u4k8ZBwroDC3cDQoVF","node":{"__id__":1}}],"_prefab":{"__type__":"cc.PrefabInfo","root":{"__id__":1},"asset":{"__uuid__":"619b5b0bVLB6s8OV7F8yzV"},"fileId":"2aBkY0f15NaKZ7JPL8ZJzL"},"_trs":{"__type__":"TypedArray","ctor":"Float64Array","array":[0,0,0,0,0,0,1,1,1,1]}},{"__type__":"cc.Node","_name":"苹果","_parent":{"__id__":1},"_components":[{"__type__":"cc.Sprite","node":{"__id__":2},"_spriteFrame":{"__uuid__":"91Ru8hwBRCLa49qw3dwFEy"}},{"__type__":"cc.CircleCollider","node":{"__id__":2},"_radius":42},{"__type__":"ae625r/YtBJ25oY3QCSGq6M","node":{"__id__":2},"halfItemPrefab":{"__uuid__":"cf7q/ZQ3ZCFrnZb/+rHlY2"},"spinePrefab":{"__uuid__":"8cv8yPSxpO96zY8VNM4NOq"},"sliceItemSpriteFrame":{"__uuid__":"c2rvwbQ4xBpappNU4njhsR"},"pointSpriteFrame":{"__uuid__":"6bj+TqiDhMgZUsAYgI40Qx"}}],"_prefab":{"__type__":"cc.PrefabInfo","root":{"__id__":1},"asset":{"__uuid__":"619b5b0bVLB6s8OV7F8yzV"},"fileId":"25DSVjSUZKgr4cjJgXUF/1"},"_contentSize":{"__type__":"cc.Size","width":91,"height":90},"_trs":{"__type__":"TypedArray","ctor":"Float64Array","array":[96,186,0,0,0,0,1,1,1,1]}},{"__type__":"cc.Node","_name":"橘子","_parent":{"__id__":1},"_components":[{"__type__":"cc.Sprite","node":{"__id__":3},"_spriteFrame":{"__uuid__":"4fkOSkA71A5ptbFOoPOQEl"}},{"__type__":"cc.CircleCollider","node":{"__id__":3},"_radius":42},{"__type__":"ae625r/YtBJ25oY3QCSGq6M","node":{"__id__":3},"halfItemPrefab":{"__uuid__":"6a+DADPB5KH76TG/xRtVuN"},"spinePrefab":{"__uuid__":"e77lR/lWNPpL/zcU2TGFdU"},"sliceItemSpriteFrame":{"__uuid__":"fbrTryQ+dAYZt4JQSUWX5l"},"pointSpriteFrame":{"__uuid__":"6bj+TqiDhMgZUsAYgI40Qx"}}],"_prefab":{"__type__":"cc.PrefabInfo","root":{"__id__":1},"asset":{"__uuid__":"619b5b0bVLB6s8OV7F8yzV"},"fileId":"06vH2dIKdCZZGdHctpK6f4"},"_contentSize":{"__type__":"cc.Size","width":91,"height":92},"_trs":{"__type__":"TypedArray","ctor":"Float64Array","array":[0,0,0,0,0,0,1,1,1,1]}},{"__type__":"cc.Node","_name":"橘子","_parent":{"__id__":1},"_components":[{"__type__":"cc.Sprite","node":{"__id__":4},"_spriteFrame":{"__uuid__":"4fkOSkA71A5ptbFOoPOQEl"}},{"__type__":"cc.CircleCollider","node":{"__id__":4},"_radius":42},{"__type__":"ae625r/YtBJ25oY3QCSGq6M","node":{"__id__":4},"halfItemPrefab":{"__uuid__":"6a+DADPB5KH76TG/xRtVuN"},"spinePrefab":{"__uuid__":"e77lR/lWNPpL/zcU2TGFdU"},"sliceItemSpriteFrame":{"__uuid__":"fbrTryQ+dAYZt4JQSUWX5l"},"pointSpriteFrame":{"__uuid__":"6bj+TqiDhMgZUsAYgI40Qx"}}],"_prefab":{"__type__":"cc.PrefabInfo","root":{"__id__":1},"asset":{"__uuid__":"619b5b0bVLB6s8OV7F8yzV"},"fileId":"aea4xBVG9Gepz8X4PU5I5F"},"_contentSize":{"__type__":"cc.Size","width":91,"height":92},"_trs":{"__type__":"TypedArray","ctor":"Float64Array","array":[0,186,0,0,0,0,1,1,1,1]}},{"__type__":"cc.Node","_name":"橘子","_parent":{"__id__":1},"_components":[{"__type__":"cc.Sprite","node":{"__id__":5},"_spriteFrame":{"__uuid__":"4fkOSkA71A5ptbFOoPOQEl"}},{"__type__":"cc.CircleCollider","node":{"__id__":5},"_radius":42},{"__type__":"ae625r/YtBJ25oY3QCSGq6M","node":{"__id__":5},"halfItemPrefab":{"__uuid__":"6a+DADPB5KH76TG/xRtVuN"},"spinePrefab":{"__uuid__":"e77lR/lWNPpL/zcU2TGFdU"},"sliceItemSpriteFrame":{"__uuid__":"fbrTryQ+dAYZt4JQSUWX5l"},"pointSpriteFrame":{"__uuid__":"6bj+TqiDhMgZUsAYgI40Qx"}}],"_prefab":{"__type__":"cc.PrefabInfo","root":{"__id__":1},"asset":{"__uuid__":"619b5b0bVLB6s8OV7F8yzV"},"fileId":"c2HxBLwU1EDrDjTdgOsGQR"},"_contentSize":{"__type__":"cc.Size","width":91,"height":92},"_trs":{"__type__":"TypedArray","ctor":"Float64Array","array":[0,98,0,0,0,0,1,1,1,1]}},{"__type__":"cc.Node","_name":"苹果","_parent":{"__id__":1},"_components":[{"__type__":"cc.Sprite","node":{"__id__":6},"_spriteFrame":{"__uuid__":"91Ru8hwBRCLa49qw3dwFEy"}},{"__type__":"cc.CircleCollider","node":{"__id__":6},"_radius":42},{"__type__":"ae625r/YtBJ25oY3QCSGq6M","node":{"__id__":6},"halfItemPrefab":{"__uuid__":"cf7q/ZQ3ZCFrnZb/+rHlY2"},"spinePrefab":{"__uuid__":"8cv8yPSxpO96zY8VNM4NOq"},"sliceItemSpriteFrame":{"__uuid__":"c2rvwbQ4xBpappNU4njhsR"},"pointSpriteFrame":{"__uuid__":"6bj+TqiDhMgZUsAYgI40Qx"}}],"_prefab":{"__type__":"cc.PrefabInfo","root":{"__id__":1},"asset":{"__uuid__":"619b5b0bVLB6s8OV7F8yzV"},"fileId":"c3B4sfOdZC2YYxdydUyOUv"},"_contentSize":{"__type__":"cc.Size","width":91,"height":90},"_trs":{"__type__":"TypedArray","ctor":"Float64Array","array":[188,186,0,0,0,0,1,1,1,1]}},{"__type__":"cc.Node","_name":"苹果","_parent":{"__id__":1},"_components":[{"__type__":"cc.Sprite","node":{"__id__":7},"_spriteFrame":{"__uuid__":"91Ru8hwBRCLa49qw3dwFEy"}},{"__type__":"cc.CircleCollider","node":{"__id__":7},"_radius":42},{"__type__":"ae625r/YtBJ25oY3QCSGq6M","node":{"__id__":7},"halfItemPrefab":{"__uuid__":"cf7q/ZQ3ZCFrnZb/+rHlY2"},"spinePrefab":{"__uuid__":"8cv8yPSxpO96zY8VNM4NOq"},"sliceItemSpriteFrame":{"__uuid__":"c2rvwbQ4xBpappNU4njhsR"},"pointSpriteFrame":{"__uuid__":"6bj+TqiDhMgZUsAYgI40Qx"}}],"_prefab":{"__type__":"cc.PrefabInfo","root":{"__id__":1},"asset":{"__uuid__":"619b5b0bVLB6s8OV7F8yzV"},"fileId":"34haDIOxFJrZU+IUEfzff4"},"_contentSize":{"__type__":"cc.Size","width":91,"height":90},"_trs":{"__type__":"TypedArray","ctor":"Float64Array","array":[188,94,0,0,0,0,1,1,1,1]}},{"__type__":"cc.Node","_name":"苹果","_parent":{"__id__":1},"_components":[{"__type__":"cc.Sprite","node":{"__id__":8},"_spriteFrame":{"__uuid__":"91Ru8hwBRCLa49qw3dwFEy"}},{"__type__":"cc.CircleCollider","node":{"__id__":8},"_radius":42},{"__type__":"ae625r/YtBJ25oY3QCSGq6M","node":{"__id__":8},"halfItemPrefab":{"__uuid__":"cf7q/ZQ3ZCFrnZb/+rHlY2"},"spinePrefab":{"__uuid__":"8cv8yPSxpO96zY8VNM4NOq"},"sliceItemSpriteFrame":{"__uuid__":"c2rvwbQ4xBpappNU4njhsR"},"pointSpriteFrame":{"__uuid__":"6bj+TqiDhMgZUsAYgI40Qx"}}],"_prefab":{"__type__":"cc.PrefabInfo","root":{"__id__":1},"asset":{"__uuid__":"619b5b0bVLB6s8OV7F8yzV"},"fileId":"b4RqOhxiFN1pcW4p86VHY6"},"_contentSize":{"__type__":"cc.Size","width":91,"height":90},"_trs":{"__type__":"TypedArray","ctor":"Float64Array","array":[188,2,0,0,0,0,1,1,1,1]}},{"__type__":"cc.Node","_name":"苹果","_parent":{"__id__":1},"_components":[{"__type__":"cc.Sprite","node":{"__id__":9},"_spriteFrame":{"__uuid__":"91Ru8hwBRCLa49qw3dwFEy"}},{"__type__":"cc.CircleCollider","node":{"__id__":9},"_radius":42},{"__type__":"ae625r/YtBJ25oY3QCSGq6M","node":{"__id__":9},"halfItemPrefab":{"__uuid__":"cf7q/ZQ3ZCFrnZb/+rHlY2"},"spinePrefab":{"__uuid__":"8cv8yPSxpO96zY8VNM4NOq"},"sliceItemSpriteFrame":{"__uuid__":"c2rvwbQ4xBpappNU4njhsR"},"pointSpriteFrame":{"__uuid__":"6bj+TqiDhMgZUsAYgI40Qx"}}],"_prefab":{"__type__":"cc.PrefabInfo","root":{"__id__":1},"asset":{"__uuid__":"619b5b0bVLB6s8OV7F8yzV"},"fileId":"9dJzATKEdPb6bIVhg3BDsu"},"_contentSize":{"__type__":"cc.Size","width":91,"height":90},"_trs":{"__type__":"TypedArray","ctor":"Float64Array","array":[93,2,0,0,0,0,1,1,1,1]}},{"__type__":"cc.Node","_name":"橘子","_parent":{"__id__":1},"_components":[{"__type__":"cc.Sprite","node":{"__id__":10},"_spriteFrame":{"__uuid__":"4fkOSkA71A5ptbFOoPOQEl"}},{"__type__":"cc.CircleCollider","node":{"__id__":10},"_radius":42},{"__type__":"ae625r/YtBJ25oY3QCSGq6M","node":{"__id__":10},"halfItemPrefab":{"__uuid__":"6a+DADPB5KH76TG/xRtVuN"},"spinePrefab":{"__uuid__":"e77lR/lWNPpL/zcU2TGFdU"},"sliceItemSpriteFrame":{"__uuid__":"fbrTryQ+dAYZt4JQSUWX5l"},"pointSpriteFrame":{"__uuid__":"6bj+TqiDhMgZUsAYgI40Qx"}}],"_prefab":{"__type__":"cc.PrefabInfo","root":{"__id__":1},"asset":{"__uuid__":"619b5b0bVLB6s8OV7F8yzV"},"fileId":"97IZNS1r1K76Gd7rXRY6fF"},"_contentSize":{"__type__":"cc.Size","width":91,"height":92},"_trs":{"__type__":"TypedArray","ctor":"Float64Array","array":[0,-98,0,0,0,0,1,1,1,1]}},{"__type__":"cc.Node","_name":"橘子","_parent":{"__id__":1},"_components":[{"__type__":"cc.Sprite","node":{"__id__":11},"_spriteFrame":{"__uuid__":"4fkOSkA71A5ptbFOoPOQEl"}},{"__type__":"cc.CircleCollider","node":{"__id__":11},"_radius":42},{"__type__":"ae625r/YtBJ25oY3QCSGq6M","node":{"__id__":11},"halfItemPrefab":{"__uuid__":"6a+DADPB5KH76TG/xRtVuN"},"spinePrefab":{"__uuid__":"e77lR/lWNPpL/zcU2TGFdU"},"sliceItemSpriteFrame":{"__uuid__":"fbrTryQ+dAYZt4JQSUWX5l"},"pointSpriteFrame":{"__uuid__":"6bj+TqiDhMgZUsAYgI40Qx"}}],"_prefab":{"__type__":"cc.PrefabInfo","root":{"__id__":1},"asset":{"__uuid__":"619b5b0bVLB6s8OV7F8yzV"},"fileId":"b3WKF71q1MqJ8biqKIBv6E"},"_contentSize":{"__type__":"cc.Size","width":91,"height":92},"_trs":{"__type__":"TypedArray","ctor":"Float64Array","array":[0,-210,0,0,0,0,1,1,1,1]}},{"__type__":"cc.Node","_name":"苹果","_parent":{"__id__":1},"_components":[{"__type__":"cc.Sprite","node":{"__id__":12},"_spriteFrame":{"__uuid__":"91Ru8hwBRCLa49qw3dwFEy"}},{"__type__":"cc.CircleCollider","node":{"__id__":12},"_radius":42},{"__type__":"ae625r/YtBJ25oY3QCSGq6M","node":{"__id__":12},"halfItemPrefab":{"__uuid__":"cf7q/ZQ3ZCFrnZb/+rHlY2"},"spinePrefab":{"__uuid__":"8cv8yPSxpO96zY8VNM4NOq"},"sliceItemSpriteFrame":{"__uuid__":"c2rvwbQ4xBpappNU4njhsR"},"pointSpriteFrame":{"__uuid__":"6bj+TqiDhMgZUsAYgI40Qx"}}],"_prefab":{"__type__":"cc.PrefabInfo","root":{"__id__":1},"asset":{"__uuid__":"619b5b0bVLB6s8OV7F8yzV"},"fileId":"4a2qzHPUVNYp89MWY0TNkn"},"_contentSize":{"__type__":"cc.Size","width":91,"height":90},"_trs":{"__type__":"TypedArray","ctor":"Float64Array","array":[93,-217,0,0,0,0,1,1,1,1]}},{"__type__":"cc.Node","_name":"苹果","_parent":{"__id__":1},"_components":[{"__type__":"cc.Sprite","node":{"__id__":13},"_spriteFrame":{"__uuid__":"91Ru8hwBRCLa49qw3dwFEy"}},{"__type__":"cc.CircleCollider","node":{"__id__":13},"_radius":42},{"__type__":"ae625r/YtBJ25oY3QCSGq6M","node":{"__id__":13},"halfItemPrefab":{"__uuid__":"cf7q/ZQ3ZCFrnZb/+rHlY2"},"spinePrefab":{"__uuid__":"8cv8yPSxpO96zY8VNM4NOq"},"sliceItemSpriteFrame":{"__uuid__":"c2rvwbQ4xBpappNU4njhsR"},"pointSpriteFrame":{"__uuid__":"6bj+TqiDhMgZUsAYgI40Qx"}}],"_prefab":{"__type__":"cc.PrefabInfo","root":{"__id__":1},"asset":{"__uuid__":"619b5b0bVLB6s8OV7F8yzV"},"fileId":"09Oxr91SNF2bsciqOpZKSc"},"_contentSize":{"__type__":"cc.Size","width":91,"height":90},"_trs":{"__type__":"TypedArray","ctor":"Float64Array","array":[189,-217,0,0,0,0,1,1,1,1]}},{"__type__":"cc.Node","_name":"苹果","_parent":{"__id__":1},"_components":[{"__type__":"cc.Sprite","node":{"__id__":14},"_spriteFrame":{"__uuid__":"91Ru8hwBRCLa49qw3dwFEy"}},{"__type__":"cc.CircleCollider","node":{"__id__":14},"_radius":42},{"__type__":"ae625r/YtBJ25oY3QCSGq6M","node":{"__id__":14},"halfItemPrefab":{"__uuid__":"cf7q/ZQ3ZCFrnZb/+rHlY2"},"spinePrefab":{"__uuid__":"8cv8yPSxpO96zY8VNM4NOq"},"sliceItemSpriteFrame":{"__uuid__":"c2rvwbQ4xBpappNU4njhsR"},"pointSpriteFrame":{"__uuid__":"6bj+TqiDhMgZUsAYgI40Qx"}}],"_prefab":{"__type__":"cc.PrefabInfo","root":{"__id__":1},"asset":{"__uuid__":"619b5b0bVLB6s8OV7F8yzV"},"fileId":"29qXM71VdOLKmkSYSCQgDY"},"_contentSize":{"__type__":"cc.Size","width":91,"height":90},"_trs":{"__type__":"TypedArray","ctor":"Float64Array","array":[189,-114,0,0,0,0,1,1,1,1]}}],{"__type__":"cc.SpriteFrame","content":{"name":"点","texture":"384YhYzYpKdrjInpCDyQsT","rect":[0,0,16,16],"offset":[0,0],"originalSize":[16,16],"capInsets":[0,0,0,0]}},{"__type__":"cc.SpriteFrame","content":{"name":"apple","texture":"f9u6MgI4FPK7XZxI51d0LU","rect":[0,0,91,90],"offset":[0,0],"originalSize":[91,90],"capInsets":[0,0,0,0]}},{"__type__":"cc.SpriteFrame","content":{"name":"Apple","texture":"a8YGMIkX1I2aBTP44e+lCA","rect":[0,0,138,17],"offset":[0,0],"originalSize":[138,17],"capInsets":[3,0,3,0]}},{"__type__":"cc.SpriteFrame","content":{"name":"boluo","texture":"54Njr8HqlMXaZygzLtbnPg","rect":[0,0,138,17],"offset":[0,0],"originalSize":[138,17],"capInsets":[3,0,3,0]}}]