[{"__type__":"cc.SpriteFrame","content":{"name":"点","texture":"384YhYzYpKdrjInpCDyQsT","rect":[0,0,16,16],"offset":[0,0],"originalSize":[16,16],"capInsets":[0,0,0,0]}},{"__type__":"cc.SpriteFrame","content":{"name":"Apple","texture":"a8YGMIkX1I2aBTP44e+lCA","rect":[0,0,138,17],"offset":[0,0],"originalSize":[138,17],"capInsets":[3,0,3,0]}},[{"__type__":"cc.Prefab","_name":"items39","data":{"__id__":1}},{"__type__":"cc.Node","_name":"items39","_children":[{"__id__":2},{"__id__":3},{"__id__":4},{"__id__":5},{"__id__":6}],"_components":[{"__type__":"053c2u4k8ZBwroDC3cDQoVF","node":{"__id__":1}}],"_prefab":{"__type__":"cc.PrefabInfo","root":{"__id__":1},"asset":{"__uuid__":"f0MNwbMc5CYppgpjuEcb6E"},"fileId":"f777u8Yh1IwpZRHUU2JAnF"},"_trs":{"__type__":"TypedArray","ctor":"Float64Array","array":[0,0,0,0,0,0,1,1,1,1]}},{"__type__":"cc.Node","_name":"shanzhu","_parent":{"__id__":1},"_components":[{"__type__":"cc.Sprite","node":{"__id__":2},"_spriteFrame":{"__uuid__":"fbjIOJYeRFere9OnfuOMol"},"_sizeMode":0},{"__type__":"cc.CircleCollider","node":{"__id__":2},"_offset":{"__type__":"cc.Vec2","y":-15},"_radius":42},{"__type__":"ae625r/YtBJ25oY3QCSGq6M","node":{"__id__":2},"halfItemPrefab":{"__uuid__":"eeWA+fOyxJApsj6bNiHHhK"},"spinePrefab":{"__uuid__":"73HhGIL5hPQJEs5ZLy8U4n"},"sliceItemSpriteFrame":{"__uuid__":"c2rvwbQ4xBpappNU4njhsR"},"pointSpriteFrame":{"__uuid__":"6bj+TqiDhMgZUsAYgI40Qx"}}],"_prefab":{"__type__":"cc.PrefabInfo","root":{"__id__":1},"asset":{"__uuid__":"f0MNwbMc5CYppgpjuEcb6E"},"fileId":"ec+XTmcQpNdred8W4n/eSF"},"_contentSize":{"__type__":"cc.Size","width":101,"height":132},"_trs":{"__type__":"TypedArray","ctor":"Float64Array","array":[0,9.1,0,0,0,0,1,1,1,1]}},{"__type__":"cc.Node","_name":"shanzhu copy","_parent":{"__id__":1},"_components":[{"__type__":"cc.Sprite","node":{"__id__":3},"_spriteFrame":{"__uuid__":"fbjIOJYeRFere9OnfuOMol"},"_sizeMode":0},{"__type__":"cc.CircleCollider","node":{"__id__":3},"_offset":{"__type__":"cc.Vec2","y":-15},"_radius":42},{"__type__":"ae625r/YtBJ25oY3QCSGq6M","node":{"__id__":3},"halfItemPrefab":{"__uuid__":"eeWA+fOyxJApsj6bNiHHhK"},"spinePrefab":{"__uuid__":"73HhGIL5hPQJEs5ZLy8U4n"},"sliceItemSpriteFrame":{"__uuid__":"c2rvwbQ4xBpappNU4njhsR"},"pointSpriteFrame":{"__uuid__":"6bj+TqiDhMgZUsAYgI40Qx"}}],"_prefab":{"__type__":"cc.PrefabInfo","root":{"__id__":1},"asset":{"__uuid__":"f0MNwbMc5CYppgpjuEcb6E"},"fileId":"deAUxdMt5PlbBRnBJBLUwP"},"_contentSize":{"__type__":"cc.Size","width":101,"height":132},"_trs":{"__type__":"TypedArray","ctor":"Float64Array","array":[0,157,0,0,0,0,1,1,1,1]}},{"__type__":"cc.Node","_name":"shanzhu copy","_parent":{"__id__":1},"_components":[{"__type__":"cc.Sprite","node":{"__id__":4},"_spriteFrame":{"__uuid__":"fbjIOJYeRFere9OnfuOMol"},"_sizeMode":0},{"__type__":"cc.CircleCollider","node":{"__id__":4},"_offset":{"__type__":"cc.Vec2","y":-15},"_radius":42},{"__type__":"ae625r/YtBJ25oY3QCSGq6M","node":{"__id__":4},"halfItemPrefab":{"__uuid__":"eeWA+fOyxJApsj6bNiHHhK"},"spinePrefab":{"__uuid__":"73HhGIL5hPQJEs5ZLy8U4n"},"sliceItemSpriteFrame":{"__uuid__":"c2rvwbQ4xBpappNU4njhsR"},"pointSpriteFrame":{"__uuid__":"6bj+TqiDhMgZUsAYgI40Qx"}}],"_prefab":{"__type__":"cc.PrefabInfo","root":{"__id__":1},"asset":{"__uuid__":"f0MNwbMc5CYppgpjuEcb6E"},"fileId":"baWYh5DSxGw5wI6K9l+xh9"},"_contentSize":{"__type__":"cc.Size","width":101,"height":132},"_trs":{"__type__":"TypedArray","ctor":"Float64Array","array":[-151,13,0,0,0,0,1,1,1,1]}},{"__type__":"cc.Node","_name":"shanzhu copy","_parent":{"__id__":1},"_components":[{"__type__":"cc.Sprite","node":{"__id__":5},"_spriteFrame":{"__uuid__":"fbjIOJYeRFere9OnfuOMol"},"_sizeMode":0},{"__type__":"cc.CircleCollider","node":{"__id__":5},"_offset":{"__type__":"cc.Vec2","y":-15},"_radius":42},{"__type__":"ae625r/YtBJ25oY3QCSGq6M","node":{"__id__":5},"halfItemPrefab":{"__uuid__":"eeWA+fOyxJApsj6bNiHHhK"},"spinePrefab":{"__uuid__":"73HhGIL5hPQJEs5ZLy8U4n"},"sliceItemSpriteFrame":{"__uuid__":"c2rvwbQ4xBpappNU4njhsR"},"pointSpriteFrame":{"__uuid__":"6bj+TqiDhMgZUsAYgI40Qx"}}],"_prefab":{"__type__":"cc.PrefabInfo","root":{"__id__":1},"asset":{"__uuid__":"f0MNwbMc5CYppgpjuEcb6E"},"fileId":"e028CRm3lJ2pM3Dtxv/bFW"},"_contentSize":{"__type__":"cc.Size","width":101,"height":132},"_trs":{"__type__":"TypedArray","ctor":"Float64Array","array":[153,15,0,0,0,0,1,1,1,1]}},{"__type__":"cc.Node","_name":"shanzhu copy","_parent":{"__id__":1},"_components":[{"__type__":"cc.Sprite","node":{"__id__":6},"_spriteFrame":{"__uuid__":"fbjIOJYeRFere9OnfuOMol"},"_sizeMode":0},{"__type__":"cc.CircleCollider","node":{"__id__":6},"_offset":{"__type__":"cc.Vec2","y":-15},"_radius":42},{"__type__":"ae625r/YtBJ25oY3QCSGq6M","node":{"__id__":6},"halfItemPrefab":{"__uuid__":"eeWA+fOyxJApsj6bNiHHhK"},"spinePrefab":{"__uuid__":"73HhGIL5hPQJEs5ZLy8U4n"},"sliceItemSpriteFrame":{"__uuid__":"c2rvwbQ4xBpappNU4njhsR"},"pointSpriteFrame":{"__uuid__":"6bj+TqiDhMgZUsAYgI40Qx"}}],"_prefab":{"__type__":"cc.PrefabInfo","root":{"__id__":1},"asset":{"__uuid__":"f0MNwbMc5CYppgpjuEcb6E"},"fileId":"d7g+jPqkJGOrn+1/O4yQKF"},"_contentSize":{"__type__":"cc.Size","width":101,"height":132},"_trs":{"__type__":"TypedArray","ctor":"Float64Array","array":[0,-133,0,0,0,0,1,1,1,1]}}],{"__type__":"cc.SpriteFrame","content":{"name":"shanzhu","texture":"8c2bEfTyZEsqMSHvheN4Uq","rect":[0,0,176,194],"offset":[0,0],"originalSize":[176,194],"capInsets":[0,0,0,0]}}]