[[{"__type__":"cc.Prefab","_name":"items43","data":{"__id__":1}},{"__type__":"cc.Node","_name":"items43","_children":[{"__id__":2},{"__id__":3},{"__id__":4},{"__id__":5},{"__id__":6},{"__id__":7},{"__id__":8},{"__id__":9},{"__id__":10}],"_components":[{"__type__":"053c2u4k8ZBwroDC3cDQoVF","node":{"__id__":1}}],"_prefab":{"__type__":"cc.PrefabInfo","root":{"__id__":1},"asset":{"__uuid__":"051URWJlZCU7j7crwSJ8Kz"},"fileId":"6489rTjOBJlbE0STLgkm1v"},"_trs":{"__type__":"TypedArray","ctor":"Float64Array","array":[0,0,0,0,0,0,1,1,1,1]}},{"__type__":"cc.Node","_name":"yangtao","_parent":{"__id__":1},"_components":[{"__type__":"cc.Sprite","node":{"__id__":2},"_spriteFrame":{"__uuid__":"448v9CvmxCCaMvLWt9/xDO"},"_sizeMode":0},{"__type__":"cc.CircleCollider","node":{"__id__":2},"_radius":42},{"__type__":"ae625r/YtBJ25oY3QCSGq6M","node":{"__id__":2},"halfItemPrefab":{"__uuid__":"21j2YaJi5E25ImtBCQgnyr"},"spinePrefab":{"__uuid__":"8cv8yPSxpO96zY8VNM4NOq"},"sliceItemSpriteFrame":{"__uuid__":"c2rvwbQ4xBpappNU4njhsR"},"pointSpriteFrame":{"__uuid__":"6bj+TqiDhMgZUsAYgI40Qx"}}],"_prefab":{"__type__":"cc.PrefabInfo","root":{"__id__":1},"asset":{"__uuid__":"051URWJlZCU7j7crwSJ8Kz"},"fileId":"17VfCnL91G+aJPTcHHseBE"},"_contentSize":{"__type__":"cc.Size","width":111.5,"height":71},"_trs":{"__type__":"TypedArray","ctor":"Float64Array","array":[0,0,0,0,0,0,1,1,1,1]}},{"__type__":"cc.Node","_name":"yangtao copy","_parent":{"__id__":1},"_components":[{"__type__":"cc.Sprite","node":{"__id__":3},"_spriteFrame":{"__uuid__":"448v9CvmxCCaMvLWt9/xDO"},"_sizeMode":0},{"__type__":"cc.CircleCollider","node":{"__id__":3},"_radius":42},{"__type__":"ae625r/YtBJ25oY3QCSGq6M","node":{"__id__":3},"halfItemPrefab":{"__uuid__":"21j2YaJi5E25ImtBCQgnyr"},"spinePrefab":{"__uuid__":"8cv8yPSxpO96zY8VNM4NOq"},"sliceItemSpriteFrame":{"__uuid__":"c2rvwbQ4xBpappNU4njhsR"},"pointSpriteFrame":{"__uuid__":"6bj+TqiDhMgZUsAYgI40Qx"}}],"_prefab":{"__type__":"cc.PrefabInfo","root":{"__id__":1},"asset":{"__uuid__":"051URWJlZCU7j7crwSJ8Kz"},"fileId":"3e3/MyWupN6KaFxBE8jT4v"},"_contentSize":{"__type__":"cc.Size","width":111.5,"height":71},"_trs":{"__type__":"TypedArray","ctor":"Float64Array","array":[120,-150,0,0,0,0,1,1,1,1]}},{"__type__":"cc.Node","_name":"yangtao copy","_parent":{"__id__":1},"_components":[{"__type__":"cc.Sprite","node":{"__id__":4},"_spriteFrame":{"__uuid__":"448v9CvmxCCaMvLWt9/xDO"},"_sizeMode":0},{"__type__":"cc.CircleCollider","node":{"__id__":4},"_radius":42},{"__type__":"ae625r/YtBJ25oY3QCSGq6M","node":{"__id__":4},"halfItemPrefab":{"__uuid__":"21j2YaJi5E25ImtBCQgnyr"},"spinePrefab":{"__uuid__":"8cv8yPSxpO96zY8VNM4NOq"},"sliceItemSpriteFrame":{"__uuid__":"c2rvwbQ4xBpappNU4njhsR"},"pointSpriteFrame":{"__uuid__":"6bj+TqiDhMgZUsAYgI40Qx"}}],"_prefab":{"__type__":"cc.PrefabInfo","root":{"__id__":1},"asset":{"__uuid__":"051URWJlZCU7j7crwSJ8Kz"},"fileId":"74ZnXeWTVD8Z0UiqvvIe8u"},"_contentSize":{"__type__":"cc.Size","width":111.5,"height":71},"_trs":{"__type__":"TypedArray","ctor":"Float64Array","array":[-141,-138,0,0,0,0,1,1,1,1]}},{"__type__":"cc.Node","_name":"yangtao copy","_parent":{"__id__":1},"_components":[{"__type__":"cc.Sprite","node":{"__id__":5},"_spriteFrame":{"__uuid__":"448v9CvmxCCaMvLWt9/xDO"},"_sizeMode":0},{"__type__":"cc.CircleCollider","node":{"__id__":5},"_radius":42},{"__type__":"ae625r/YtBJ25oY3QCSGq6M","node":{"__id__":5},"halfItemPrefab":{"__uuid__":"21j2YaJi5E25ImtBCQgnyr"},"spinePrefab":{"__uuid__":"8cv8yPSxpO96zY8VNM4NOq"},"sliceItemSpriteFrame":{"__uuid__":"c2rvwbQ4xBpappNU4njhsR"},"pointSpriteFrame":{"__uuid__":"6bj+TqiDhMgZUsAYgI40Qx"}}],"_prefab":{"__type__":"cc.PrefabInfo","root":{"__id__":1},"asset":{"__uuid__":"051URWJlZCU7j7crwSJ8Kz"},"fileId":"60IYM/CSlDcLKKNPRreO6F"},"_contentSize":{"__type__":"cc.Size","width":111.5,"height":71},"_trs":{"__type__":"TypedArray","ctor":"Float64Array","array":[0,-146,0,0,0,0,1,1,1,1]}},{"__type__":"cc.Node","_name":"yangtao copy","_parent":{"__id__":1},"_components":[{"__type__":"cc.Sprite","node":{"__id__":6},"_spriteFrame":{"__uuid__":"448v9CvmxCCaMvLWt9/xDO"},"_sizeMode":0},{"__type__":"cc.CircleCollider","node":{"__id__":6},"_radius":42},{"__type__":"ae625r/YtBJ25oY3QCSGq6M","node":{"__id__":6},"halfItemPrefab":{"__uuid__":"21j2YaJi5E25ImtBCQgnyr"},"spinePrefab":{"__uuid__":"8cv8yPSxpO96zY8VNM4NOq"},"sliceItemSpriteFrame":{"__uuid__":"c2rvwbQ4xBpappNU4njhsR"},"pointSpriteFrame":{"__uuid__":"6bj+TqiDhMgZUsAYgI40Qx"}}],"_prefab":{"__type__":"cc.PrefabInfo","root":{"__id__":1},"asset":{"__uuid__":"051URWJlZCU7j7crwSJ8Kz"},"fileId":"ebxCLb2u1AJ5cPpw7RFUXg"},"_contentSize":{"__type__":"cc.Size","width":111.5,"height":71},"_trs":{"__type__":"TypedArray","ctor":"Float64Array","array":[126,-8,0,0,0,0,1,1,1,1]}},{"__type__":"cc.Node","_name":"yangtao copy","_parent":{"__id__":1},"_components":[{"__type__":"cc.Sprite","node":{"__id__":7},"_spriteFrame":{"__uuid__":"448v9CvmxCCaMvLWt9/xDO"},"_sizeMode":0},{"__type__":"cc.CircleCollider","node":{"__id__":7},"_radius":42},{"__type__":"ae625r/YtBJ25oY3QCSGq6M","node":{"__id__":7},"halfItemPrefab":{"__uuid__":"21j2YaJi5E25ImtBCQgnyr"},"spinePrefab":{"__uuid__":"8cv8yPSxpO96zY8VNM4NOq"},"sliceItemSpriteFrame":{"__uuid__":"c2rvwbQ4xBpappNU4njhsR"},"pointSpriteFrame":{"__uuid__":"6bj+TqiDhMgZUsAYgI40Qx"}}],"_prefab":{"__type__":"cc.PrefabInfo","root":{"__id__":1},"asset":{"__uuid__":"051URWJlZCU7j7crwSJ8Kz"},"fileId":"d0vCSulTRDJ4ovmCabAfx5"},"_contentSize":{"__type__":"cc.Size","width":111.5,"height":71},"_trs":{"__type__":"TypedArray","ctor":"Float64Array","array":[-138,-1,0,0,0,0,1,1,1,1]}},{"__type__":"cc.Node","_name":"yangtao copy","_parent":{"__id__":1},"_components":[{"__type__":"cc.Sprite","node":{"__id__":8},"_spriteFrame":{"__uuid__":"448v9CvmxCCaMvLWt9/xDO"},"_sizeMode":0},{"__type__":"cc.CircleCollider","node":{"__id__":8},"_radius":42},{"__type__":"ae625r/YtBJ25oY3QCSGq6M","node":{"__id__":8},"halfItemPrefab":{"__uuid__":"21j2YaJi5E25ImtBCQgnyr"},"spinePrefab":{"__uuid__":"8cv8yPSxpO96zY8VNM4NOq"},"sliceItemSpriteFrame":{"__uuid__":"c2rvwbQ4xBpappNU4njhsR"},"pointSpriteFrame":{"__uuid__":"6bj+TqiDhMgZUsAYgI40Qx"}}],"_prefab":{"__type__":"cc.PrefabInfo","root":{"__id__":1},"asset":{"__uuid__":"051URWJlZCU7j7crwSJ8Kz"},"fileId":"52cy9vVjJIqILR/dAqaSco"},"_contentSize":{"__type__":"cc.Size","width":111.5,"height":71},"_trs":{"__type__":"TypedArray","ctor":"Float64Array","array":[130,127,0,0,0,0,1,1,1,1]}},{"__type__":"cc.Node","_name":"yangtao copy","_parent":{"__id__":1},"_components":[{"__type__":"cc.Sprite","node":{"__id__":9},"_spriteFrame":{"__uuid__":"448v9CvmxCCaMvLWt9/xDO"},"_sizeMode":0},{"__type__":"cc.CircleCollider","node":{"__id__":9},"_radius":42},{"__type__":"ae625r/YtBJ25oY3QCSGq6M","node":{"__id__":9},"halfItemPrefab":{"__uuid__":"21j2YaJi5E25ImtBCQgnyr"},"spinePrefab":{"__uuid__":"8cv8yPSxpO96zY8VNM4NOq"},"sliceItemSpriteFrame":{"__uuid__":"c2rvwbQ4xBpappNU4njhsR"},"pointSpriteFrame":{"__uuid__":"6bj+TqiDhMgZUsAYgI40Qx"}}],"_prefab":{"__type__":"cc.PrefabInfo","root":{"__id__":1},"asset":{"__uuid__":"051URWJlZCU7j7crwSJ8Kz"},"fileId":"f5yZyVye9BCoOxQcKWqxUZ"},"_contentSize":{"__type__":"cc.Size","width":111.5,"height":71},"_trs":{"__type__":"TypedArray","ctor":"Float64Array","array":[-4,133,0,0,0,0,1,1,1,1]}},{"__type__":"cc.Node","_name":"yangtao copy","_parent":{"__id__":1},"_components":[{"__type__":"cc.Sprite","node":{"__id__":10},"_spriteFrame":{"__uuid__":"448v9CvmxCCaMvLWt9/xDO"},"_sizeMode":0},{"__type__":"cc.CircleCollider","node":{"__id__":10},"_radius":42},{"__type__":"ae625r/YtBJ25oY3QCSGq6M","node":{"__id__":10},"halfItemPrefab":{"__uuid__":"21j2YaJi5E25ImtBCQgnyr"},"spinePrefab":{"__uuid__":"8cv8yPSxpO96zY8VNM4NOq"},"sliceItemSpriteFrame":{"__uuid__":"c2rvwbQ4xBpappNU4njhsR"},"pointSpriteFrame":{"__uuid__":"6bj+TqiDhMgZUsAYgI40Qx"}}],"_prefab":{"__type__":"cc.PrefabInfo","root":{"__id__":1},"asset":{"__uuid__":"051URWJlZCU7j7crwSJ8Kz"},"fileId":"a6ch/XLPZByZKQ3iHdzTnZ"},"_contentSize":{"__type__":"cc.Size","width":111.5,"height":71},"_trs":{"__type__":"TypedArray","ctor":"Float64Array","array":[-128,137,0,0,0,0,1,1,1,1]}}],{"__type__":"cc.SpriteFrame","content":{"name":"yangtao","texture":"9cL5ytiaZENbPZCr06oRiv","rect":[0,0,223,142],"offset":[0,0],"originalSize":[223,142],"capInsets":[0,0,0,0]}},{"__type__":"cc.SpriteFrame","content":{"name":"点","texture":"384YhYzYpKdrjInpCDyQsT","rect":[0,0,16,16],"offset":[0,0],"originalSize":[16,16],"capInsets":[0,0,0,0]}},{"__type__":"cc.SpriteFrame","content":{"name":"Apple","texture":"a8YGMIkX1I2aBTP44e+lCA","rect":[0,0,138,17],"offset":[0,0],"originalSize":[138,17],"capInsets":[3,0,3,0]}}]