[{"__type__":"cc.SpriteFrame","content":{"name":"yangtao","texture":"9cL5ytiaZENbPZCr06oRiv","rect":[0,0,223,142],"offset":[0,0],"originalSize":[223,142],"capInsets":[0,0,0,0]}},{"__type__":"cc.SpriteFrame","content":{"name":"点","texture":"384YhYzYpKdrjInpCDyQsT","rect":[0,0,16,16],"offset":[0,0],"originalSize":[16,16],"capInsets":[0,0,0,0]}},[{"__type__":"cc.Prefab","_name":"items32","data":{"__id__":1}},{"__type__":"cc.Node","_name":"items32","_children":[{"__id__":2},{"__id__":3},{"__id__":4},{"__id__":5},{"__id__":6},{"__id__":7},{"__id__":8}],"_components":[{"__type__":"053c2u4k8ZBwroDC3cDQoVF","node":{"__id__":1}}],"_prefab":{"__type__":"cc.PrefabInfo","root":{"__id__":1},"asset":{"__uuid__":"95t76xhHxCYpo93ONHpgiY"},"fileId":"58n0mq6W9AO6mzURT2X+oc"},"_trs":{"__type__":"TypedArray","ctor":"Float64Array","array":[0,0,0,0,0,0,1,1,1,1]}},{"__type__":"cc.Node","_name":"yangtao","_parent":{"__id__":1},"_components":[{"__type__":"cc.Sprite","node":{"__id__":2},"_spriteFrame":{"__uuid__":"448v9CvmxCCaMvLWt9/xDO"},"_sizeMode":0},{"__type__":"cc.CircleCollider","node":{"__id__":2},"_radius":42},{"__type__":"ae625r/YtBJ25oY3QCSGq6M","node":{"__id__":2},"halfItemPrefab":{"__uuid__":"21j2YaJi5E25ImtBCQgnyr"},"spinePrefab":{"__uuid__":"8cv8yPSxpO96zY8VNM4NOq"},"sliceItemSpriteFrame":{"__uuid__":"c2rvwbQ4xBpappNU4njhsR"},"pointSpriteFrame":{"__uuid__":"6bj+TqiDhMgZUsAYgI40Qx"}}],"_prefab":{"__type__":"cc.PrefabInfo","root":{"__id__":1},"asset":{"__uuid__":"95t76xhHxCYpo93ONHpgiY"},"fileId":"23jOypcMxDZZNi/0/qzc12"},"_contentSize":{"__type__":"cc.Size","width":111.5,"height":71},"_trs":{"__type__":"TypedArray","ctor":"Float64Array","array":[-140,104,0,0,0,0,1,1,1,1]}},{"__type__":"cc.Node","_name":"yangtao copy","_parent":{"__id__":1},"_components":[{"__type__":"cc.Sprite","node":{"__id__":3},"_spriteFrame":{"__uuid__":"448v9CvmxCCaMvLWt9/xDO"},"_sizeMode":0},{"__type__":"cc.CircleCollider","node":{"__id__":3},"_radius":42},{"__type__":"ae625r/YtBJ25oY3QCSGq6M","node":{"__id__":3},"halfItemPrefab":{"__uuid__":"21j2YaJi5E25ImtBCQgnyr"},"spinePrefab":{"__uuid__":"8cv8yPSxpO96zY8VNM4NOq"},"sliceItemSpriteFrame":{"__uuid__":"c2rvwbQ4xBpappNU4njhsR"},"pointSpriteFrame":{"__uuid__":"6bj+TqiDhMgZUsAYgI40Qx"}}],"_prefab":{"__type__":"cc.PrefabInfo","root":{"__id__":1},"asset":{"__uuid__":"95t76xhHxCYpo93ONHpgiY"},"fileId":"01qYdGp0lDUrtH7eSSZa+l"},"_contentSize":{"__type__":"cc.Size","width":111.5,"height":71},"_trs":{"__type__":"TypedArray","ctor":"Float64Array","array":[-1,187,0,0,0,0,1,1,1,1]}},{"__type__":"cc.Node","_name":"yangtao copy","_parent":{"__id__":1},"_components":[{"__type__":"cc.Sprite","node":{"__id__":4},"_spriteFrame":{"__uuid__":"448v9CvmxCCaMvLWt9/xDO"},"_sizeMode":0},{"__type__":"cc.CircleCollider","node":{"__id__":4},"_radius":42},{"__type__":"ae625r/YtBJ25oY3QCSGq6M","node":{"__id__":4},"halfItemPrefab":{"__uuid__":"21j2YaJi5E25ImtBCQgnyr"},"spinePrefab":{"__uuid__":"8cv8yPSxpO96zY8VNM4NOq"},"sliceItemSpriteFrame":{"__uuid__":"c2rvwbQ4xBpappNU4njhsR"},"pointSpriteFrame":{"__uuid__":"6bj+TqiDhMgZUsAYgI40Qx"}}],"_prefab":{"__type__":"cc.PrefabInfo","root":{"__id__":1},"asset":{"__uuid__":"95t76xhHxCYpo93ONHpgiY"},"fileId":"1dEBxLjI5JyZsMVCnPbqSJ"},"_contentSize":{"__type__":"cc.Size","width":111.5,"height":71},"_trs":{"__type__":"TypedArray","ctor":"Float64Array","array":[131,93,0,0,0,0,1,1,1,1]}},{"__type__":"cc.Node","_name":"yangtao copy","_parent":{"__id__":1},"_components":[{"__type__":"cc.Sprite","node":{"__id__":5},"_spriteFrame":{"__uuid__":"448v9CvmxCCaMvLWt9/xDO"},"_sizeMode":0},{"__type__":"cc.CircleCollider","node":{"__id__":5},"_radius":42},{"__type__":"ae625r/YtBJ25oY3QCSGq6M","node":{"__id__":5},"halfItemPrefab":{"__uuid__":"21j2YaJi5E25ImtBCQgnyr"},"spinePrefab":{"__uuid__":"8cv8yPSxpO96zY8VNM4NOq"},"sliceItemSpriteFrame":{"__uuid__":"c2rvwbQ4xBpappNU4njhsR"},"pointSpriteFrame":{"__uuid__":"6bj+TqiDhMgZUsAYgI40Qx"}}],"_prefab":{"__type__":"cc.PrefabInfo","root":{"__id__":1},"asset":{"__uuid__":"95t76xhHxCYpo93ONHpgiY"},"fileId":"74aab1LbFP249vBJgG4U1V"},"_contentSize":{"__type__":"cc.Size","width":111.5,"height":71},"_trs":{"__type__":"TypedArray","ctor":"Float64Array","array":[-115,-111,0,0,0,0,1,1,1,1]}},{"__type__":"cc.Node","_name":"yangtao copy","_parent":{"__id__":1},"_components":[{"__type__":"cc.Sprite","node":{"__id__":6},"_spriteFrame":{"__uuid__":"448v9CvmxCCaMvLWt9/xDO"},"_sizeMode":0},{"__type__":"cc.CircleCollider","node":{"__id__":6},"_radius":42},{"__type__":"ae625r/YtBJ25oY3QCSGq6M","node":{"__id__":6},"halfItemPrefab":{"__uuid__":"21j2YaJi5E25ImtBCQgnyr"},"spinePrefab":{"__uuid__":"8cv8yPSxpO96zY8VNM4NOq"},"sliceItemSpriteFrame":{"__uuid__":"c2rvwbQ4xBpappNU4njhsR"},"pointSpriteFrame":{"__uuid__":"6bj+TqiDhMgZUsAYgI40Qx"}}],"_prefab":{"__type__":"cc.PrefabInfo","root":{"__id__":1},"asset":{"__uuid__":"95t76xhHxCYpo93ONHpgiY"},"fileId":"e1H5rRwKFPWo8gkreGtcWr"},"_contentSize":{"__type__":"cc.Size","width":111.5,"height":71},"_trs":{"__type__":"TypedArray","ctor":"Float64Array","array":[0,0,0,0,0,0,1,1,1,1]}},{"__type__":"cc.Node","_name":"yangtao copy","_parent":{"__id__":1},"_components":[{"__type__":"cc.Sprite","node":{"__id__":7},"_spriteFrame":{"__uuid__":"448v9CvmxCCaMvLWt9/xDO"},"_sizeMode":0},{"__type__":"cc.CircleCollider","node":{"__id__":7},"_radius":42},{"__type__":"ae625r/YtBJ25oY3QCSGq6M","node":{"__id__":7},"halfItemPrefab":{"__uuid__":"21j2YaJi5E25ImtBCQgnyr"},"spinePrefab":{"__uuid__":"8cv8yPSxpO96zY8VNM4NOq"},"sliceItemSpriteFrame":{"__uuid__":"c2rvwbQ4xBpappNU4njhsR"},"pointSpriteFrame":{"__uuid__":"6bj+TqiDhMgZUsAYgI40Qx"}}],"_prefab":{"__type__":"cc.PrefabInfo","root":{"__id__":1},"asset":{"__uuid__":"95t76xhHxCYpo93ONHpgiY"},"fileId":"e79QAh0OVIhrr1n7a82xpU"},"_contentSize":{"__type__":"cc.Size","width":111.5,"height":71},"_trs":{"__type__":"TypedArray","ctor":"Float64Array","array":[107,-103,0,0,0,0,1,1,1,1]}},{"__type__":"cc.Node","_name":"yangtao copy","_parent":{"__id__":1},"_components":[{"__type__":"cc.Sprite","node":{"__id__":8},"_spriteFrame":{"__uuid__":"448v9CvmxCCaMvLWt9/xDO"},"_sizeMode":0},{"__type__":"cc.CircleCollider","node":{"__id__":8},"_radius":42},{"__type__":"ae625r/YtBJ25oY3QCSGq6M","node":{"__id__":8},"halfItemPrefab":{"__uuid__":"21j2YaJi5E25ImtBCQgnyr"},"spinePrefab":{"__uuid__":"8cv8yPSxpO96zY8VNM4NOq"},"sliceItemSpriteFrame":{"__uuid__":"c2rvwbQ4xBpappNU4njhsR"},"pointSpriteFrame":{"__uuid__":"6bj+TqiDhMgZUsAYgI40Qx"}}],"_prefab":{"__type__":"cc.PrefabInfo","root":{"__id__":1},"asset":{"__uuid__":"95t76xhHxCYpo93ONHpgiY"},"fileId":"b1AsK6BN1DaL5P+AlBoBW5"},"_contentSize":{"__type__":"cc.Size","width":111.5,"height":71},"_trs":{"__type__":"TypedArray","ctor":"Float64Array","array":[-5,-231,0,0,0,0,1,1,1,1]}}],{"__type__":"cc.SpriteFrame","content":{"name":"Apple","texture":"a8YGMIkX1I2aBTP44e+lCA","rect":[0,0,138,17],"offset":[0,0],"originalSize":[138,17],"capInsets":[3,0,3,0]}}]