[{"__type__":"cc.SpriteFrame","content":{"name":"点","texture":"384YhYzYpKdrjInpCDyQsT","rect":[0,0,16,16],"offset":[0,0],"originalSize":[16,16],"capInsets":[0,0,0,0]}},{"__type__":"cc.SpriteFrame","content":{"name":"shiliu","texture":"57rbY3XIZP0JhTlHrZTmJ3","rect":[0,0,173,195],"offset":[0,0],"originalSize":[173,195],"capInsets":[0,0,0,0]}},[{"__type__":"cc.Prefab","_name":"items40","data":{"__id__":1}},{"__type__":"cc.Node","_name":"items40","_children":[{"__id__":2},{"__id__":3},{"__id__":4},{"__id__":5},{"__id__":6}],"_components":[{"__type__":"053c2u4k8ZBwroDC3cDQoVF","node":{"__id__":1}}],"_prefab":{"__type__":"cc.PrefabInfo","root":{"__id__":1},"asset":{"__uuid__":"bej0UMxhVB+6tc2JUNaTid"},"fileId":"f777u8Yh1IwpZRHUU2JAnF"},"_trs":{"__type__":"TypedArray","ctor":"Float64Array","array":[0,0,0,0,0,0,1,1,1,1]}},{"__type__":"cc.Node","_name":"shiliu","_parent":{"__id__":1},"_components":[{"__type__":"cc.Sprite","node":{"__id__":2},"_spriteFrame":{"__uuid__":"b0BxdcSqFNca9mVxLnA/EO"},"_sizeMode":0},{"__type__":"cc.CircleCollider","node":{"__id__":2},"_offset":{"__type__":"cc.Vec2","y":-15},"_radius":42},{"__type__":"ae625r/YtBJ25oY3QCSGq6M","node":{"__id__":2},"halfItemPrefab":{"__uuid__":"ecmxJDnplMcaU/XUP0hg7o"},"spinePrefab":{"__uuid__":"73HhGIL5hPQJEs5ZLy8U4n"},"sliceItemSpriteFrame":{"__uuid__":"c2rvwbQ4xBpappNU4njhsR"},"pointSpriteFrame":{"__uuid__":"6bj+TqiDhMgZUsAYgI40Qx"}}],"_prefab":{"__type__":"cc.PrefabInfo","root":{"__id__":1},"asset":{"__uuid__":"bej0UMxhVB+6tc2JUNaTid"},"fileId":"73GmNHSYRFXKgXM9PBf25t"},"_contentSize":{"__type__":"cc.Size","width":103.8,"height":117},"_trs":{"__type__":"TypedArray","ctor":"Float64Array","array":[-3.6,5.5,0,0,0,0,1,1,1,1]}},{"__type__":"cc.Node","_name":"shiliu copy","_parent":{"__id__":1},"_components":[{"__type__":"cc.Sprite","node":{"__id__":3},"_spriteFrame":{"__uuid__":"b0BxdcSqFNca9mVxLnA/EO"},"_sizeMode":0},{"__type__":"cc.CircleCollider","node":{"__id__":3},"_offset":{"__type__":"cc.Vec2","y":-15},"_radius":42},{"__type__":"ae625r/YtBJ25oY3QCSGq6M","node":{"__id__":3},"halfItemPrefab":{"__uuid__":"ecmxJDnplMcaU/XUP0hg7o"},"spinePrefab":{"__uuid__":"73HhGIL5hPQJEs5ZLy8U4n"},"sliceItemSpriteFrame":{"__uuid__":"c2rvwbQ4xBpappNU4njhsR"},"pointSpriteFrame":{"__uuid__":"6bj+TqiDhMgZUsAYgI40Qx"}}],"_prefab":{"__type__":"cc.PrefabInfo","root":{"__id__":1},"asset":{"__uuid__":"bej0UMxhVB+6tc2JUNaTid"},"fileId":"a4hJVrQItGRpH6uz6oryuZ"},"_contentSize":{"__type__":"cc.Size","width":103.8,"height":117},"_trs":{"__type__":"TypedArray","ctor":"Float64Array","array":[-154.2,4.2,0,0,0,0,1,1,1,1]}},{"__type__":"cc.Node","_name":"shiliu copy","_parent":{"__id__":1},"_components":[{"__type__":"cc.Sprite","node":{"__id__":4},"_spriteFrame":{"__uuid__":"b0BxdcSqFNca9mVxLnA/EO"},"_sizeMode":0},{"__type__":"cc.CircleCollider","node":{"__id__":4},"_offset":{"__type__":"cc.Vec2","y":-15},"_radius":42},{"__type__":"ae625r/YtBJ25oY3QCSGq6M","node":{"__id__":4},"halfItemPrefab":{"__uuid__":"ecmxJDnplMcaU/XUP0hg7o"},"spinePrefab":{"__uuid__":"73HhGIL5hPQJEs5ZLy8U4n"},"sliceItemSpriteFrame":{"__uuid__":"c2rvwbQ4xBpappNU4njhsR"},"pointSpriteFrame":{"__uuid__":"6bj+TqiDhMgZUsAYgI40Qx"}}],"_prefab":{"__type__":"cc.PrefabInfo","root":{"__id__":1},"asset":{"__uuid__":"bej0UMxhVB+6tc2JUNaTid"},"fileId":"c5GP5Ob1dK0K0CIcGgOoR+"},"_contentSize":{"__type__":"cc.Size","width":103.8,"height":117},"_trs":{"__type__":"TypedArray","ctor":"Float64Array","array":[150.6,7.9,0,0,0,0,1,1,1,1]}},{"__type__":"cc.Node","_name":"shiliu copy","_parent":{"__id__":1},"_components":[{"__type__":"cc.Sprite","node":{"__id__":5},"_spriteFrame":{"__uuid__":"b0BxdcSqFNca9mVxLnA/EO"},"_sizeMode":0},{"__type__":"cc.CircleCollider","node":{"__id__":5},"_offset":{"__type__":"cc.Vec2","y":-15},"_radius":42},{"__type__":"ae625r/YtBJ25oY3QCSGq6M","node":{"__id__":5},"halfItemPrefab":{"__uuid__":"ecmxJDnplMcaU/XUP0hg7o"},"spinePrefab":{"__uuid__":"73HhGIL5hPQJEs5ZLy8U4n"},"sliceItemSpriteFrame":{"__uuid__":"c2rvwbQ4xBpappNU4njhsR"},"pointSpriteFrame":{"__uuid__":"6bj+TqiDhMgZUsAYgI40Qx"}}],"_prefab":{"__type__":"cc.PrefabInfo","root":{"__id__":1},"asset":{"__uuid__":"bej0UMxhVB+6tc2JUNaTid"},"fileId":"0bGgTZmJ1PTIFqE64LC8Dm"},"_contentSize":{"__type__":"cc.Size","width":103.8,"height":117},"_trs":{"__type__":"TypedArray","ctor":"Float64Array","array":[0,150,0,0,0,0,1,1,1,1]}},{"__type__":"cc.Node","_name":"shiliu copy","_parent":{"__id__":1},"_components":[{"__type__":"cc.Sprite","node":{"__id__":6},"_spriteFrame":{"__uuid__":"b0BxdcSqFNca9mVxLnA/EO"},"_sizeMode":0},{"__type__":"cc.CircleCollider","node":{"__id__":6},"_offset":{"__type__":"cc.Vec2","y":-15},"_radius":42},{"__type__":"ae625r/YtBJ25oY3QCSGq6M","node":{"__id__":6},"halfItemPrefab":{"__uuid__":"ecmxJDnplMcaU/XUP0hg7o"},"spinePrefab":{"__uuid__":"73HhGIL5hPQJEs5ZLy8U4n"},"sliceItemSpriteFrame":{"__uuid__":"c2rvwbQ4xBpappNU4njhsR"},"pointSpriteFrame":{"__uuid__":"6bj+TqiDhMgZUsAYgI40Qx"}}],"_prefab":{"__type__":"cc.PrefabInfo","root":{"__id__":1},"asset":{"__uuid__":"bej0UMxhVB+6tc2JUNaTid"},"fileId":"74KFPP3IVAvajk/IDE2+8W"},"_contentSize":{"__type__":"cc.Size","width":103.8,"height":117},"_trs":{"__type__":"TypedArray","ctor":"Float64Array","array":[0,-141,0,0,0,0,1,1,1,1]}}],{"__type__":"cc.SpriteFrame","content":{"name":"Apple","texture":"a8YGMIkX1I2aBTP44e+lCA","rect":[0,0,138,17],"offset":[0,0],"originalSize":[138,17],"capInsets":[3,0,3,0]}}]