[{"__type__":"cc.Prefab","_name":"score","data":{"__id__":1}},{"__type__":"cc.Node","_name":"score","_components":[{"__type__":"cc.Label","node":{"__id__":1},"_useOriginalSize":false,"_string":"+123","_N$string":"+123","_fontSize":35,"_lineHeight":50,"_N$file":{"__uuid__":"4eOKzMTvRGDpZQTBlzqe6J"},"_isSystemFontUsed":false,"_N$horizontalAlign":1,"_N$verticalAlign":1},{"__type__":"97739wFc09ElpmST7r3V7WM","node":{"__id__":1}}],"_prefab":{"__type__":"cc.PrefabInfo","root":{"__id__":1},"asset":{"__uuid__":"f3GD/VvaRLLJQ/JV1r6xoH"},"fileId":"a3Pxxg7zhBU6RA0+sOGOV1"},"_contentSize":{"__type__":"cc.Size","width":75.6,"height":35},"_trs":{"__type__":"TypedArray","ctor":"Float64Array","array":[0,0,0,0,0,0,1,1,1,1]},"_zIndex":0}]