[{"__type__":"cc.SpriteFrame","content":{"name":"点","texture":"384YhYzYpKdrjInpCDyQsT","rect":[0,0,16,16],"offset":[0,0],"originalSize":[16,16],"capInsets":[0,0,0,0]}},{"__type__":"cc.SpriteFrame","content":{"name":"apple","texture":"f9u6MgI4FPK7XZxI51d0LU","rect":[0,0,91,90],"offset":[0,0],"originalSize":[91,90],"capInsets":[0,0,0,0]}},{"__type__":"cc.SpriteFrame","content":{"name":"shiliu","texture":"57rbY3XIZP0JhTlHrZTmJ3","rect":[0,0,173,195],"offset":[0,0],"originalSize":[173,195],"capInsets":[0,0,0,0]}},{"__type__":"cc.SpriteFrame","content":{"name":"Apple","texture":"a8YGMIkX1I2aBTP44e+lCA","rect":[0,0,138,17],"offset":[0,0],"originalSize":[138,17],"capInsets":[3,0,3,0]}},[{"__type__":"cc.Prefab","_name":"items45","data":{"__id__":1}},{"__type__":"cc.Node","_name":"items45","_children":[{"__id__":2},{"__id__":3},{"__id__":4},{"__id__":5},{"__id__":6},{"__id__":7}],"_components":[{"__type__":"053c2u4k8ZBwroDC3cDQoVF","node":{"__id__":1}}],"_prefab":{"__type__":"cc.PrefabInfo","root":{"__id__":1},"asset":{"__uuid__":"c5L9eH1GJPNorDCLxyZDUk"},"fileId":"14BeNjct1P1YF8EkJtHAYF"},"_trs":{"__type__":"TypedArray","ctor":"Float64Array","array":[0,0,0,0,0,0,1,1,1,1]}},{"__type__":"cc.Node","_name":"shiliu","_parent":{"__id__":1},"_components":[{"__type__":"cc.Sprite","node":{"__id__":2},"_spriteFrame":{"__uuid__":"b0BxdcSqFNca9mVxLnA/EO"},"_sizeMode":0},{"__type__":"cc.CircleCollider","node":{"__id__":2},"_offset":{"__type__":"cc.Vec2","y":-15},"_radius":42},{"__type__":"ae625r/YtBJ25oY3QCSGq6M","node":{"__id__":2},"halfItemPrefab":{"__uuid__":"ecmxJDnplMcaU/XUP0hg7o"},"spinePrefab":{"__uuid__":"73HhGIL5hPQJEs5ZLy8U4n"},"sliceItemSpriteFrame":{"__uuid__":"c2rvwbQ4xBpappNU4njhsR"},"pointSpriteFrame":{"__uuid__":"6bj+TqiDhMgZUsAYgI40Qx"}}],"_prefab":{"__type__":"cc.PrefabInfo","root":{"__id__":1},"asset":{"__uuid__":"c5L9eH1GJPNorDCLxyZDUk"},"fileId":"9a66y3ayBDo790UdtWaAR0"},"_contentSize":{"__type__":"cc.Size","width":103.8,"height":117},"_trs":{"__type__":"TypedArray","ctor":"Float64Array","array":[110,-69.5,0,0,0,0,1,1,1,1]}},{"__type__":"cc.Node","_name":"shiliu copy","_parent":{"__id__":1},"_components":[{"__type__":"cc.Sprite","node":{"__id__":3},"_spriteFrame":{"__uuid__":"b0BxdcSqFNca9mVxLnA/EO"},"_sizeMode":0},{"__type__":"cc.CircleCollider","node":{"__id__":3},"_offset":{"__type__":"cc.Vec2","y":-15},"_radius":42},{"__type__":"ae625r/YtBJ25oY3QCSGq6M","node":{"__id__":3},"halfItemPrefab":{"__uuid__":"ecmxJDnplMcaU/XUP0hg7o"},"spinePrefab":{"__uuid__":"73HhGIL5hPQJEs5ZLy8U4n"},"sliceItemSpriteFrame":{"__uuid__":"c2rvwbQ4xBpappNU4njhsR"},"pointSpriteFrame":{"__uuid__":"6bj+TqiDhMgZUsAYgI40Qx"}}],"_prefab":{"__type__":"cc.PrefabInfo","root":{"__id__":1},"asset":{"__uuid__":"c5L9eH1GJPNorDCLxyZDUk"},"fileId":"3aEZjx2PdDH799SyaroQQ9"},"_contentSize":{"__type__":"cc.Size","width":103.8,"height":117},"_trs":{"__type__":"TypedArray","ctor":"Float64Array","array":[-11,-74.5,0,0,0,0,1,1,1,1]}},{"__type__":"cc.Node","_name":"shiliu copy","_parent":{"__id__":1},"_components":[{"__type__":"cc.Sprite","node":{"__id__":4},"_spriteFrame":{"__uuid__":"b0BxdcSqFNca9mVxLnA/EO"},"_sizeMode":0},{"__type__":"cc.CircleCollider","node":{"__id__":4},"_offset":{"__type__":"cc.Vec2","y":-15},"_radius":42},{"__type__":"ae625r/YtBJ25oY3QCSGq6M","node":{"__id__":4},"halfItemPrefab":{"__uuid__":"ecmxJDnplMcaU/XUP0hg7o"},"spinePrefab":{"__uuid__":"73HhGIL5hPQJEs5ZLy8U4n"},"sliceItemSpriteFrame":{"__uuid__":"c2rvwbQ4xBpappNU4njhsR"},"pointSpriteFrame":{"__uuid__":"6bj+TqiDhMgZUsAYgI40Qx"}}],"_prefab":{"__type__":"cc.PrefabInfo","root":{"__id__":1},"asset":{"__uuid__":"c5L9eH1GJPNorDCLxyZDUk"},"fileId":"438NZQKPFIRZhW6fwHH42e"},"_contentSize":{"__type__":"cc.Size","width":103.8,"height":117},"_trs":{"__type__":"TypedArray","ctor":"Float64Array","array":[-127,-65,0,0,0,0,1,1,1,1]}},{"__type__":"cc.Node","_name":"苹果","_parent":{"__id__":1},"_components":[{"__type__":"cc.Sprite","node":{"__id__":5},"_spriteFrame":{"__uuid__":"91Ru8hwBRCLa49qw3dwFEy"}},{"__type__":"cc.CircleCollider","node":{"__id__":5},"_radius":42},{"__type__":"ae625r/YtBJ25oY3QCSGq6M","node":{"__id__":5},"halfItemPrefab":{"__uuid__":"cf7q/ZQ3ZCFrnZb/+rHlY2"},"spinePrefab":{"__uuid__":"8cv8yPSxpO96zY8VNM4NOq"},"sliceItemSpriteFrame":{"__uuid__":"c2rvwbQ4xBpappNU4njhsR"},"pointSpriteFrame":{"__uuid__":"6bj+TqiDhMgZUsAYgI40Qx"}}],"_prefab":{"__type__":"cc.PrefabInfo","root":{"__id__":1},"asset":{"__uuid__":"c5L9eH1GJPNorDCLxyZDUk"},"fileId":"e1ReMk+otIpYCG1Lq0F6zq"},"_contentSize":{"__type__":"cc.Size","width":91,"height":90},"_trs":{"__type__":"TypedArray","ctor":"Float64Array","array":[0,116,0,0,0,0,1,1,1,1]}},{"__type__":"cc.Node","_name":"苹果 copy","_parent":{"__id__":1},"_components":[{"__type__":"cc.Sprite","node":{"__id__":6},"_spriteFrame":{"__uuid__":"91Ru8hwBRCLa49qw3dwFEy"}},{"__type__":"cc.CircleCollider","node":{"__id__":6},"_radius":42},{"__type__":"ae625r/YtBJ25oY3QCSGq6M","node":{"__id__":6},"halfItemPrefab":{"__uuid__":"cf7q/ZQ3ZCFrnZb/+rHlY2"},"spinePrefab":{"__uuid__":"8cv8yPSxpO96zY8VNM4NOq"},"sliceItemSpriteFrame":{"__uuid__":"c2rvwbQ4xBpappNU4njhsR"},"pointSpriteFrame":{"__uuid__":"6bj+TqiDhMgZUsAYgI40Qx"}}],"_prefab":{"__type__":"cc.PrefabInfo","root":{"__id__":1},"asset":{"__uuid__":"c5L9eH1GJPNorDCLxyZDUk"},"fileId":"efuQMsba1Kw6n3qpYHQxaS"},"_contentSize":{"__type__":"cc.Size","width":91,"height":90},"_trs":{"__type__":"TypedArray","ctor":"Float64Array","array":[-58,24,0,0,0,0,1,1,1,1]}},{"__type__":"cc.Node","_name":"苹果 copy","_parent":{"__id__":1},"_components":[{"__type__":"cc.Sprite","node":{"__id__":7},"_spriteFrame":{"__uuid__":"91Ru8hwBRCLa49qw3dwFEy"}},{"__type__":"cc.CircleCollider","node":{"__id__":7},"_radius":42},{"__type__":"ae625r/YtBJ25oY3QCSGq6M","node":{"__id__":7},"halfItemPrefab":{"__uuid__":"cf7q/ZQ3ZCFrnZb/+rHlY2"},"spinePrefab":{"__uuid__":"8cv8yPSxpO96zY8VNM4NOq"},"sliceItemSpriteFrame":{"__uuid__":"c2rvwbQ4xBpappNU4njhsR"},"pointSpriteFrame":{"__uuid__":"6bj+TqiDhMgZUsAYgI40Qx"}}],"_prefab":{"__type__":"cc.PrefabInfo","root":{"__id__":1},"asset":{"__uuid__":"c5L9eH1GJPNorDCLxyZDUk"},"fileId":"f8YLQx1ulI5Y6tAZzzQTib"},"_contentSize":{"__type__":"cc.Size","width":91,"height":90},"_trs":{"__type__":"TypedArray","ctor":"Float64Array","array":[44,20,0,0,0,0,1,1,1,1]}}]]