[[{"__type__":"cc.Prefab","_name":"items18","data":{"__id__":1}},{"__type__":"cc.Node","_name":"items18","_children":[{"__id__":2},{"__id__":3},{"__id__":4},{"__id__":5},{"__id__":6},{"__id__":7},{"__id__":8},{"__id__":9},{"__id__":10},{"__id__":11},{"__id__":12},{"__id__":13},{"__id__":14},{"__id__":15},{"__id__":16}],"_components":[{"__type__":"053c2u4k8ZBwroDC3cDQoVF","node":{"__id__":1}}],"_prefab":{"__type__":"cc.PrefabInfo","root":{"__id__":1},"asset":{"__uuid__":"41FJp4BmRDlYkei/+3N8ue"},"fileId":"75FkQgcJNDdpKUGh2UhLmL"},"_trs":{"__type__":"TypedArray","ctor":"Float64Array","array":[0,0,0,0,0,0,1,1,1,1]}},{"__type__":"cc.Node","_name":"苹果","_parent":{"__id__":1},"_components":[{"__type__":"cc.Sprite","node":{"__id__":2},"_spriteFrame":{"__uuid__":"91Ru8hwBRCLa49qw3dwFEy"}},{"__type__":"cc.CircleCollider","node":{"__id__":2},"_radius":42},{"__type__":"ae625r/YtBJ25oY3QCSGq6M","node":{"__id__":2},"halfItemPrefab":{"__uuid__":"cf7q/ZQ3ZCFrnZb/+rHlY2"},"spinePrefab":{"__uuid__":"8cv8yPSxpO96zY8VNM4NOq"},"sliceItemSpriteFrame":{"__uuid__":"c2rvwbQ4xBpappNU4njhsR"},"pointSpriteFrame":{"__uuid__":"6bj+TqiDhMgZUsAYgI40Qx"}}],"_prefab":{"__type__":"cc.PrefabInfo","root":{"__id__":1},"asset":{"__uuid__":"41FJp4BmRDlYkei/+3N8ue"},"fileId":"40/CkPVmhKU4ofJ7O8UY3S"},"_contentSize":{"__type__":"cc.Size","width":91,"height":90},"_trs":{"__type__":"TypedArray","ctor":"Float64Array","array":[0,0,0,0,0,0,1,1,1,1]}},{"__type__":"cc.Node","_name":"苹果","_parent":{"__id__":1},"_components":[{"__type__":"cc.Sprite","node":{"__id__":3},"_spriteFrame":{"__uuid__":"91Ru8hwBRCLa49qw3dwFEy"}},{"__type__":"cc.CircleCollider","node":{"__id__":3},"_radius":42},{"__type__":"ae625r/YtBJ25oY3QCSGq6M","node":{"__id__":3},"halfItemPrefab":{"__uuid__":"cf7q/ZQ3ZCFrnZb/+rHlY2"},"spinePrefab":{"__uuid__":"8cv8yPSxpO96zY8VNM4NOq"},"sliceItemSpriteFrame":{"__uuid__":"c2rvwbQ4xBpappNU4njhsR"},"pointSpriteFrame":{"__uuid__":"6bj+TqiDhMgZUsAYgI40Qx"}}],"_prefab":{"__type__":"cc.PrefabInfo","root":{"__id__":1},"asset":{"__uuid__":"41FJp4BmRDlYkei/+3N8ue"},"fileId":"c7r1/zVLNEyKiKJHxTwW+2"},"_contentSize":{"__type__":"cc.Size","width":91,"height":90},"_trs":{"__type__":"TypedArray","ctor":"Float64Array","array":[-240,0,0,0,0,0,1,1,1,1]}},{"__type__":"cc.Node","_name":"苹果","_parent":{"__id__":1},"_components":[{"__type__":"cc.Sprite","node":{"__id__":4},"_spriteFrame":{"__uuid__":"91Ru8hwBRCLa49qw3dwFEy"}},{"__type__":"cc.CircleCollider","node":{"__id__":4},"_radius":42},{"__type__":"ae625r/YtBJ25oY3QCSGq6M","node":{"__id__":4},"halfItemPrefab":{"__uuid__":"cf7q/ZQ3ZCFrnZb/+rHlY2"},"spinePrefab":{"__uuid__":"8cv8yPSxpO96zY8VNM4NOq"},"sliceItemSpriteFrame":{"__uuid__":"c2rvwbQ4xBpappNU4njhsR"},"pointSpriteFrame":{"__uuid__":"6bj+TqiDhMgZUsAYgI40Qx"}}],"_prefab":{"__type__":"cc.PrefabInfo","root":{"__id__":1},"asset":{"__uuid__":"41FJp4BmRDlYkei/+3N8ue"},"fileId":"f6yMeXdDJKJJRPLLFE+zU8"},"_contentSize":{"__type__":"cc.Size","width":91,"height":90},"_trs":{"__type__":"TypedArray","ctor":"Float64Array","array":[228,-5,0,0,0,0,1,1,1,1]}},{"__type__":"cc.Node","_name":"苹果","_parent":{"__id__":1},"_components":[{"__type__":"cc.Sprite","node":{"__id__":5},"_spriteFrame":{"__uuid__":"91Ru8hwBRCLa49qw3dwFEy"}},{"__type__":"cc.CircleCollider","node":{"__id__":5},"_radius":42},{"__type__":"ae625r/YtBJ25oY3QCSGq6M","node":{"__id__":5},"halfItemPrefab":{"__uuid__":"cf7q/ZQ3ZCFrnZb/+rHlY2"},"spinePrefab":{"__uuid__":"8cv8yPSxpO96zY8VNM4NOq"},"sliceItemSpriteFrame":{"__uuid__":"c2rvwbQ4xBpappNU4njhsR"},"pointSpriteFrame":{"__uuid__":"6bj+TqiDhMgZUsAYgI40Qx"}}],"_prefab":{"__type__":"cc.PrefabInfo","root":{"__id__":1},"asset":{"__uuid__":"41FJp4BmRDlYkei/+3N8ue"},"fileId":"24+Rvx9tFH4KWrY8DSjdCU"},"_contentSize":{"__type__":"cc.Size","width":91,"height":90},"_trs":{"__type__":"TypedArray","ctor":"Float64Array","array":[-96,-137,0,0,0,0,1,1,1,1]}},{"__type__":"cc.Node","_name":"苹果","_parent":{"__id__":1},"_components":[{"__type__":"cc.Sprite","node":{"__id__":6},"_spriteFrame":{"__uuid__":"91Ru8hwBRCLa49qw3dwFEy"}},{"__type__":"cc.CircleCollider","node":{"__id__":6},"_radius":42},{"__type__":"ae625r/YtBJ25oY3QCSGq6M","node":{"__id__":6},"halfItemPrefab":{"__uuid__":"cf7q/ZQ3ZCFrnZb/+rHlY2"},"spinePrefab":{"__uuid__":"8cv8yPSxpO96zY8VNM4NOq"},"sliceItemSpriteFrame":{"__uuid__":"c2rvwbQ4xBpappNU4njhsR"},"pointSpriteFrame":{"__uuid__":"6bj+TqiDhMgZUsAYgI40Qx"}}],"_prefab":{"__type__":"cc.PrefabInfo","root":{"__id__":1},"asset":{"__uuid__":"41FJp4BmRDlYkei/+3N8ue"},"fileId":"1fE3VImOlAAoMjp5mK694F"},"_contentSize":{"__type__":"cc.Size","width":91,"height":90},"_trs":{"__type__":"TypedArray","ctor":"Float64Array","array":[-137,-58,0,0,0,0,1,1,1,1]}},{"__type__":"cc.Node","_name":"苹果","_parent":{"__id__":1},"_components":[{"__type__":"cc.Sprite","node":{"__id__":7},"_spriteFrame":{"__uuid__":"91Ru8hwBRCLa49qw3dwFEy"}},{"__type__":"cc.CircleCollider","node":{"__id__":7},"_radius":42},{"__type__":"ae625r/YtBJ25oY3QCSGq6M","node":{"__id__":7},"halfItemPrefab":{"__uuid__":"cf7q/ZQ3ZCFrnZb/+rHlY2"},"spinePrefab":{"__uuid__":"8cv8yPSxpO96zY8VNM4NOq"},"sliceItemSpriteFrame":{"__uuid__":"c2rvwbQ4xBpappNU4njhsR"},"pointSpriteFrame":{"__uuid__":"6bj+TqiDhMgZUsAYgI40Qx"}}],"_prefab":{"__type__":"cc.PrefabInfo","root":{"__id__":1},"asset":{"__uuid__":"41FJp4BmRDlYkei/+3N8ue"},"fileId":"0a+A65T6ZDsLbB7YUyjdiI"},"_contentSize":{"__type__":"cc.Size","width":91,"height":90},"_trs":{"__type__":"TypedArray","ctor":"Float64Array","array":[129,-57,0,0,0,0,1,1,1,1]}},{"__type__":"cc.Node","_name":"苹果","_parent":{"__id__":1},"_components":[{"__type__":"cc.Sprite","node":{"__id__":8},"_spriteFrame":{"__uuid__":"91Ru8hwBRCLa49qw3dwFEy"}},{"__type__":"cc.CircleCollider","node":{"__id__":8},"_radius":42},{"__type__":"ae625r/YtBJ25oY3QCSGq6M","node":{"__id__":8},"halfItemPrefab":{"__uuid__":"cf7q/ZQ3ZCFrnZb/+rHlY2"},"spinePrefab":{"__uuid__":"8cv8yPSxpO96zY8VNM4NOq"},"sliceItemSpriteFrame":{"__uuid__":"c2rvwbQ4xBpappNU4njhsR"},"pointSpriteFrame":{"__uuid__":"6bj+TqiDhMgZUsAYgI40Qx"}}],"_prefab":{"__type__":"cc.PrefabInfo","root":{"__id__":1},"asset":{"__uuid__":"41FJp4BmRDlYkei/+3N8ue"},"fileId":"39T9mg/Y9MqKopB+QAlPDO"},"_contentSize":{"__type__":"cc.Size","width":91,"height":90},"_trs":{"__type__":"TypedArray","ctor":"Float64Array","array":[80,-136,0,0,0,0,1,1,1,1]}},{"__type__":"cc.Node","_name":"苹果","_parent":{"__id__":1},"_components":[{"__type__":"cc.Sprite","node":{"__id__":9},"_spriteFrame":{"__uuid__":"91Ru8hwBRCLa49qw3dwFEy"}},{"__type__":"cc.CircleCollider","node":{"__id__":9},"_radius":42},{"__type__":"ae625r/YtBJ25oY3QCSGq6M","node":{"__id__":9},"halfItemPrefab":{"__uuid__":"cf7q/ZQ3ZCFrnZb/+rHlY2"},"spinePrefab":{"__uuid__":"8cv8yPSxpO96zY8VNM4NOq"},"sliceItemSpriteFrame":{"__uuid__":"c2rvwbQ4xBpappNU4njhsR"},"pointSpriteFrame":{"__uuid__":"6bj+TqiDhMgZUsAYgI40Qx"}}],"_prefab":{"__type__":"cc.PrefabInfo","root":{"__id__":1},"asset":{"__uuid__":"41FJp4BmRDlYkei/+3N8ue"},"fileId":"379EaszklI0roLqluNUKqM"},"_contentSize":{"__type__":"cc.Size","width":91,"height":90},"_trs":{"__type__":"TypedArray","ctor":"Float64Array","array":[-129,39,0,0,0,0,1,1,1,1]}},{"__type__":"cc.Node","_name":"苹果","_parent":{"__id__":1},"_components":[{"__type__":"cc.Sprite","node":{"__id__":10},"_spriteFrame":{"__uuid__":"91Ru8hwBRCLa49qw3dwFEy"}},{"__type__":"cc.CircleCollider","node":{"__id__":10},"_radius":42},{"__type__":"ae625r/YtBJ25oY3QCSGq6M","node":{"__id__":10},"halfItemPrefab":{"__uuid__":"cf7q/ZQ3ZCFrnZb/+rHlY2"},"spinePrefab":{"__uuid__":"8cv8yPSxpO96zY8VNM4NOq"},"sliceItemSpriteFrame":{"__uuid__":"c2rvwbQ4xBpappNU4njhsR"},"pointSpriteFrame":{"__uuid__":"6bj+TqiDhMgZUsAYgI40Qx"}}],"_prefab":{"__type__":"cc.PrefabInfo","root":{"__id__":1},"asset":{"__uuid__":"41FJp4BmRDlYkei/+3N8ue"},"fileId":"e8hUQt52JGLr61vFTLH0Rh"},"_contentSize":{"__type__":"cc.Size","width":91,"height":90},"_trs":{"__type__":"TypedArray","ctor":"Float64Array","array":[130,38,0,0,0,0,1,1,1,1]}},{"__type__":"cc.Node","_name":"苹果","_parent":{"__id__":1},"_components":[{"__type__":"cc.Sprite","node":{"__id__":11},"_spriteFrame":{"__uuid__":"91Ru8hwBRCLa49qw3dwFEy"}},{"__type__":"cc.CircleCollider","node":{"__id__":11},"_radius":42},{"__type__":"ae625r/YtBJ25oY3QCSGq6M","node":{"__id__":11},"halfItemPrefab":{"__uuid__":"cf7q/ZQ3ZCFrnZb/+rHlY2"},"spinePrefab":{"__uuid__":"8cv8yPSxpO96zY8VNM4NOq"},"sliceItemSpriteFrame":{"__uuid__":"c2rvwbQ4xBpappNU4njhsR"},"pointSpriteFrame":{"__uuid__":"6bj+TqiDhMgZUsAYgI40Qx"}}],"_prefab":{"__type__":"cc.PrefabInfo","root":{"__id__":1},"asset":{"__uuid__":"41FJp4BmRDlYkei/+3N8ue"},"fileId":"39Zv89AdFEWrqv2doaflTA"},"_contentSize":{"__type__":"cc.Size","width":91,"height":90},"_trs":{"__type__":"TypedArray","ctor":"Float64Array","array":[-83,131,0,0,0,0,1,1,1,1]}},{"__type__":"cc.Node","_name":"苹果","_parent":{"__id__":1},"_components":[{"__type__":"cc.Sprite","node":{"__id__":12},"_spriteFrame":{"__uuid__":"91Ru8hwBRCLa49qw3dwFEy"}},{"__type__":"cc.CircleCollider","node":{"__id__":12},"_radius":42},{"__type__":"ae625r/YtBJ25oY3QCSGq6M","node":{"__id__":12},"halfItemPrefab":{"__uuid__":"cf7q/ZQ3ZCFrnZb/+rHlY2"},"spinePrefab":{"__uuid__":"8cv8yPSxpO96zY8VNM4NOq"},"sliceItemSpriteFrame":{"__uuid__":"c2rvwbQ4xBpappNU4njhsR"},"pointSpriteFrame":{"__uuid__":"6bj+TqiDhMgZUsAYgI40Qx"}}],"_prefab":{"__type__":"cc.PrefabInfo","root":{"__id__":1},"asset":{"__uuid__":"41FJp4BmRDlYkei/+3N8ue"},"fileId":"c9egg4FklN/ot+qJukTRKj"},"_contentSize":{"__type__":"cc.Size","width":91,"height":90},"_trs":{"__type__":"TypedArray","ctor":"Float64Array","array":[85,126,0,0,0,0,1,1,1,1]}},{"__type__":"cc.Node","_name":"苹果","_parent":{"__id__":1},"_components":[{"__type__":"cc.Sprite","node":{"__id__":13},"_spriteFrame":{"__uuid__":"91Ru8hwBRCLa49qw3dwFEy"}},{"__type__":"cc.CircleCollider","node":{"__id__":13},"_radius":42},{"__type__":"ae625r/YtBJ25oY3QCSGq6M","node":{"__id__":13},"halfItemPrefab":{"__uuid__":"cf7q/ZQ3ZCFrnZb/+rHlY2"},"spinePrefab":{"__uuid__":"8cv8yPSxpO96zY8VNM4NOq"},"sliceItemSpriteFrame":{"__uuid__":"c2rvwbQ4xBpappNU4njhsR"},"pointSpriteFrame":{"__uuid__":"6bj+TqiDhMgZUsAYgI40Qx"}}],"_prefab":{"__type__":"cc.PrefabInfo","root":{"__id__":1},"asset":{"__uuid__":"41FJp4BmRDlYkei/+3N8ue"},"fileId":"9fxndIQvJNMqQ+uJKoVF/x"},"_contentSize":{"__type__":"cc.Size","width":91,"height":90},"_trs":{"__type__":"TypedArray","ctor":"Float64Array","array":[0,-194,0,0,0,0,1,1,1,1]}},{"__type__":"cc.Node","_name":"苹果","_parent":{"__id__":1},"_components":[{"__type__":"cc.Sprite","node":{"__id__":14},"_spriteFrame":{"__uuid__":"91Ru8hwBRCLa49qw3dwFEy"}},{"__type__":"cc.CircleCollider","node":{"__id__":14},"_radius":42},{"__type__":"ae625r/YtBJ25oY3QCSGq6M","node":{"__id__":14},"halfItemPrefab":{"__uuid__":"cf7q/ZQ3ZCFrnZb/+rHlY2"},"spinePrefab":{"__uuid__":"8cv8yPSxpO96zY8VNM4NOq"},"sliceItemSpriteFrame":{"__uuid__":"c2rvwbQ4xBpappNU4njhsR"},"pointSpriteFrame":{"__uuid__":"6bj+TqiDhMgZUsAYgI40Qx"}}],"_prefab":{"__type__":"cc.PrefabInfo","root":{"__id__":1},"asset":{"__uuid__":"41FJp4BmRDlYkei/+3N8ue"},"fileId":"65ZINLKMtLjr64fZIo/5T8"},"_contentSize":{"__type__":"cc.Size","width":91,"height":90},"_trs":{"__type__":"TypedArray","ctor":"Float64Array","array":[0,187,0,0,0,0,1,1,1,1]}},{"__type__":"cc.Node","_name":"苹果","_parent":{"__id__":1},"_components":[{"__type__":"cc.Sprite","node":{"__id__":15},"_spriteFrame":{"__uuid__":"91Ru8hwBRCLa49qw3dwFEy"}},{"__type__":"cc.CircleCollider","node":{"__id__":15},"_radius":42},{"__type__":"ae625r/YtBJ25oY3QCSGq6M","node":{"__id__":15},"halfItemPrefab":{"__uuid__":"cf7q/ZQ3ZCFrnZb/+rHlY2"},"spinePrefab":{"__uuid__":"8cv8yPSxpO96zY8VNM4NOq"},"sliceItemSpriteFrame":{"__uuid__":"c2rvwbQ4xBpappNU4njhsR"},"pointSpriteFrame":{"__uuid__":"6bj+TqiDhMgZUsAYgI40Qx"}}],"_prefab":{"__type__":"cc.PrefabInfo","root":{"__id__":1},"asset":{"__uuid__":"41FJp4BmRDlYkei/+3N8ue"},"fileId":"65IqfP5khMLJiQlOuKxp7z"},"_contentSize":{"__type__":"cc.Size","width":91,"height":90},"_trs":{"__type__":"TypedArray","ctor":"Float64Array","array":[0,-99,0,0,0,0,1,1,1,1]}},{"__type__":"cc.Node","_name":"苹果","_parent":{"__id__":1},"_components":[{"__type__":"cc.Sprite","node":{"__id__":16},"_spriteFrame":{"__uuid__":"91Ru8hwBRCLa49qw3dwFEy"}},{"__type__":"cc.CircleCollider","node":{"__id__":16},"_radius":42},{"__type__":"ae625r/YtBJ25oY3QCSGq6M","node":{"__id__":16},"halfItemPrefab":{"__uuid__":"cf7q/ZQ3ZCFrnZb/+rHlY2"},"spinePrefab":{"__uuid__":"8cv8yPSxpO96zY8VNM4NOq"},"sliceItemSpriteFrame":{"__uuid__":"c2rvwbQ4xBpappNU4njhsR"},"pointSpriteFrame":{"__uuid__":"6bj+TqiDhMgZUsAYgI40Qx"}}],"_prefab":{"__type__":"cc.PrefabInfo","root":{"__id__":1},"asset":{"__uuid__":"41FJp4BmRDlYkei/+3N8ue"},"fileId":"17iglplr9LkrGpzjIbd73Y"},"_contentSize":{"__type__":"cc.Size","width":91,"height":90},"_trs":{"__type__":"TypedArray","ctor":"Float64Array","array":[0,99,0,0,0,0,1,1,1,1]}}],{"__type__":"cc.SpriteFrame","content":{"name":"点","texture":"384YhYzYpKdrjInpCDyQsT","rect":[0,0,16,16],"offset":[0,0],"originalSize":[16,16],"capInsets":[0,0,0,0]}},{"__type__":"cc.SpriteFrame","content":{"name":"apple","texture":"f9u6MgI4FPK7XZxI51d0LU","rect":[0,0,91,90],"offset":[0,0],"originalSize":[91,90],"capInsets":[0,0,0,0]}},{"__type__":"cc.SpriteFrame","content":{"name":"Apple","texture":"a8YGMIkX1I2aBTP44e+lCA","rect":[0,0,138,17],"offset":[0,0],"originalSize":[138,17],"capInsets":[3,0,3,0]}}]