[{"__type__":"cc.SpriteFrame","content":{"name":"点","texture":"384YhYzYpKdrjInpCDyQsT","rect":[0,0,16,16],"offset":[0,0],"originalSize":[16,16],"capInsets":[0,0,0,0]}},[{"__type__":"cc.Prefab","_name":"items33","data":{"__id__":1}},{"__type__":"cc.Node","_name":"items33","_children":[{"__id__":2},{"__id__":3},{"__id__":4},{"__id__":5},{"__id__":6},{"__id__":7},{"__id__":8}],"_components":[{"__type__":"053c2u4k8ZBwroDC3cDQoVF","node":{"__id__":1}}],"_prefab":{"__type__":"cc.PrefabInfo","root":{"__id__":1},"asset":{"__uuid__":"947eMRihxAoY9+rQo7/9qU"},"fileId":"58n0mq6W9AO6mzURT2X+oc"},"_trs":{"__type__":"TypedArray","ctor":"Float64Array","array":[0,0,0,0,0,0,1,1,1,1]}},{"__type__":"cc.Node","_name":"shiliu","_parent":{"__id__":1},"_components":[{"__type__":"cc.Sprite","node":{"__id__":2},"_spriteFrame":{"__uuid__":"b0BxdcSqFNca9mVxLnA/EO"},"_sizeMode":0},{"__type__":"cc.CircleCollider","node":{"__id__":2},"_offset":{"__type__":"cc.Vec2","y":-15},"_radius":42},{"__type__":"ae625r/YtBJ25oY3QCSGq6M","node":{"__id__":2},"halfItemPrefab":{"__uuid__":"ecmxJDnplMcaU/XUP0hg7o"},"spinePrefab":{"__uuid__":"73HhGIL5hPQJEs5ZLy8U4n"},"sliceItemSpriteFrame":{"__uuid__":"c2rvwbQ4xBpappNU4njhsR"},"pointSpriteFrame":{"__uuid__":"6bj+TqiDhMgZUsAYgI40Qx"}}],"_prefab":{"__type__":"cc.PrefabInfo","root":{"__id__":1},"asset":{"__uuid__":"947eMRihxAoY9+rQo7/9qU"},"fileId":"4cjq3VXC9ByZCA6DU/b4wq"},"_contentSize":{"__type__":"cc.Size","width":103.8,"height":117},"_trs":{"__type__":"TypedArray","ctor":"Float64Array","array":[-135.3,109.5,0,0,0,0,1,1,1,1]}},{"__type__":"cc.Node","_name":"shiliu copy","_parent":{"__id__":1},"_components":[{"__type__":"cc.Sprite","node":{"__id__":3},"_spriteFrame":{"__uuid__":"b0BxdcSqFNca9mVxLnA/EO"},"_sizeMode":0},{"__type__":"cc.CircleCollider","node":{"__id__":3},"_offset":{"__type__":"cc.Vec2","y":-15},"_radius":42},{"__type__":"ae625r/YtBJ25oY3QCSGq6M","node":{"__id__":3},"halfItemPrefab":{"__uuid__":"ecmxJDnplMcaU/XUP0hg7o"},"spinePrefab":{"__uuid__":"73HhGIL5hPQJEs5ZLy8U4n"},"sliceItemSpriteFrame":{"__uuid__":"c2rvwbQ4xBpappNU4njhsR"},"pointSpriteFrame":{"__uuid__":"6bj+TqiDhMgZUsAYgI40Qx"}}],"_prefab":{"__type__":"cc.PrefabInfo","root":{"__id__":1},"asset":{"__uuid__":"947eMRihxAoY9+rQo7/9qU"},"fileId":"715akkPtJKWoOncj7mT3OY"},"_contentSize":{"__type__":"cc.Size","width":103.8,"height":117},"_trs":{"__type__":"TypedArray","ctor":"Float64Array","array":[0,205.8,0,0,0,0,1,1,1,1]}},{"__type__":"cc.Node","_name":"shiliu copy","_parent":{"__id__":1},"_components":[{"__type__":"cc.Sprite","node":{"__id__":4},"_spriteFrame":{"__uuid__":"b0BxdcSqFNca9mVxLnA/EO"},"_sizeMode":0},{"__type__":"cc.CircleCollider","node":{"__id__":4},"_offset":{"__type__":"cc.Vec2","y":-15},"_radius":42},{"__type__":"ae625r/YtBJ25oY3QCSGq6M","node":{"__id__":4},"halfItemPrefab":{"__uuid__":"ecmxJDnplMcaU/XUP0hg7o"},"spinePrefab":{"__uuid__":"73HhGIL5hPQJEs5ZLy8U4n"},"sliceItemSpriteFrame":{"__uuid__":"c2rvwbQ4xBpappNU4njhsR"},"pointSpriteFrame":{"__uuid__":"6bj+TqiDhMgZUsAYgI40Qx"}}],"_prefab":{"__type__":"cc.PrefabInfo","root":{"__id__":1},"asset":{"__uuid__":"947eMRihxAoY9+rQo7/9qU"},"fileId":"94HBq6soBIZafmsH1kSYqX"},"_contentSize":{"__type__":"cc.Size","width":103.8,"height":117},"_trs":{"__type__":"TypedArray","ctor":"Float64Array","array":[136,108.1,0,0,0,0,1,1,1,1]}},{"__type__":"cc.Node","_name":"shiliu copy","_parent":{"__id__":1},"_components":[{"__type__":"cc.Sprite","node":{"__id__":5},"_spriteFrame":{"__uuid__":"b0BxdcSqFNca9mVxLnA/EO"},"_sizeMode":0},{"__type__":"cc.CircleCollider","node":{"__id__":5},"_offset":{"__type__":"cc.Vec2","y":-15},"_radius":42},{"__type__":"ae625r/YtBJ25oY3QCSGq6M","node":{"__id__":5},"halfItemPrefab":{"__uuid__":"ecmxJDnplMcaU/XUP0hg7o"},"spinePrefab":{"__uuid__":"73HhGIL5hPQJEs5ZLy8U4n"},"sliceItemSpriteFrame":{"__uuid__":"c2rvwbQ4xBpappNU4njhsR"},"pointSpriteFrame":{"__uuid__":"6bj+TqiDhMgZUsAYgI40Qx"}}],"_prefab":{"__type__":"cc.PrefabInfo","root":{"__id__":1},"asset":{"__uuid__":"947eMRihxAoY9+rQo7/9qU"},"fileId":"26h9mhKD5JzbtScRklMCJ1"},"_contentSize":{"__type__":"cc.Size","width":103.8,"height":117},"_trs":{"__type__":"TypedArray","ctor":"Float64Array","array":[-114,-99,0,0,0,0,1,1,1,1]}},{"__type__":"cc.Node","_name":"shiliu copy","_parent":{"__id__":1},"_components":[{"__type__":"cc.Sprite","node":{"__id__":6},"_spriteFrame":{"__uuid__":"b0BxdcSqFNca9mVxLnA/EO"},"_sizeMode":0},{"__type__":"cc.CircleCollider","node":{"__id__":6},"_offset":{"__type__":"cc.Vec2","y":-15},"_radius":42},{"__type__":"ae625r/YtBJ25oY3QCSGq6M","node":{"__id__":6},"halfItemPrefab":{"__uuid__":"ecmxJDnplMcaU/XUP0hg7o"},"spinePrefab":{"__uuid__":"73HhGIL5hPQJEs5ZLy8U4n"},"sliceItemSpriteFrame":{"__uuid__":"c2rvwbQ4xBpappNU4njhsR"},"pointSpriteFrame":{"__uuid__":"6bj+TqiDhMgZUsAYgI40Qx"}}],"_prefab":{"__type__":"cc.PrefabInfo","root":{"__id__":1},"asset":{"__uuid__":"947eMRihxAoY9+rQo7/9qU"},"fileId":"996ApLMo5IFaMkvkbzAf3K"},"_contentSize":{"__type__":"cc.Size","width":103.8,"height":117},"_trs":{"__type__":"TypedArray","ctor":"Float64Array","array":[109,-90,0,0,0,0,1,1,1,1]}},{"__type__":"cc.Node","_name":"shiliu copy","_parent":{"__id__":1},"_components":[{"__type__":"cc.Sprite","node":{"__id__":7},"_spriteFrame":{"__uuid__":"b0BxdcSqFNca9mVxLnA/EO"},"_sizeMode":0},{"__type__":"cc.CircleCollider","node":{"__id__":7},"_offset":{"__type__":"cc.Vec2","y":-15},"_radius":42},{"__type__":"ae625r/YtBJ25oY3QCSGq6M","node":{"__id__":7},"halfItemPrefab":{"__uuid__":"ecmxJDnplMcaU/XUP0hg7o"},"spinePrefab":{"__uuid__":"73HhGIL5hPQJEs5ZLy8U4n"},"sliceItemSpriteFrame":{"__uuid__":"c2rvwbQ4xBpappNU4njhsR"},"pointSpriteFrame":{"__uuid__":"6bj+TqiDhMgZUsAYgI40Qx"}}],"_prefab":{"__type__":"cc.PrefabInfo","root":{"__id__":1},"asset":{"__uuid__":"947eMRihxAoY9+rQo7/9qU"},"fileId":"4c3AH1LS5P5r+8jdxTbsEb"},"_contentSize":{"__type__":"cc.Size","width":103.8,"height":117},"_trs":{"__type__":"TypedArray","ctor":"Float64Array","array":[5,-212,0,0,0,0,1,1,1,1]}},{"__type__":"cc.Node","_name":"shiliu copy","_parent":{"__id__":1},"_components":[{"__type__":"cc.Sprite","node":{"__id__":8},"_spriteFrame":{"__uuid__":"b0BxdcSqFNca9mVxLnA/EO"},"_sizeMode":0},{"__type__":"cc.CircleCollider","node":{"__id__":8},"_offset":{"__type__":"cc.Vec2","y":-15},"_radius":42},{"__type__":"ae625r/YtBJ25oY3QCSGq6M","node":{"__id__":8},"halfItemPrefab":{"__uuid__":"ecmxJDnplMcaU/XUP0hg7o"},"spinePrefab":{"__uuid__":"73HhGIL5hPQJEs5ZLy8U4n"},"sliceItemSpriteFrame":{"__uuid__":"c2rvwbQ4xBpappNU4njhsR"},"pointSpriteFrame":{"__uuid__":"6bj+TqiDhMgZUsAYgI40Qx"}}],"_prefab":{"__type__":"cc.PrefabInfo","root":{"__id__":1},"asset":{"__uuid__":"947eMRihxAoY9+rQo7/9qU"},"fileId":"cfgLhHuepC9rsDWjmapyDj"},"_contentSize":{"__type__":"cc.Size","width":103.8,"height":117},"_trs":{"__type__":"TypedArray","ctor":"Float64Array","array":[1.4,13.3,0,0,0,0,1,1,1,1]}}],{"__type__":"cc.SpriteFrame","content":{"name":"shiliu","texture":"57rbY3XIZP0JhTlHrZTmJ3","rect":[0,0,173,195],"offset":[0,0],"originalSize":[173,195],"capInsets":[0,0,0,0]}},{"__type__":"cc.SpriteFrame","content":{"name":"Apple","texture":"a8YGMIkX1I2aBTP44e+lCA","rect":[0,0,138,17],"offset":[0,0],"originalSize":[138,17],"capInsets":[3,0,3,0]}}]