[{"__type__":"cc.SpriteFrame","content":{"name":"点","texture":"384YhYzYpKdrjInpCDyQsT","rect":[0,0,16,16],"offset":[0,0],"originalSize":[16,16],"capInsets":[0,0,0,0]}},{"__type__":"cc.SpriteFrame","content":{"name":"猕猴桃","texture":"13XKgp569FhJQj4f00d1yn","rect":[0,0,138,17],"offset":[0,0],"originalSize":[138,17],"capInsets":[3,0,3,0]}},[{"__type__":"cc.Prefab","_name":"items16","data":{"__id__":1}},{"__type__":"cc.Node","_name":"items16","_children":[{"__id__":2},{"__id__":3},{"__id__":4},{"__id__":5},{"__id__":6},{"__id__":7},{"__id__":8},{"__id__":9},{"__id__":10},{"__id__":11},{"__id__":12},{"__id__":13},{"__id__":14},{"__id__":15}],"_components":[{"__type__":"053c2u4k8ZBwroDC3cDQoVF","node":{"__id__":1}}],"_prefab":{"__type__":"cc.PrefabInfo","root":{"__id__":1},"asset":{"__uuid__":"c9YykuMhNEy4Z/+TJnMHdV"},"fileId":"9ccKhURHVBWqAhdzqeceUe"},"_trs":{"__type__":"TypedArray","ctor":"Float64Array","array":[0,0,0,0,0,0,1,1,1,1]}},{"__type__":"cc.Node","_name":"奇异果","_parent":{"__id__":1},"_components":[{"__type__":"cc.Sprite","node":{"__id__":2},"_spriteFrame":{"__uuid__":"dbD2i5M2hEgaOZLLZ/Ye0v"}},{"__type__":"cc.CircleCollider","node":{"__id__":2},"_radius":42},{"__type__":"ae625r/YtBJ25oY3QCSGq6M","node":{"__id__":2},"halfItemPrefab":{"__uuid__":"69+mS1eQVHG7KuLdo+xDvY"},"spinePrefab":{"__uuid__":"35Fu6mEGJC7qDbM0JtrdfN"},"sliceItemSpriteFrame":{"__uuid__":"bbEkI2BO5MeJV4KSu5Lq3N"},"pointSpriteFrame":{"__uuid__":"6bj+TqiDhMgZUsAYgI40Qx"}}],"_prefab":{"__type__":"cc.PrefabInfo","root":{"__id__":1},"asset":{"__uuid__":"c9YykuMhNEy4Z/+TJnMHdV"},"fileId":"6aXLleHpdA+7wwFALR86j+"},"_contentSize":{"__type__":"cc.Size","width":77,"height":87},"_trs":{"__type__":"TypedArray","ctor":"Float64Array","array":[0,90,0,0,0,0,1,1,1,1]}},{"__type__":"cc.Node","_name":"奇异果","_parent":{"__id__":1},"_components":[{"__type__":"cc.Sprite","node":{"__id__":3},"_spriteFrame":{"__uuid__":"dbD2i5M2hEgaOZLLZ/Ye0v"}},{"__type__":"cc.CircleCollider","node":{"__id__":3},"_radius":42},{"__type__":"ae625r/YtBJ25oY3QCSGq6M","node":{"__id__":3},"halfItemPrefab":{"__uuid__":"69+mS1eQVHG7KuLdo+xDvY"},"spinePrefab":{"__uuid__":"35Fu6mEGJC7qDbM0JtrdfN"},"sliceItemSpriteFrame":{"__uuid__":"bbEkI2BO5MeJV4KSu5Lq3N"},"pointSpriteFrame":{"__uuid__":"6bj+TqiDhMgZUsAYgI40Qx"}}],"_prefab":{"__type__":"cc.PrefabInfo","root":{"__id__":1},"asset":{"__uuid__":"c9YykuMhNEy4Z/+TJnMHdV"},"fileId":"5a8XcenaZOJ4gkzBCI7go2"},"_contentSize":{"__type__":"cc.Size","width":77,"height":87},"_trs":{"__type__":"TypedArray","ctor":"Float64Array","array":[0,-90,0,0,0,0,1,1,1,1]}},{"__type__":"cc.Node","_name":"奇异果","_parent":{"__id__":1},"_components":[{"__type__":"cc.Sprite","node":{"__id__":4},"_spriteFrame":{"__uuid__":"dbD2i5M2hEgaOZLLZ/Ye0v"}},{"__type__":"cc.CircleCollider","node":{"__id__":4},"_radius":42},{"__type__":"ae625r/YtBJ25oY3QCSGq6M","node":{"__id__":4},"halfItemPrefab":{"__uuid__":"69+mS1eQVHG7KuLdo+xDvY"},"spinePrefab":{"__uuid__":"35Fu6mEGJC7qDbM0JtrdfN"},"sliceItemSpriteFrame":{"__uuid__":"bbEkI2BO5MeJV4KSu5Lq3N"},"pointSpriteFrame":{"__uuid__":"6bj+TqiDhMgZUsAYgI40Qx"}}],"_prefab":{"__type__":"cc.PrefabInfo","root":{"__id__":1},"asset":{"__uuid__":"c9YykuMhNEy4Z/+TJnMHdV"},"fileId":"1f5Nm0x69LTpRwR8/5PYbq"},"_contentSize":{"__type__":"cc.Size","width":77,"height":87},"_trs":{"__type__":"TypedArray","ctor":"Float64Array","array":[0,0,0,0,0,0,1,1,1,1]}},{"__type__":"cc.Node","_name":"奇异果","_parent":{"__id__":1},"_components":[{"__type__":"cc.Sprite","node":{"__id__":5},"_spriteFrame":{"__uuid__":"dbD2i5M2hEgaOZLLZ/Ye0v"}},{"__type__":"cc.CircleCollider","node":{"__id__":5},"_radius":42},{"__type__":"ae625r/YtBJ25oY3QCSGq6M","node":{"__id__":5},"halfItemPrefab":{"__uuid__":"69+mS1eQVHG7KuLdo+xDvY"},"spinePrefab":{"__uuid__":"35Fu6mEGJC7qDbM0JtrdfN"},"sliceItemSpriteFrame":{"__uuid__":"bbEkI2BO5MeJV4KSu5Lq3N"},"pointSpriteFrame":{"__uuid__":"6bj+TqiDhMgZUsAYgI40Qx"}}],"_prefab":{"__type__":"cc.PrefabInfo","root":{"__id__":1},"asset":{"__uuid__":"c9YykuMhNEy4Z/+TJnMHdV"},"fileId":"b8fz/o+ctCr7uHSI846M9s"},"_contentSize":{"__type__":"cc.Size","width":77,"height":87},"_trs":{"__type__":"TypedArray","ctor":"Float64Array","array":[0,0,0,0,0,0,1,1,1,1]}},{"__type__":"cc.Node","_name":"奇异果","_parent":{"__id__":1},"_components":[{"__type__":"cc.Sprite","node":{"__id__":6},"_spriteFrame":{"__uuid__":"dbD2i5M2hEgaOZLLZ/Ye0v"}},{"__type__":"cc.CircleCollider","node":{"__id__":6},"_radius":42},{"__type__":"ae625r/YtBJ25oY3QCSGq6M","node":{"__id__":6},"halfItemPrefab":{"__uuid__":"69+mS1eQVHG7KuLdo+xDvY"},"spinePrefab":{"__uuid__":"35Fu6mEGJC7qDbM0JtrdfN"},"sliceItemSpriteFrame":{"__uuid__":"bbEkI2BO5MeJV4KSu5Lq3N"},"pointSpriteFrame":{"__uuid__":"6bj+TqiDhMgZUsAYgI40Qx"}}],"_prefab":{"__type__":"cc.PrefabInfo","root":{"__id__":1},"asset":{"__uuid__":"c9YykuMhNEy4Z/+TJnMHdV"},"fileId":"bdr1gTtJdEIIzeU1kXi848"},"_contentSize":{"__type__":"cc.Size","width":77,"height":87},"_trs":{"__type__":"TypedArray","ctor":"Float64Array","array":[85,-39,0,0,0,0,1,1,1,1]}},{"__type__":"cc.Node","_name":"奇异果","_parent":{"__id__":1},"_components":[{"__type__":"cc.Sprite","node":{"__id__":7},"_spriteFrame":{"__uuid__":"dbD2i5M2hEgaOZLLZ/Ye0v"}},{"__type__":"cc.CircleCollider","node":{"__id__":7},"_radius":42},{"__type__":"ae625r/YtBJ25oY3QCSGq6M","node":{"__id__":7},"halfItemPrefab":{"__uuid__":"69+mS1eQVHG7KuLdo+xDvY"},"spinePrefab":{"__uuid__":"35Fu6mEGJC7qDbM0JtrdfN"},"sliceItemSpriteFrame":{"__uuid__":"bbEkI2BO5MeJV4KSu5Lq3N"},"pointSpriteFrame":{"__uuid__":"6bj+TqiDhMgZUsAYgI40Qx"}}],"_prefab":{"__type__":"cc.PrefabInfo","root":{"__id__":1},"asset":{"__uuid__":"c9YykuMhNEy4Z/+TJnMHdV"},"fileId":"295pKVoZ9P+Y2lZVcje7XN"},"_contentSize":{"__type__":"cc.Size","width":77,"height":87},"_trs":{"__type__":"TypedArray","ctor":"Float64Array","array":[76,133,0,0,0,0,1,1,1,1]}},{"__type__":"cc.Node","_name":"奇异果","_parent":{"__id__":1},"_components":[{"__type__":"cc.Sprite","node":{"__id__":8},"_spriteFrame":{"__uuid__":"dbD2i5M2hEgaOZLLZ/Ye0v"}},{"__type__":"cc.CircleCollider","node":{"__id__":8},"_radius":42},{"__type__":"ae625r/YtBJ25oY3QCSGq6M","node":{"__id__":8},"halfItemPrefab":{"__uuid__":"69+mS1eQVHG7KuLdo+xDvY"},"spinePrefab":{"__uuid__":"35Fu6mEGJC7qDbM0JtrdfN"},"sliceItemSpriteFrame":{"__uuid__":"bbEkI2BO5MeJV4KSu5Lq3N"},"pointSpriteFrame":{"__uuid__":"6bj+TqiDhMgZUsAYgI40Qx"}}],"_prefab":{"__type__":"cc.PrefabInfo","root":{"__id__":1},"asset":{"__uuid__":"c9YykuMhNEy4Z/+TJnMHdV"},"fileId":"36qLCwzuFE0ZV72HvDVNwC"},"_contentSize":{"__type__":"cc.Size","width":77,"height":87},"_trs":{"__type__":"TypedArray","ctor":"Float64Array","array":[-83,37,0,0,0,0,1,1,1,1]}},{"__type__":"cc.Node","_name":"奇异果","_parent":{"__id__":1},"_components":[{"__type__":"cc.Sprite","node":{"__id__":9},"_spriteFrame":{"__uuid__":"dbD2i5M2hEgaOZLLZ/Ye0v"}},{"__type__":"cc.CircleCollider","node":{"__id__":9},"_radius":42},{"__type__":"ae625r/YtBJ25oY3QCSGq6M","node":{"__id__":9},"halfItemPrefab":{"__uuid__":"69+mS1eQVHG7KuLdo+xDvY"},"spinePrefab":{"__uuid__":"35Fu6mEGJC7qDbM0JtrdfN"},"sliceItemSpriteFrame":{"__uuid__":"bbEkI2BO5MeJV4KSu5Lq3N"},"pointSpriteFrame":{"__uuid__":"6bj+TqiDhMgZUsAYgI40Qx"}}],"_prefab":{"__type__":"cc.PrefabInfo","root":{"__id__":1},"asset":{"__uuid__":"c9YykuMhNEy4Z/+TJnMHdV"},"fileId":"ffhhFZ6SNGHrpph+Fo3MpA"},"_contentSize":{"__type__":"cc.Size","width":77,"height":87},"_trs":{"__type__":"TypedArray","ctor":"Float64Array","array":[87,-133,0,0,0,0,1,1,1,1]}},{"__type__":"cc.Node","_name":"奇异果","_parent":{"__id__":1},"_components":[{"__type__":"cc.Sprite","node":{"__id__":10},"_spriteFrame":{"__uuid__":"dbD2i5M2hEgaOZLLZ/Ye0v"}},{"__type__":"cc.CircleCollider","node":{"__id__":10},"_radius":42},{"__type__":"ae625r/YtBJ25oY3QCSGq6M","node":{"__id__":10},"halfItemPrefab":{"__uuid__":"69+mS1eQVHG7KuLdo+xDvY"},"spinePrefab":{"__uuid__":"35Fu6mEGJC7qDbM0JtrdfN"},"sliceItemSpriteFrame":{"__uuid__":"bbEkI2BO5MeJV4KSu5Lq3N"},"pointSpriteFrame":{"__uuid__":"6bj+TqiDhMgZUsAYgI40Qx"}}],"_prefab":{"__type__":"cc.PrefabInfo","root":{"__id__":1},"asset":{"__uuid__":"c9YykuMhNEy4Z/+TJnMHdV"},"fileId":"20c+1A7AlMX6lKhZCeZsRW"},"_contentSize":{"__type__":"cc.Size","width":77,"height":87},"_trs":{"__type__":"TypedArray","ctor":"Float64Array","array":[0,180,0,0,0,0,1,1,1,1]}},{"__type__":"cc.Node","_name":"奇异果","_parent":{"__id__":1},"_components":[{"__type__":"cc.Sprite","node":{"__id__":11},"_spriteFrame":{"__uuid__":"dbD2i5M2hEgaOZLLZ/Ye0v"}},{"__type__":"cc.CircleCollider","node":{"__id__":11},"_radius":42},{"__type__":"ae625r/YtBJ25oY3QCSGq6M","node":{"__id__":11},"halfItemPrefab":{"__uuid__":"69+mS1eQVHG7KuLdo+xDvY"},"spinePrefab":{"__uuid__":"35Fu6mEGJC7qDbM0JtrdfN"},"sliceItemSpriteFrame":{"__uuid__":"bbEkI2BO5MeJV4KSu5Lq3N"},"pointSpriteFrame":{"__uuid__":"6bj+TqiDhMgZUsAYgI40Qx"}}],"_prefab":{"__type__":"cc.PrefabInfo","root":{"__id__":1},"asset":{"__uuid__":"c9YykuMhNEy4Z/+TJnMHdV"},"fileId":"c4BwACLVNB5p5/o3F8fz9n"},"_contentSize":{"__type__":"cc.Size","width":77,"height":87},"_trs":{"__type__":"TypedArray","ctor":"Float64Array","array":[84,50,0,0,0,0,1,1,1,1]}},{"__type__":"cc.Node","_name":"奇异果","_parent":{"__id__":1},"_components":[{"__type__":"cc.Sprite","node":{"__id__":12},"_spriteFrame":{"__uuid__":"dbD2i5M2hEgaOZLLZ/Ye0v"}},{"__type__":"cc.CircleCollider","node":{"__id__":12},"_radius":42},{"__type__":"ae625r/YtBJ25oY3QCSGq6M","node":{"__id__":12},"halfItemPrefab":{"__uuid__":"69+mS1eQVHG7KuLdo+xDvY"},"spinePrefab":{"__uuid__":"35Fu6mEGJC7qDbM0JtrdfN"},"sliceItemSpriteFrame":{"__uuid__":"bbEkI2BO5MeJV4KSu5Lq3N"},"pointSpriteFrame":{"__uuid__":"6bj+TqiDhMgZUsAYgI40Qx"}}],"_prefab":{"__type__":"cc.PrefabInfo","root":{"__id__":1},"asset":{"__uuid__":"c9YykuMhNEy4Z/+TJnMHdV"},"fileId":"d6bCNxcxxDsK8lwHiNKASr"},"_contentSize":{"__type__":"cc.Size","width":77,"height":87},"_trs":{"__type__":"TypedArray","ctor":"Float64Array","array":[-85,131,0,0,0,0,1,1,1,1]}},{"__type__":"cc.Node","_name":"奇异果","_parent":{"__id__":1},"_components":[{"__type__":"cc.Sprite","node":{"__id__":13},"_spriteFrame":{"__uuid__":"dbD2i5M2hEgaOZLLZ/Ye0v"}},{"__type__":"cc.CircleCollider","node":{"__id__":13},"_radius":42},{"__type__":"ae625r/YtBJ25oY3QCSGq6M","node":{"__id__":13},"halfItemPrefab":{"__uuid__":"69+mS1eQVHG7KuLdo+xDvY"},"spinePrefab":{"__uuid__":"35Fu6mEGJC7qDbM0JtrdfN"},"sliceItemSpriteFrame":{"__uuid__":"bbEkI2BO5MeJV4KSu5Lq3N"},"pointSpriteFrame":{"__uuid__":"6bj+TqiDhMgZUsAYgI40Qx"}}],"_prefab":{"__type__":"cc.PrefabInfo","root":{"__id__":1},"asset":{"__uuid__":"c9YykuMhNEy4Z/+TJnMHdV"},"fileId":"c6MUPf+V5HWJzJc0Fx3msl"},"_contentSize":{"__type__":"cc.Size","width":77,"height":87},"_trs":{"__type__":"TypedArray","ctor":"Float64Array","array":[0,-180,0,0,0,0,1,1,1,1]}},{"__type__":"cc.Node","_name":"奇异果","_parent":{"__id__":1},"_components":[{"__type__":"cc.Sprite","node":{"__id__":14},"_spriteFrame":{"__uuid__":"dbD2i5M2hEgaOZLLZ/Ye0v"}},{"__type__":"cc.CircleCollider","node":{"__id__":14},"_radius":42},{"__type__":"ae625r/YtBJ25oY3QCSGq6M","node":{"__id__":14},"halfItemPrefab":{"__uuid__":"69+mS1eQVHG7KuLdo+xDvY"},"spinePrefab":{"__uuid__":"35Fu6mEGJC7qDbM0JtrdfN"},"sliceItemSpriteFrame":{"__uuid__":"bbEkI2BO5MeJV4KSu5Lq3N"},"pointSpriteFrame":{"__uuid__":"6bj+TqiDhMgZUsAYgI40Qx"}}],"_prefab":{"__type__":"cc.PrefabInfo","root":{"__id__":1},"asset":{"__uuid__":"c9YykuMhNEy4Z/+TJnMHdV"},"fileId":"94b3T1ZhNFdK9e+aDxivOF"},"_contentSize":{"__type__":"cc.Size","width":77,"height":87},"_trs":{"__type__":"TypedArray","ctor":"Float64Array","array":[-80,-48,0,0,0,0,1,1,1,1]}},{"__type__":"cc.Node","_name":"奇异果","_parent":{"__id__":1},"_components":[{"__type__":"cc.Sprite","node":{"__id__":15},"_spriteFrame":{"__uuid__":"dbD2i5M2hEgaOZLLZ/Ye0v"}},{"__type__":"cc.CircleCollider","node":{"__id__":15},"_radius":42},{"__type__":"ae625r/YtBJ25oY3QCSGq6M","node":{"__id__":15},"halfItemPrefab":{"__uuid__":"69+mS1eQVHG7KuLdo+xDvY"},"spinePrefab":{"__uuid__":"35Fu6mEGJC7qDbM0JtrdfN"},"sliceItemSpriteFrame":{"__uuid__":"bbEkI2BO5MeJV4KSu5Lq3N"},"pointSpriteFrame":{"__uuid__":"6bj+TqiDhMgZUsAYgI40Qx"}}],"_prefab":{"__type__":"cc.PrefabInfo","root":{"__id__":1},"asset":{"__uuid__":"c9YykuMhNEy4Z/+TJnMHdV"},"fileId":"a04Dj8ziRAi5jmZ93/7fgB"},"_contentSize":{"__type__":"cc.Size","width":77,"height":87},"_trs":{"__type__":"TypedArray","ctor":"Float64Array","array":[-77,-140,0,0,0,0,1,1,1,1]}}],{"__type__":"cc.SpriteFrame","content":{"name":"水果_奇异","texture":"0120jgvhpCH6LDbRCp6GEX","rect":[0,0,77,87],"offset":[0,0],"originalSize":[77,87],"capInsets":[0,0,0,0]}}]