[{"__type__":"cc.SpriteFrame","content":{"name":"Lemon","texture":"4d6L06el9PqJHxpCFR/u54","rect":[0,0,138,17],"offset":[0,0],"originalSize":[138,17],"capInsets":[3,0,3,0]}},{"__type__":"cc.SpriteFrame","content":{"name":"点","texture":"384YhYzYpKdrjInpCDyQsT","rect":[0,0,16,16],"offset":[0,0],"originalSize":[16,16],"capInsets":[0,0,0,0]}},[{"__type__":"cc.Prefab","_name":"items13","data":{"__id__":1}},{"__type__":"cc.Node","_name":"items13","_children":[{"__id__":2},{"__id__":3},{"__id__":4},{"__id__":5},{"__id__":6},{"__id__":7}],"_components":[{"__type__":"053c2u4k8ZBwroDC3cDQoVF","node":{"__id__":1}}],"_prefab":{"__type__":"cc.PrefabInfo","root":{"__id__":1},"asset":{"__uuid__":"82lKsEMKpLDIEbhBCZon8A"},"fileId":"5cH3Wg1/hM8LTd4cJ2BJcJ"},"_trs":{"__type__":"TypedArray","ctor":"Float64Array","array":[0,0,0,0,0,0,1,1,1,1]}},{"__type__":"cc.Node","_name":"菠萝","_parent":{"__id__":1},"_components":[{"__type__":"cc.Sprite","node":{"__id__":2},"_spriteFrame":{"__uuid__":"c5aUV4hTNCeazBlqzkiFbl"}},{"__type__":"cc.CircleCollider","node":{"__id__":2},"_radius":42},{"__type__":"ae625r/YtBJ25oY3QCSGq6M","node":{"__id__":2},"halfItemPrefab":{"__uuid__":"34QwNoqyFKGoP/6EhuEw1v"},"spinePrefab":{"__uuid__":"73HhGIL5hPQJEs5ZLy8U4n"},"sliceItemSpriteFrame":{"__uuid__":"20V3I2QiJEcYC8Y0HHcmCy"},"pointSpriteFrame":{"__uuid__":"6bj+TqiDhMgZUsAYgI40Qx"}}],"_prefab":{"__type__":"cc.PrefabInfo","root":{"__id__":1},"asset":{"__uuid__":"82lKsEMKpLDIEbhBCZon8A"},"fileId":"45KcLMKV9Fw66BPHtKWPUU"},"_contentSize":{"__type__":"cc.Size","width":82,"height":133},"_trs":{"__type__":"TypedArray","ctor":"Float64Array","array":[79,111,0,0,0,0,1,1,1,1]}},{"__type__":"cc.Node","_name":"菠萝","_parent":{"__id__":1},"_components":[{"__type__":"cc.Sprite","node":{"__id__":3},"_spriteFrame":{"__uuid__":"c5aUV4hTNCeazBlqzkiFbl"}},{"__type__":"cc.CircleCollider","node":{"__id__":3},"_radius":42},{"__type__":"ae625r/YtBJ25oY3QCSGq6M","node":{"__id__":3},"halfItemPrefab":{"__uuid__":"34QwNoqyFKGoP/6EhuEw1v"},"spinePrefab":{"__uuid__":"73HhGIL5hPQJEs5ZLy8U4n"},"sliceItemSpriteFrame":{"__uuid__":"20V3I2QiJEcYC8Y0HHcmCy"},"pointSpriteFrame":{"__uuid__":"6bj+TqiDhMgZUsAYgI40Qx"}}],"_prefab":{"__type__":"cc.PrefabInfo","root":{"__id__":1},"asset":{"__uuid__":"82lKsEMKpLDIEbhBCZon8A"},"fileId":"6fUZD9S21E1Ik28vyct2JO"},"_contentSize":{"__type__":"cc.Size","width":82,"height":133},"_trs":{"__type__":"TypedArray","ctor":"Float64Array","array":[-77,-8,0,0,0,0,1,1,1,1]}},{"__type__":"cc.Node","_name":"菠萝","_parent":{"__id__":1},"_components":[{"__type__":"cc.Sprite","node":{"__id__":4},"_spriteFrame":{"__uuid__":"c5aUV4hTNCeazBlqzkiFbl"}},{"__type__":"cc.CircleCollider","node":{"__id__":4},"_radius":42},{"__type__":"ae625r/YtBJ25oY3QCSGq6M","node":{"__id__":4},"halfItemPrefab":{"__uuid__":"34QwNoqyFKGoP/6EhuEw1v"},"spinePrefab":{"__uuid__":"73HhGIL5hPQJEs5ZLy8U4n"},"sliceItemSpriteFrame":{"__uuid__":"20V3I2QiJEcYC8Y0HHcmCy"},"pointSpriteFrame":{"__uuid__":"6bj+TqiDhMgZUsAYgI40Qx"}}],"_prefab":{"__type__":"cc.PrefabInfo","root":{"__id__":1},"asset":{"__uuid__":"82lKsEMKpLDIEbhBCZon8A"},"fileId":"367IyoCOZFCYAAQ51p/1RK"},"_contentSize":{"__type__":"cc.Size","width":82,"height":133},"_trs":{"__type__":"TypedArray","ctor":"Float64Array","array":[83,0,0,0,0,0,1,1,1,1]}},{"__type__":"cc.Node","_name":"菠萝","_parent":{"__id__":1},"_components":[{"__type__":"cc.Sprite","node":{"__id__":5},"_spriteFrame":{"__uuid__":"c5aUV4hTNCeazBlqzkiFbl"}},{"__type__":"cc.CircleCollider","node":{"__id__":5},"_radius":42},{"__type__":"ae625r/YtBJ25oY3QCSGq6M","node":{"__id__":5},"halfItemPrefab":{"__uuid__":"34QwNoqyFKGoP/6EhuEw1v"},"spinePrefab":{"__uuid__":"73HhGIL5hPQJEs5ZLy8U4n"},"sliceItemSpriteFrame":{"__uuid__":"20V3I2QiJEcYC8Y0HHcmCy"},"pointSpriteFrame":{"__uuid__":"6bj+TqiDhMgZUsAYgI40Qx"}}],"_prefab":{"__type__":"cc.PrefabInfo","root":{"__id__":1},"asset":{"__uuid__":"82lKsEMKpLDIEbhBCZon8A"},"fileId":"a9XwmUd3FMaYYHuHTf4tew"},"_contentSize":{"__type__":"cc.Size","width":82,"height":133},"_trs":{"__type__":"TypedArray","ctor":"Float64Array","array":[88,-120,0,0,0,0,1,1,1,1]}},{"__type__":"cc.Node","_name":"菠萝","_parent":{"__id__":1},"_components":[{"__type__":"cc.Sprite","node":{"__id__":6},"_spriteFrame":{"__uuid__":"c5aUV4hTNCeazBlqzkiFbl"}},{"__type__":"cc.CircleCollider","node":{"__id__":6},"_radius":42},{"__type__":"ae625r/YtBJ25oY3QCSGq6M","node":{"__id__":6},"halfItemPrefab":{"__uuid__":"34QwNoqyFKGoP/6EhuEw1v"},"spinePrefab":{"__uuid__":"73HhGIL5hPQJEs5ZLy8U4n"},"sliceItemSpriteFrame":{"__uuid__":"20V3I2QiJEcYC8Y0HHcmCy"},"pointSpriteFrame":{"__uuid__":"6bj+TqiDhMgZUsAYgI40Qx"}}],"_prefab":{"__type__":"cc.PrefabInfo","root":{"__id__":1},"asset":{"__uuid__":"82lKsEMKpLDIEbhBCZon8A"},"fileId":"32nyWLHNREzpWb+1VFvbHo"},"_contentSize":{"__type__":"cc.Size","width":82,"height":133},"_trs":{"__type__":"TypedArray","ctor":"Float64Array","array":[-77,110,0,0,0,0,1,1,1,1]}},{"__type__":"cc.Node","_name":"菠萝","_parent":{"__id__":1},"_components":[{"__type__":"cc.Sprite","node":{"__id__":7},"_spriteFrame":{"__uuid__":"c5aUV4hTNCeazBlqzkiFbl"}},{"__type__":"cc.CircleCollider","node":{"__id__":7},"_radius":42},{"__type__":"ae625r/YtBJ25oY3QCSGq6M","node":{"__id__":7},"halfItemPrefab":{"__uuid__":"34QwNoqyFKGoP/6EhuEw1v"},"spinePrefab":{"__uuid__":"73HhGIL5hPQJEs5ZLy8U4n"},"sliceItemSpriteFrame":{"__uuid__":"20V3I2QiJEcYC8Y0HHcmCy"},"pointSpriteFrame":{"__uuid__":"6bj+TqiDhMgZUsAYgI40Qx"}}],"_prefab":{"__type__":"cc.PrefabInfo","root":{"__id__":1},"asset":{"__uuid__":"82lKsEMKpLDIEbhBCZon8A"},"fileId":"050eWOpnBPL5ie7q4r8B2C"},"_contentSize":{"__type__":"cc.Size","width":82,"height":133},"_trs":{"__type__":"TypedArray","ctor":"Float64Array","array":[-82,-121,0,0,0,0,1,1,1,1]}}],{"__type__":"cc.SpriteFrame","content":{"name":"boluo","texture":"9da1INQA5DibjRlDFsUTTO","rect":[0,0,82,133],"offset":[0,0],"originalSize":[82,133],"capInsets":[0,0,0,0]}}]