[[{"__type__":"cc.Prefab","_name":"openItem","data":{"__id__":1}},{"__type__":"cc.Node","_name":"item","_children":[{"__id__":2},{"__id__":3}],"_components":[{"__type__":"cc.Button","node":{"__id__":1},"_N$normalColor":{"__type__":"cc.Color","r":214,"g":214,"b":214},"_N$target":{"__id__":1}}],"_prefab":{"__type__":"cc.PrefabInfo","root":{"__id__":1},"asset":{"__uuid__":"482aEn1wdNhKjJ74UTaUS7"},"fileId":"c3NnoBbr5EeYPC+VGsHKRx"},"_contentSize":{"__type__":"cc.Size","width":154,"height":154},"_trs":{"__type__":"TypedArray","ctor":"Float64Array","array":[0,0,0,0,0,0,1,1,1,1]}},{"__type__":"cc.Node","_name":"bg","_parent":{"__id__":1},"_components":[{"__type__":"cc.Sprite","node":{"__id__":2},"_spriteFrame":{"__uuid__":"b2hjTlqadImZfuFUB0pPa+"},"_sizeMode":0}],"_prefab":{"__type__":"cc.PrefabInfo","root":{"__id__":1},"asset":{"__uuid__":"482aEn1wdNhKjJ74UTaUS7"},"fileId":"81cIBpaLxL1Jz08NXRjQZS"},"_contentSize":{"__type__":"cc.Size","width":154,"height":154},"_trs":{"__type__":"TypedArray","ctor":"Float64Array","array":[0,0,0,0,0,0,1,1,1,1]}},{"__type__":"cc.Node","_name":"checked","_parent":{"__id__":1},"_components":[{"__type__":"cc.Sprite","node":{"__id__":3}}],"_prefab":{"__type__":"cc.PrefabInfo","root":{"__id__":1},"asset":{"__uuid__":"482aEn1wdNhKjJ74UTaUS7"},"fileId":"196qz9hBpCf4DkmYz3P9lK"},"_contentSize":{"__type__":"cc.Size","width":162,"height":162},"_trs":{"__type__":"TypedArray","ctor":"Float64Array","array":[0,0,0,0,0,0,1,1,1,1]}}],{"__type__":"cc.SpriteFrame","content":{"name":"皮肤栏","texture":"83+ZcHpmJP+oUk7GRejr0u","rect":[0,0,151,150],"offset":[0,0],"originalSize":[151,150],"capInsets":[0,0,0,0]}}]