[{"__type__":"cc.SpriteFrame","content":{"name":"Lemon","texture":"4d6L06el9PqJHxpCFR/u54","rect":[0,0,138,17],"offset":[0,0],"originalSize":[138,17],"capInsets":[3,0,3,0]}},{"__type__":"cc.SpriteFrame","content":{"name":"lemon","texture":"59EuIaIslPlqKnXzPNNoNc","rect":[0,0,70,90],"offset":[0,0],"originalSize":[70,90],"capInsets":[0,0,0,0]}},{"__type__":"cc.SpriteFrame","content":{"name":"点","texture":"384YhYzYpKdrjInpCDyQsT","rect":[0,0,16,16],"offset":[0,0],"originalSize":[16,16],"capInsets":[0,0,0,0]}},[{"__type__":"cc.Prefab","_name":"items4","data":{"__id__":1}},{"__type__":"cc.Node","_name":"items4","_children":[{"__id__":2},{"__id__":3},{"__id__":4},{"__id__":5},{"__id__":6},{"__id__":7},{"__id__":8},{"__id__":9}],"_components":[{"__type__":"053c2u4k8ZBwroDC3cDQoVF","node":{"__id__":1}}],"_prefab":{"__type__":"cc.PrefabInfo","root":{"__id__":1},"asset":{"__uuid__":"d416SBPHZEFYE4S06xlxtm"},"fileId":"93D256/uJAxLgCuYSLk11L"},"_trs":{"__type__":"TypedArray","ctor":"Float64Array","array":[0,0,0,0,0,0,1,1,1,1]}},{"__type__":"cc.Node","_name":"柠檬","_parent":{"__id__":1},"_components":[{"__type__":"cc.Sprite","node":{"__id__":2},"_spriteFrame":{"__uuid__":"2aNSRNnvxMsJ2l1gtwXTAk"}},{"__type__":"cc.CircleCollider","node":{"__id__":2},"_radius":42},{"__type__":"ae625r/YtBJ25oY3QCSGq6M","node":{"__id__":2},"halfItemPrefab":{"__uuid__":"dbwiPmyE9NqKR5ePaDtyh/"},"spinePrefab":{"__uuid__":"8cv8yPSxpO96zY8VNM4NOq"},"sliceItemSpriteFrame":{"__uuid__":"20V3I2QiJEcYC8Y0HHcmCy"},"pointSpriteFrame":{"__uuid__":"6bj+TqiDhMgZUsAYgI40Qx"}}],"_prefab":{"__type__":"cc.PrefabInfo","root":{"__id__":1},"asset":{"__uuid__":"d416SBPHZEFYE4S06xlxtm"},"fileId":"efG+JpggRHILzX6FH98G0I"},"_contentSize":{"__type__":"cc.Size","width":70,"height":90},"_trs":{"__type__":"TypedArray","ctor":"Float64Array","array":[0,0,0,0,0,0,1,1,1,1]}},{"__type__":"cc.Node","_name":"柠檬","_parent":{"__id__":1},"_components":[{"__type__":"cc.Sprite","node":{"__id__":3},"_spriteFrame":{"__uuid__":"2aNSRNnvxMsJ2l1gtwXTAk"}},{"__type__":"cc.CircleCollider","node":{"__id__":3},"_radius":42},{"__type__":"ae625r/YtBJ25oY3QCSGq6M","node":{"__id__":3},"halfItemPrefab":{"__uuid__":"dbwiPmyE9NqKR5ePaDtyh/"},"spinePrefab":{"__uuid__":"8cv8yPSxpO96zY8VNM4NOq"},"sliceItemSpriteFrame":{"__uuid__":"20V3I2QiJEcYC8Y0HHcmCy"},"pointSpriteFrame":{"__uuid__":"6bj+TqiDhMgZUsAYgI40Qx"}}],"_prefab":{"__type__":"cc.PrefabInfo","root":{"__id__":1},"asset":{"__uuid__":"d416SBPHZEFYE4S06xlxtm"},"fileId":"0aOKI0JA5CdZh321zExHo2"},"_contentSize":{"__type__":"cc.Size","width":70,"height":90},"_trs":{"__type__":"TypedArray","ctor":"Float64Array","array":[115,31,0,0,0,0,1,1,1,1]}},{"__type__":"cc.Node","_name":"柠檬","_parent":{"__id__":1},"_components":[{"__type__":"cc.Sprite","node":{"__id__":4},"_spriteFrame":{"__uuid__":"2aNSRNnvxMsJ2l1gtwXTAk"}},{"__type__":"cc.CircleCollider","node":{"__id__":4},"_radius":42},{"__type__":"ae625r/YtBJ25oY3QCSGq6M","node":{"__id__":4},"halfItemPrefab":{"__uuid__":"dbwiPmyE9NqKR5ePaDtyh/"},"spinePrefab":{"__uuid__":"8cv8yPSxpO96zY8VNM4NOq"},"sliceItemSpriteFrame":{"__uuid__":"20V3I2QiJEcYC8Y0HHcmCy"},"pointSpriteFrame":{"__uuid__":"6bj+TqiDhMgZUsAYgI40Qx"}}],"_prefab":{"__type__":"cc.PrefabInfo","root":{"__id__":1},"asset":{"__uuid__":"d416SBPHZEFYE4S06xlxtm"},"fileId":"7f6zEy/lRJDrezcTJD+8iO"},"_contentSize":{"__type__":"cc.Size","width":70,"height":90},"_trs":{"__type__":"TypedArray","ctor":"Float64Array","array":[101,-66,0,0,0,0,1,1,1,1]}},{"__type__":"cc.Node","_name":"柠檬","_parent":{"__id__":1},"_components":[{"__type__":"cc.Sprite","node":{"__id__":5},"_spriteFrame":{"__uuid__":"2aNSRNnvxMsJ2l1gtwXTAk"}},{"__type__":"cc.CircleCollider","node":{"__id__":5},"_radius":42},{"__type__":"ae625r/YtBJ25oY3QCSGq6M","node":{"__id__":5},"halfItemPrefab":{"__uuid__":"dbwiPmyE9NqKR5ePaDtyh/"},"spinePrefab":{"__uuid__":"8cv8yPSxpO96zY8VNM4NOq"},"sliceItemSpriteFrame":{"__uuid__":"20V3I2QiJEcYC8Y0HHcmCy"},"pointSpriteFrame":{"__uuid__":"6bj+TqiDhMgZUsAYgI40Qx"}}],"_prefab":{"__type__":"cc.PrefabInfo","root":{"__id__":1},"asset":{"__uuid__":"d416SBPHZEFYE4S06xlxtm"},"fileId":"7b+N+T+XtLWp+h6V+LpnpQ"},"_contentSize":{"__type__":"cc.Size","width":70,"height":90},"_trs":{"__type__":"TypedArray","ctor":"Float64Array","array":[-10,-115,0,0,0,0,1,1,1,1]}},{"__type__":"cc.Node","_name":"柠檬","_parent":{"__id__":1},"_components":[{"__type__":"cc.Sprite","node":{"__id__":6},"_spriteFrame":{"__uuid__":"2aNSRNnvxMsJ2l1gtwXTAk"}},{"__type__":"cc.CircleCollider","node":{"__id__":6},"_radius":42},{"__type__":"ae625r/YtBJ25oY3QCSGq6M","node":{"__id__":6},"halfItemPrefab":{"__uuid__":"dbwiPmyE9NqKR5ePaDtyh/"},"spinePrefab":{"__uuid__":"8cv8yPSxpO96zY8VNM4NOq"},"sliceItemSpriteFrame":{"__uuid__":"20V3I2QiJEcYC8Y0HHcmCy"},"pointSpriteFrame":{"__uuid__":"6bj+TqiDhMgZUsAYgI40Qx"}}],"_prefab":{"__type__":"cc.PrefabInfo","root":{"__id__":1},"asset":{"__uuid__":"d416SBPHZEFYE4S06xlxtm"},"fileId":"11wsAu2tZHRKe+UPvv+4Px"},"_contentSize":{"__type__":"cc.Size","width":70,"height":90},"_trs":{"__type__":"TypedArray","ctor":"Float64Array","array":[-101,-62,0,0,0,0,1,1,1,1]}},{"__type__":"cc.Node","_name":"柠檬","_parent":{"__id__":1},"_components":[{"__type__":"cc.Sprite","node":{"__id__":7},"_spriteFrame":{"__uuid__":"2aNSRNnvxMsJ2l1gtwXTAk"}},{"__type__":"cc.CircleCollider","node":{"__id__":7},"_radius":42},{"__type__":"ae625r/YtBJ25oY3QCSGq6M","node":{"__id__":7},"halfItemPrefab":{"__uuid__":"dbwiPmyE9NqKR5ePaDtyh/"},"spinePrefab":{"__uuid__":"8cv8yPSxpO96zY8VNM4NOq"},"sliceItemSpriteFrame":{"__uuid__":"20V3I2QiJEcYC8Y0HHcmCy"},"pointSpriteFrame":{"__uuid__":"6bj+TqiDhMgZUsAYgI40Qx"}}],"_prefab":{"__type__":"cc.PrefabInfo","root":{"__id__":1},"asset":{"__uuid__":"d416SBPHZEFYE4S06xlxtm"},"fileId":"72p0FUtCNPHJlQowSwdP8o"},"_contentSize":{"__type__":"cc.Size","width":70,"height":90},"_trs":{"__type__":"TypedArray","ctor":"Float64Array","array":[-113,43,0,0,0,0,1,1,1,1]}},{"__type__":"cc.Node","_name":"柠檬","_parent":{"__id__":1},"_components":[{"__type__":"cc.Sprite","node":{"__id__":8},"_spriteFrame":{"__uuid__":"2aNSRNnvxMsJ2l1gtwXTAk"}},{"__type__":"cc.CircleCollider","node":{"__id__":8},"_radius":42},{"__type__":"ae625r/YtBJ25oY3QCSGq6M","node":{"__id__":8},"halfItemPrefab":{"__uuid__":"dbwiPmyE9NqKR5ePaDtyh/"},"spinePrefab":{"__uuid__":"8cv8yPSxpO96zY8VNM4NOq"},"sliceItemSpriteFrame":{"__uuid__":"20V3I2QiJEcYC8Y0HHcmCy"},"pointSpriteFrame":{"__uuid__":"6bj+TqiDhMgZUsAYgI40Qx"}}],"_prefab":{"__type__":"cc.PrefabInfo","root":{"__id__":1},"asset":{"__uuid__":"d416SBPHZEFYE4S06xlxtm"},"fileId":"ecSRrPiplEk4qv/c0LImul"},"_contentSize":{"__type__":"cc.Size","width":70,"height":90},"_trs":{"__type__":"TypedArray","ctor":"Float64Array","array":[-41,97,0,0,0,0,1,1,1,1]}},{"__type__":"cc.Node","_name":"柠檬","_parent":{"__id__":1},"_components":[{"__type__":"cc.Sprite","node":{"__id__":9},"_spriteFrame":{"__uuid__":"2aNSRNnvxMsJ2l1gtwXTAk"}},{"__type__":"cc.CircleCollider","node":{"__id__":9},"_radius":42},{"__type__":"ae625r/YtBJ25oY3QCSGq6M","node":{"__id__":9},"halfItemPrefab":{"__uuid__":"dbwiPmyE9NqKR5ePaDtyh/"},"spinePrefab":{"__uuid__":"8cv8yPSxpO96zY8VNM4NOq"},"sliceItemSpriteFrame":{"__uuid__":"20V3I2QiJEcYC8Y0HHcmCy"},"pointSpriteFrame":{"__uuid__":"6bj+TqiDhMgZUsAYgI40Qx"}}],"_prefab":{"__type__":"cc.PrefabInfo","root":{"__id__":1},"asset":{"__uuid__":"d416SBPHZEFYE4S06xlxtm"},"fileId":"6eW7invnZIdI4l2WCyt66f"},"_contentSize":{"__type__":"cc.Size","width":70,"height":90},"_trs":{"__type__":"TypedArray","ctor":"Float64Array","array":[49,97,0,0,0,0,1,1,1,1]}}]]