[{"__type__":"cc.SpriteFrame","content":{"name":"huolongguo","texture":"fd1wdTTIVFg74c+Na+ISxH","rect":[0,0,202,264],"offset":[0,0],"originalSize":[202,264],"capInsets":[0,0,0,0]}},{"__type__":"cc.SpriteFrame","content":{"name":"yangtao","texture":"9cL5ytiaZENbPZCr06oRiv","rect":[0,0,223,142],"offset":[0,0],"originalSize":[223,142],"capInsets":[0,0,0,0]}},[{"__type__":"cc.Prefab","_name":"items47","data":{"__id__":1}},{"__type__":"cc.Node","_name":"items47","_children":[{"__id__":2},{"__id__":3},{"__id__":4},{"__id__":5},{"__id__":6},{"__id__":7},{"__id__":8},{"__id__":9},{"__id__":10},{"__id__":11}],"_components":[{"__type__":"053c2u4k8ZBwroDC3cDQoVF","node":{"__id__":1}}],"_prefab":{"__type__":"cc.PrefabInfo","root":{"__id__":1},"asset":{"__uuid__":"52SpdyJ7hK25yWUHXI/kON"},"fileId":"3bpJhE7SxKNKvXMC58LlHQ"},"_trs":{"__type__":"TypedArray","ctor":"Float64Array","array":[0,0,0,0,0,0,1,1,1,1]}},{"__type__":"cc.Node","_name":"shiliu","_parent":{"__id__":1},"_components":[{"__type__":"cc.Sprite","node":{"__id__":2},"_spriteFrame":{"__uuid__":"b0BxdcSqFNca9mVxLnA/EO"},"_sizeMode":0},{"__type__":"cc.CircleCollider","node":{"__id__":2},"_offset":{"__type__":"cc.Vec2","y":-15},"_radius":42},{"__type__":"ae625r/YtBJ25oY3QCSGq6M","node":{"__id__":2},"halfItemPrefab":{"__uuid__":"ecmxJDnplMcaU/XUP0hg7o"},"spinePrefab":{"__uuid__":"73HhGIL5hPQJEs5ZLy8U4n"},"sliceItemSpriteFrame":{"__uuid__":"c2rvwbQ4xBpappNU4njhsR"},"pointSpriteFrame":{"__uuid__":"6bj+TqiDhMgZUsAYgI40Qx"}}],"_prefab":{"__type__":"cc.PrefabInfo","root":{"__id__":1},"asset":{"__uuid__":"52SpdyJ7hK25yWUHXI/kON"},"fileId":"64Uvz/OqpEDJvEuykKJVVe"},"_contentSize":{"__type__":"cc.Size","width":103.8,"height":117},"_trs":{"__type__":"TypedArray","ctor":"Float64Array","array":[-141,150,0,0,0,0,1,1,1,1]}},{"__type__":"cc.Node","_name":"shiliu copy","_parent":{"__id__":1},"_components":[{"__type__":"cc.Sprite","node":{"__id__":3},"_spriteFrame":{"__uuid__":"b0BxdcSqFNca9mVxLnA/EO"},"_sizeMode":0},{"__type__":"cc.CircleCollider","node":{"__id__":3},"_offset":{"__type__":"cc.Vec2","y":-15},"_radius":42},{"__type__":"ae625r/YtBJ25oY3QCSGq6M","node":{"__id__":3},"halfItemPrefab":{"__uuid__":"ecmxJDnplMcaU/XUP0hg7o"},"spinePrefab":{"__uuid__":"73HhGIL5hPQJEs5ZLy8U4n"},"sliceItemSpriteFrame":{"__uuid__":"c2rvwbQ4xBpappNU4njhsR"},"pointSpriteFrame":{"__uuid__":"6bj+TqiDhMgZUsAYgI40Qx"}}],"_prefab":{"__type__":"cc.PrefabInfo","root":{"__id__":1},"asset":{"__uuid__":"52SpdyJ7hK25yWUHXI/kON"},"fileId":"abLo5m1YFNb4WRbNN1A2is"},"_contentSize":{"__type__":"cc.Size","width":103.8,"height":117},"_trs":{"__type__":"TypedArray","ctor":"Float64Array","array":[-208,56,0,0,0,0,1,1,1,1]}},{"__type__":"cc.Node","_name":"shiliu copy","_parent":{"__id__":1},"_components":[{"__type__":"cc.Sprite","node":{"__id__":4},"_spriteFrame":{"__uuid__":"b0BxdcSqFNca9mVxLnA/EO"},"_sizeMode":0},{"__type__":"cc.CircleCollider","node":{"__id__":4},"_offset":{"__type__":"cc.Vec2","y":-15},"_radius":42},{"__type__":"ae625r/YtBJ25oY3QCSGq6M","node":{"__id__":4},"halfItemPrefab":{"__uuid__":"ecmxJDnplMcaU/XUP0hg7o"},"spinePrefab":{"__uuid__":"73HhGIL5hPQJEs5ZLy8U4n"},"sliceItemSpriteFrame":{"__uuid__":"c2rvwbQ4xBpappNU4njhsR"},"pointSpriteFrame":{"__uuid__":"6bj+TqiDhMgZUsAYgI40Qx"}}],"_prefab":{"__type__":"cc.PrefabInfo","root":{"__id__":1},"asset":{"__uuid__":"52SpdyJ7hK25yWUHXI/kON"},"fileId":"41Jbx2nzNNiYdeVCIa4R9O"},"_contentSize":{"__type__":"cc.Size","width":103.8,"height":117},"_trs":{"__type__":"TypedArray","ctor":"Float64Array","array":[-55,56,0,0,0,0,1,1,1,1]}},{"__type__":"cc.Node","_name":"yangtao","_parent":{"__id__":1},"_components":[{"__type__":"cc.Sprite","node":{"__id__":5},"_spriteFrame":{"__uuid__":"448v9CvmxCCaMvLWt9/xDO"},"_sizeMode":0},{"__type__":"cc.CircleCollider","node":{"__id__":5},"_radius":42},{"__type__":"ae625r/YtBJ25oY3QCSGq6M","node":{"__id__":5},"halfItemPrefab":{"__uuid__":"21j2YaJi5E25ImtBCQgnyr"},"spinePrefab":{"__uuid__":"8cv8yPSxpO96zY8VNM4NOq"},"sliceItemSpriteFrame":{"__uuid__":"c2rvwbQ4xBpappNU4njhsR"},"pointSpriteFrame":{"__uuid__":"6bj+TqiDhMgZUsAYgI40Qx"}}],"_prefab":{"__type__":"cc.PrefabInfo","root":{"__id__":1},"asset":{"__uuid__":"52SpdyJ7hK25yWUHXI/kON"},"fileId":"3djUF3x1JKwbWEZB8dSwv0"},"_contentSize":{"__type__":"cc.Size","width":111.5,"height":71},"_trs":{"__type__":"TypedArray","ctor":"Float64Array","array":[-1,155,0,0,0,0,1,1,1,1]}},{"__type__":"cc.Node","_name":"yangtao copy","_parent":{"__id__":1},"_components":[{"__type__":"cc.Sprite","node":{"__id__":6},"_spriteFrame":{"__uuid__":"448v9CvmxCCaMvLWt9/xDO"},"_sizeMode":0},{"__type__":"cc.CircleCollider","node":{"__id__":6},"_radius":42},{"__type__":"ae625r/YtBJ25oY3QCSGq6M","node":{"__id__":6},"halfItemPrefab":{"__uuid__":"21j2YaJi5E25ImtBCQgnyr"},"spinePrefab":{"__uuid__":"8cv8yPSxpO96zY8VNM4NOq"},"sliceItemSpriteFrame":{"__uuid__":"c2rvwbQ4xBpappNU4njhsR"},"pointSpriteFrame":{"__uuid__":"6bj+TqiDhMgZUsAYgI40Qx"}}],"_prefab":{"__type__":"cc.PrefabInfo","root":{"__id__":1},"asset":{"__uuid__":"52SpdyJ7hK25yWUHXI/kON"},"fileId":"2avw7v3ZVJkIiEnV6/wz+K"},"_contentSize":{"__type__":"cc.Size","width":111.5,"height":71},"_trs":{"__type__":"TypedArray","ctor":"Float64Array","array":[161,155,0,0,0,0,1,1,1,1]}},{"__type__":"cc.Node","_name":"yangtao copy","_parent":{"__id__":1},"_components":[{"__type__":"cc.Sprite","node":{"__id__":7},"_spriteFrame":{"__uuid__":"448v9CvmxCCaMvLWt9/xDO"},"_sizeMode":0},{"__type__":"cc.CircleCollider","node":{"__id__":7},"_radius":42},{"__type__":"ae625r/YtBJ25oY3QCSGq6M","node":{"__id__":7},"halfItemPrefab":{"__uuid__":"21j2YaJi5E25ImtBCQgnyr"},"spinePrefab":{"__uuid__":"8cv8yPSxpO96zY8VNM4NOq"},"sliceItemSpriteFrame":{"__uuid__":"c2rvwbQ4xBpappNU4njhsR"},"pointSpriteFrame":{"__uuid__":"6bj+TqiDhMgZUsAYgI40Qx"}}],"_prefab":{"__type__":"cc.PrefabInfo","root":{"__id__":1},"asset":{"__uuid__":"52SpdyJ7hK25yWUHXI/kON"},"fileId":"8b42d1d5lHDbN2F4+7GFCo"},"_contentSize":{"__type__":"cc.Size","width":111.5,"height":71},"_trs":{"__type__":"TypedArray","ctor":"Float64Array","array":[99,44,0,0,0,0,1,1,1,1]}},{"__type__":"cc.Node","_name":"huolongguo","_parent":{"__id__":1},"_components":[{"__type__":"cc.Sprite","node":{"__id__":8},"_spriteFrame":{"__uuid__":"1en1pqhKBG0K72ffowzmGf"},"_sizeMode":0},{"__type__":"cc.CircleCollider","node":{"__id__":8},"_offset":{"__type__":"cc.Vec2","y":-15},"_radius":42},{"__type__":"ae625r/YtBJ25oY3QCSGq6M","node":{"__id__":8},"halfItemPrefab":{"__uuid__":"e26L8Br/JODaChTnVRSxy4"},"spinePrefab":{"__uuid__":"3f7mx8vN1BxYMDURZ3eboz"},"sliceItemSpriteFrame":{"__uuid__":"eavmq6keZMsKs/9PAe6eqo"},"pointSpriteFrame":{"__uuid__":"6bj+TqiDhMgZUsAYgI40Qx"}}],"_prefab":{"__type__":"cc.PrefabInfo","root":{"__id__":1},"asset":{"__uuid__":"52SpdyJ7hK25yWUHXI/kON"},"fileId":"b61W2Dr0xKiqRxBe3HXQfv"},"_contentSize":{"__type__":"cc.Size","width":101,"height":132},"_trs":{"__type__":"TypedArray","ctor":"Float64Array","array":[60,-64,0,0,0,0,1,1,1,1]}},{"__type__":"cc.Node","_name":"huolongguo copy","_parent":{"__id__":1},"_components":[{"__type__":"cc.Sprite","node":{"__id__":9},"_spriteFrame":{"__uuid__":"1en1pqhKBG0K72ffowzmGf"},"_sizeMode":0},{"__type__":"cc.CircleCollider","node":{"__id__":9},"_offset":{"__type__":"cc.Vec2","y":-15},"_radius":42},{"__type__":"ae625r/YtBJ25oY3QCSGq6M","node":{"__id__":9},"halfItemPrefab":{"__uuid__":"e26L8Br/JODaChTnVRSxy4"},"spinePrefab":{"__uuid__":"3f7mx8vN1BxYMDURZ3eboz"},"sliceItemSpriteFrame":{"__uuid__":"eavmq6keZMsKs/9PAe6eqo"},"pointSpriteFrame":{"__uuid__":"6bj+TqiDhMgZUsAYgI40Qx"}}],"_prefab":{"__type__":"cc.PrefabInfo","root":{"__id__":1},"asset":{"__uuid__":"52SpdyJ7hK25yWUHXI/kON"},"fileId":"67FrCsvRlAz4Dt2pk+hT0l"},"_contentSize":{"__type__":"cc.Size","width":101,"height":132},"_trs":{"__type__":"TypedArray","ctor":"Float64Array","array":[192,-64,0,0,0,0,1,1,1,1]}},{"__type__":"cc.Node","_name":"huolongguo copy","_parent":{"__id__":1},"_components":[{"__type__":"cc.Sprite","node":{"__id__":10},"_spriteFrame":{"__uuid__":"1en1pqhKBG0K72ffowzmGf"},"_sizeMode":0},{"__type__":"cc.CircleCollider","node":{"__id__":10},"_offset":{"__type__":"cc.Vec2","y":-15},"_radius":42},{"__type__":"ae625r/YtBJ25oY3QCSGq6M","node":{"__id__":10},"halfItemPrefab":{"__uuid__":"e26L8Br/JODaChTnVRSxy4"},"spinePrefab":{"__uuid__":"3f7mx8vN1BxYMDURZ3eboz"},"sliceItemSpriteFrame":{"__uuid__":"eavmq6keZMsKs/9PAe6eqo"},"pointSpriteFrame":{"__uuid__":"6bj+TqiDhMgZUsAYgI40Qx"}}],"_prefab":{"__type__":"cc.PrefabInfo","root":{"__id__":1},"asset":{"__uuid__":"52SpdyJ7hK25yWUHXI/kON"},"fileId":"303/UkKd9D3pMfCAw1zFUg"},"_contentSize":{"__type__":"cc.Size","width":101,"height":132},"_trs":{"__type__":"TypedArray","ctor":"Float64Array","array":[-194,-64,0,0,0,0,1,1,1,1]}},{"__type__":"cc.Node","_name":"huolongguo copy","_parent":{"__id__":1},"_components":[{"__type__":"cc.Sprite","node":{"__id__":11},"_spriteFrame":{"__uuid__":"1en1pqhKBG0K72ffowzmGf"},"_sizeMode":0},{"__type__":"cc.CircleCollider","node":{"__id__":11},"_offset":{"__type__":"cc.Vec2","y":-15},"_radius":42},{"__type__":"ae625r/YtBJ25oY3QCSGq6M","node":{"__id__":11},"halfItemPrefab":{"__uuid__":"e26L8Br/JODaChTnVRSxy4"},"spinePrefab":{"__uuid__":"3f7mx8vN1BxYMDURZ3eboz"},"sliceItemSpriteFrame":{"__uuid__":"eavmq6keZMsKs/9PAe6eqo"},"pointSpriteFrame":{"__uuid__":"6bj+TqiDhMgZUsAYgI40Qx"}}],"_prefab":{"__type__":"cc.PrefabInfo","root":{"__id__":1},"asset":{"__uuid__":"52SpdyJ7hK25yWUHXI/kON"},"fileId":"ce4dAf9zlGc5P67+Fc4zfU"},"_contentSize":{"__type__":"cc.Size","width":101,"height":132},"_trs":{"__type__":"TypedArray","ctor":"Float64Array","array":[-69,-63,0,0,0,0,1,1,1,1]}}],{"__type__":"cc.SpriteFrame","content":{"name":"点","texture":"384YhYzYpKdrjInpCDyQsT","rect":[0,0,16,16],"offset":[0,0],"originalSize":[16,16],"capInsets":[0,0,0,0]}},{"__type__":"cc.SpriteFrame","content":{"name":"shiliu","texture":"57rbY3XIZP0JhTlHrZTmJ3","rect":[0,0,173,195],"offset":[0,0],"originalSize":[173,195],"capInsets":[0,0,0,0]}},{"__type__":"cc.SpriteFrame","content":{"name":"Apple","texture":"a8YGMIkX1I2aBTP44e+lCA","rect":[0,0,138,17],"offset":[0,0],"originalSize":[138,17],"capInsets":[3,0,3,0]}},{"__type__":"cc.SpriteFrame","content":{"name":"xigua","texture":"90H6phwRZK4YrHAw02hMFH","rect":[0,0,138,17],"offset":[0,0],"originalSize":[138,17],"capInsets":[0,0,0,0]}}]