[{"__type__":"cc.SpriteFrame","content":{"name":"shiliu2","texture":"c032HKDIdJC65XX6ofilZF","rect":[0,0,125,187],"offset":[0,0],"originalSize":[125,187],"capInsets":[0,0,0,0]}},{"__type__":"cc.SpriteFrame","content":{"name":"shiliu1","texture":"f3Wr0iwVxOT5CoPLsWXJbc","rect":[0,0,118,196],"offset":[-0.5,0],"originalSize":[119,196],"capInsets":[0,0,0,0]}},[{"__type__":"cc.Prefab","_name":"一半_shiliu","data":{"__id__":1}},{"__type__":"cc.Node","_name":"一半_shiliu","_children":[{"__id__":2},{"__id__":3}],"_prefab":{"__type__":"cc.PrefabInfo","root":{"__id__":1},"asset":{"__id__":0},"fileId":"2cQ7pYPH5PLKegsGxmMz1w"},"_trs":{"__type__":"TypedArray","ctor":"Float64Array","array":[0,0,0,0,0,0,1,1,1,1]}},{"__type__":"cc.Node","_name":"一半_山竹","_parent":{"__id__":1},"_components":[{"__type__":"cc.Sprite","node":{"__id__":2},"_spriteFrame":{"__uuid__":"af7aMcha1MDb9CCwHCrELK"},"_sizeMode":0},{"__type__":"cc.RigidBody","node":{"__id__":2},"_linearVelocity":{"__type__":"cc.Vec2","x":-80,"y":80},"_angularVelocity":-360}],"_prefab":{"__type__":"cc.PrefabInfo","root":{"__id__":1},"asset":{"__id__":0},"fileId":"fdhMPP5d1LJ6n4HCDHiY5t"},"_contentSize":{"__type__":"cc.Size","width":70.8,"height":117.6},"_trs":{"__type__":"TypedArray","ctor":"Float64Array","array":[-35,3.6,0,0,0,0,1,1,1,1]},"_eulerAngles":{"__type__":"cc.Vec3","z":40}},{"__type__":"cc.Node","_name":"一半_山竹","_parent":{"__id__":1},"_components":[{"__type__":"cc.Sprite","node":{"__id__":3},"_spriteFrame":{"__uuid__":"01BJT/2sFIo6mD4GXSsr9i"},"_sizeMode":0},{"__type__":"cc.RigidBody","node":{"__id__":3},"_linearVelocity":{"__type__":"cc.Vec2","x":80,"y":80},"_angularVelocity":360}],"_prefab":{"__type__":"cc.PrefabInfo","root":{"__id__":1},"asset":{"__id__":0},"fileId":"0dqgt5thVKLIlS/MfPOhiZ"},"_contentSize":{"__type__":"cc.Size","width":70.8,"height":117.6},"_trs":{"__type__":"TypedArray","ctor":"Float64Array","array":[58.2,1.1,0,0,0,0,1,1,1,1]},"_eulerAngles":{"__type__":"cc.Vec3","z":-40}}]]