[{"__type__":"cc.BitmapFont","_name":"word3","spriteFrame":{"__uuid__":"a8mxLG2sBMx7dIyIfHUojM"},"fontSize":50,"_fntConfig":{"commonHeight":50,"fontSize":50,"atlasName":"word3_0.png","fontDefDictionary":{"32":{"rect":{"x":611,"y":0,"width":3,"height":50},"xOffset":-1,"yOffset":0,"xAdvance":24},"33":{"rect":{"x":275,"y":510,"width":11,"height":50},"xOffset":2,"yOffset":0,"xAdvance":15},"43":{"rect":{"x":386,"y":459,"width":28,"height":50},"xOffset":1,"yOffset":0,"xAdvance":30},"44":{"rect":{"x":263,"y":510,"width":11,"height":50},"xOffset":2,"yOffset":0,"xAdvance":15},"46":{"rect":{"x":251,"y":510,"width":11,"height":50},"xOffset":2,"yOffset":0,"xAdvance":14},"48":{"rect":{"x":588,"y":357,"width":30,"height":50},"xOffset":1,"yOffset":0,"xAdvance":32},"49":{"rect":{"x":598,"y":153,"width":15,"height":50},"xOffset":1,"yOffset":0,"xAdvance":18},"50":{"rect":{"x":64,"y":459,"width":29,"height":50},"xOffset":1,"yOffset":0,"xAdvance":31},"51":{"rect":{"x":415,"y":459,"width":28,"height":50},"xOffset":1,"yOffset":0,"xAdvance":31},"52":{"rect":{"x":0,"y":459,"width":32,"height":50},"xOffset":1,"yOffset":0,"xAdvance":34},"53":{"rect":{"x":444,"y":459,"width":28,"height":50},"xOffset":1,"yOffset":0,"xAdvance":30},"54":{"rect":{"x":502,"y":459,"width":28,"height":50},"xOffset":1,"yOffset":0,"xAdvance":31},"55":{"rect":{"x":589,"y":459,"width":28,"height":50},"xOffset":1,"yOffset":0,"xAdvance":30},"56":{"rect":{"x":94,"y":459,"width":29,"height":50},"xOffset":1,"yOffset":0,"xAdvance":31},"57":{"rect":{"x":154,"y":459,"width":28,"height":50},"xOffset":1,"yOffset":0,"xAdvance":30},"65":{"rect":{"x":434,"y":357,"width":39,"height":50},"xOffset":0,"yOffset":0,"xAdvance":40},"66":{"rect":{"x":170,"y":408,"width":33,"height":50},"xOffset":2,"yOffset":0,"xAdvance":37},"67":{"rect":{"x":204,"y":408,"width":33,"height":50},"xOffset":2,"yOffset":0,"xAdvance":37},"68":{"rect":{"x":238,"y":408,"width":33,"height":50},"xOffset":2,"yOffset":0,"xAdvance":37},"69":{"rect":{"x":272,"y":408,"width":33,"height":50},"xOffset":2,"yOffset":0,"xAdvance":37},"70":{"rect":{"x":306,"y":408,"width":33,"height":50},"xOffset":2,"yOffset":0,"xAdvance":36},"71":{"rect":{"x":476,"y":408,"width":33,"height":50},"xOffset":2,"yOffset":0,"xAdvance":37},"72":{"rect":{"x":408,"y":408,"width":33,"height":50},"xOffset":2,"yOffset":0,"xAdvance":37},"73":{"rect":{"x":598,"y":204,"width":11,"height":50},"xOffset":2,"yOffset":0,"xAdvance":14},"74":{"rect":{"x":340,"y":408,"width":33,"height":50},"xOffset":2,"yOffset":0,"xAdvance":37},"75":{"rect":{"x":374,"y":408,"width":33,"height":50},"xOffset":2,"yOffset":0,"xAdvance":36},"76":{"rect":{"x":442,"y":408,"width":33,"height":50},"xOffset":2,"yOffset":0,"xAdvance":37},"77":{"rect":{"x":393,"y":357,"width":40,"height":50},"xOffset":2,"yOffset":0,"xAdvance":44},"78":{"rect":{"x":552,"y":357,"width":35,"height":50},"xOffset":2,"yOffset":0,"xAdvance":39},"79":{"rect":{"x":102,"y":408,"width":33,"height":50},"xOffset":2,"yOffset":0,"xAdvance":37},"80":{"rect":{"x":510,"y":408,"width":33,"height":50},"xOffset":2,"yOffset":0,"xAdvance":37},"81":{"rect":{"x":544,"y":408,"width":33,"height":50},"xOffset":2,"yOffset":0,"xAdvance":37},"82":{"rect":{"x":578,"y":408,"width":33,"height":50},"xOffset":2,"yOffset":0,"xAdvance":37},"83":{"rect":{"x":0,"y":408,"width":33,"height":50},"xOffset":2,"yOffset":0,"xAdvance":37},"84":{"rect":{"x":34,"y":408,"width":33,"height":50},"xOffset":2,"yOffset":0,"xAdvance":36},"85":{"rect":{"x":68,"y":408,"width":33,"height":50},"xOffset":2,"yOffset":0,"xAdvance":37},"86":{"rect":{"x":513,"y":357,"width":38,"height":50},"xOffset":1,"yOffset":0,"xAdvance":40},"87":{"rect":{"x":0,"y":0,"width":47,"height":50},"xOffset":0,"yOffset":0,"xAdvance":48},"88":{"rect":{"x":474,"y":357,"width":38,"height":50},"xOffset":0,"yOffset":0,"xAdvance":38},"89":{"rect":{"x":583,"y":306,"width":36,"height":50},"xOffset":1,"yOffset":0,"xAdvance":38},"90":{"rect":{"x":136,"y":408,"width":33,"height":50},"xOffset":2,"yOffset":0,"xAdvance":37},"97":{"rect":{"x":183,"y":459,"width":28,"height":50},"xOffset":2,"yOffset":0,"xAdvance":32},"98":{"rect":{"x":531,"y":459,"width":28,"height":50},"xOffset":2,"yOffset":0,"xAdvance":32},"99":{"rect":{"x":212,"y":459,"width":28,"height":50},"xOffset":2,"yOffset":0,"xAdvance":32},"100":{"rect":{"x":241,"y":459,"width":28,"height":50},"xOffset":2,"yOffset":0,"xAdvance":32},"101":{"rect":{"x":270,"y":459,"width":28,"height":50},"xOffset":2,"yOffset":0,"xAdvance":32},"102":{"rect":{"x":112,"y":510,"width":27,"height":50},"xOffset":2,"yOffset":0,"xAdvance":32},"103":{"rect":{"x":168,"y":510,"width":27,"height":50},"xOffset":2,"yOffset":0,"xAdvance":32},"104":{"rect":{"x":299,"y":459,"width":28,"height":50},"xOffset":2,"yOffset":0,"xAdvance":32},"105":{"rect":{"x":299,"y":510,"width":10,"height":50},"xOffset":2,"yOffset":0,"xAdvance":15},"106":{"rect":{"x":598,"y":102,"width":16,"height":50},"xOffset":0,"yOffset":0,"xAdvance":17},"107":{"rect":{"x":140,"y":510,"width":27,"height":50},"xOffset":2,"yOffset":0,"xAdvance":32},"108":{"rect":{"x":310,"y":510,"width":10,"height":50},"xOffset":2,"yOffset":0,"xAdvance":15},"109":{"rect":{"x":351,"y":357,"width":41,"height":50},"xOffset":2,"yOffset":0,"xAdvance":45},"110":{"rect":{"x":196,"y":510,"width":27,"height":50},"xOffset":2,"yOffset":0,"xAdvance":32},"111":{"rect":{"x":357,"y":459,"width":28,"height":50},"xOffset":2,"yOffset":0,"xAdvance":32},"112":{"rect":{"x":0,"y":510,"width":27,"height":50},"xOffset":2,"yOffset":0,"xAdvance":31},"113":{"rect":{"x":28,"y":510,"width":27,"height":50},"xOffset":2,"yOffset":0,"xAdvance":32},"114":{"rect":{"x":598,"y":51,"width":21,"height":50},"xOffset":2,"yOffset":0,"xAdvance":24},"115":{"rect":{"x":56,"y":510,"width":27,"height":50},"xOffset":2,"yOffset":0,"xAdvance":32},"116":{"rect":{"x":328,"y":459,"width":28,"height":50},"xOffset":2,"yOffset":0,"xAdvance":31},"117":{"rect":{"x":84,"y":510,"width":27,"height":50},"xOffset":2,"yOffset":0,"xAdvance":31},"118":{"rect":{"x":33,"y":459,"width":30,"height":50},"xOffset":1,"yOffset":0,"xAdvance":32},"119":{"rect":{"x":132,"y":357,"width":43,"height":50},"xOffset":0,"yOffset":0,"xAdvance":44},"120":{"rect":{"x":473,"y":459,"width":28,"height":50},"xOffset":2,"yOffset":0,"xAdvance":31},"121":{"rect":{"x":124,"y":459,"width":29,"height":50},"xOffset":1,"yOffset":0,"xAdvance":31},"122":{"rect":{"x":560,"y":459,"width":28,"height":50},"xOffset":2,"yOffset":0,"xAdvance":32},"215":{"rect":{"x":224,"y":510,"width":26,"height":50},"xOffset":11,"yOffset":0,"xAdvance":47},"12299":{"rect":{"x":594,"y":255,"width":25,"height":50},"xOffset":2,"yOffset":0,"xAdvance":47},"19968":{"rect":{"x":368,"y":255,"width":45,"height":50},"xOffset":1,"yOffset":0,"xAdvance":47},"19977":{"rect":{"x":519,"y":0,"width":45,"height":50},"xOffset":1,"yOffset":0,"xAdvance":47},"19978":{"rect":{"x":565,"y":0,"width":45,"height":50},"xOffset":1,"yOffset":0,"xAdvance":47},"19979":{"rect":{"x":0,"y":51,"width":45,"height":50},"xOffset":1,"yOffset":0,"xAdvance":47},"19981":{"rect":{"x":0,"y":306,"width":44,"height":50},"xOffset":2,"yOffset":0,"xAdvance":47},"20013":{"rect":{"x":308,"y":357,"width":42,"height":50},"xOffset":2,"yOffset":0,"xAdvance":47},"20037":{"rect":{"x":46,"y":51,"width":45,"height":50},"xOffset":1,"yOffset":0,"xAdvance":47},"20139":{"rect":{"x":92,"y":51,"width":45,"height":50},"xOffset":1,"yOffset":0,"xAdvance":47},"20197":{"rect":{"x":138,"y":51,"width":45,"height":50},"xOffset":2,"yOffset":0,"xAdvance":47},"20307":{"rect":{"x":184,"y":51,"width":45,"height":50},"xOffset":1,"yOffset":0,"xAdvance":47},"20813":{"rect":{"x":459,"y":255,"width":44,"height":50},"xOffset":2,"yOffset":0,"xAdvance":47},"20851":{"rect":{"x":230,"y":51,"width":45,"height":50},"xOffset":1,"yOffset":0,"xAdvance":47},"20877":{"rect":{"x":276,"y":51,"width":45,"height":50},"xOffset":1,"yOffset":0,"xAdvance":47},"20987":{"rect":{"x":322,"y":51,"width":45,"height":50},"xOffset":1,"yOffset":0,"xAdvance":47},"20992":{"rect":{"x":0,"y":357,"width":43,"height":50},"xOffset":2,"yOffset":0,"xAdvance":47},"20998":{"rect":{"x":322,"y":255,"width":45,"height":50},"xOffset":1,"yOffset":0,"xAdvance":47},"21040":{"rect":{"x":549,"y":255,"width":44,"height":50},"xOffset":1,"yOffset":0,"xAdvance":47},"21073":{"rect":{"x":180,"y":306,"width":44,"height":50},"xOffset":1,"yOffset":0,"xAdvance":47},"21169":{"rect":{"x":539,"y":306,"width":43,"height":50},"xOffset":2,"yOffset":0,"xAdvance":47},"21345":{"rect":{"x":414,"y":51,"width":45,"height":50},"xOffset":1,"yOffset":0,"xAdvance":47},"21382":{"rect":{"x":264,"y":357,"width":43,"height":50},"xOffset":3,"yOffset":0,"xAdvance":47},"21457":{"rect":{"x":460,"y":51,"width":45,"height":50},"xOffset":1,"yOffset":0,"xAdvance":47},"21462":{"rect":{"x":506,"y":51,"width":45,"height":50},"xOffset":1,"yOffset":0,"xAdvance":47},"21490":{"rect":{"x":504,"y":255,"width":44,"height":50},"xOffset":2,"yOffset":0,"xAdvance":47},"21629":{"rect":{"x":552,"y":51,"width":45,"height":50},"xOffset":1,"yOffset":0,"xAdvance":47},"21830":{"rect":{"x":0,"y":102,"width":45,"height":50},"xOffset":1,"yOffset":0,"xAdvance":47},"22120":{"rect":{"x":46,"y":102,"width":45,"height":50},"xOffset":1,"yOffset":0,"xAdvance":47},"22797":{"rect":{"x":225,"y":306,"width":44,"height":50},"xOffset":2,"yOffset":0,"xAdvance":47},"22806":{"rect":{"x":92,"y":102,"width":45,"height":50},"xOffset":1,"yOffset":0,"xAdvance":47},"22810":{"rect":{"x":450,"y":306,"width":44,"height":50},"xOffset":1,"yOffset":0,"xAdvance":47},"22833":{"rect":{"x":138,"y":102,"width":45,"height":50},"xOffset":1,"yOffset":0,"xAdvance":47},"22870":{"rect":{"x":184,"y":102,"width":45,"height":50},"xOffset":1,"yOffset":0,"xAdvance":47},"22987":{"rect":{"x":48,"y":0,"width":47,"height":50},"xOffset":0,"yOffset":0,"xAdvance":47},"23556":{"rect":{"x":425,"y":0,"width":46,"height":50},"xOffset":1,"yOffset":0,"xAdvance":47},"23631":{"rect":{"x":495,"y":306,"width":43,"height":50},"xOffset":3,"yOffset":0,"xAdvance":47},"24050":{"rect":{"x":176,"y":357,"width":43,"height":50},"xOffset":3,"yOffset":0,"xAdvance":47},"24149":{"rect":{"x":276,"y":102,"width":45,"height":50},"xOffset":1,"yOffset":0,"xAdvance":47},"24215":{"rect":{"x":44,"y":357,"width":43,"height":50},"xOffset":3,"yOffset":0,"xAdvance":47},"24320":{"rect":{"x":230,"y":102,"width":45,"height":50},"xOffset":1,"yOffset":0,"xAdvance":47},"24471":{"rect":{"x":378,"y":0,"width":46,"height":50},"xOffset":1,"yOffset":0,"xAdvance":47},"25103":{"rect":{"x":322,"y":102,"width":45,"height":50},"xOffset":1,"yOffset":0,"xAdvance":47},"25163":{"rect":{"x":368,"y":102,"width":45,"height":50},"xOffset":1,"yOffset":0,"xAdvance":47},"25226":{"rect":{"x":414,"y":102,"width":45,"height":50},"xOffset":1,"yOffset":0,"xAdvance":47},"25317":{"rect":{"x":360,"y":306,"width":44,"height":50},"xOffset":1,"yOffset":0,"xAdvance":47},"25490":{"rect":{"x":460,"y":102,"width":45,"height":50},"xOffset":1,"yOffset":0,"xAdvance":47},"25509":{"rect":{"x":506,"y":102,"width":45,"height":50},"xOffset":1,"yOffset":0,"xAdvance":47},"25552":{"rect":{"x":552,"y":102,"width":45,"height":50},"xOffset":1,"yOffset":0,"xAdvance":47},"25968":{"rect":{"x":331,"y":0,"width":46,"height":50},"xOffset":1,"yOffset":0,"xAdvance":47},"26032":{"rect":{"x":0,"y":153,"width":45,"height":50},"xOffset":1,"yOffset":0,"xAdvance":47},"26080":{"rect":{"x":46,"y":153,"width":45,"height":50},"xOffset":1,"yOffset":0,"xAdvance":47},"26368":{"rect":{"x":92,"y":153,"width":45,"height":50},"xOffset":1,"yOffset":0,"xAdvance":47},"26377":{"rect":{"x":138,"y":153,"width":45,"height":50},"xOffset":1,"yOffset":0,"xAdvance":47},"26522":{"rect":{"x":284,"y":0,"width":46,"height":50},"xOffset":1,"yOffset":0,"xAdvance":47},"27036":{"rect":{"x":184,"y":153,"width":45,"height":50},"xOffset":1,"yOffset":0,"xAdvance":47},"27425":{"rect":{"x":230,"y":153,"width":45,"height":50},"xOffset":1,"yOffset":0,"xAdvance":47},"27494":{"rect":{"x":276,"y":153,"width":45,"height":50},"xOffset":1,"yOffset":0,"xAdvance":47},"27530":{"rect":{"x":322,"y":153,"width":45,"height":50},"xOffset":1,"yOffset":0,"xAdvance":47},"27704":{"rect":{"x":135,"y":306,"width":44,"height":50},"xOffset":1,"yOffset":0,"xAdvance":47},"27963":{"rect":{"x":368,"y":153,"width":45,"height":50},"xOffset":1,"yOffset":0,"xAdvance":47},"28216":{"rect":{"x":414,"y":153,"width":45,"height":50},"xOffset":1,"yOffset":0,"xAdvance":47},"28304":{"rect":{"x":460,"y":153,"width":45,"height":50},"xOffset":1,"yOffset":0,"xAdvance":47},"28857":{"rect":{"x":315,"y":306,"width":44,"height":50},"xOffset":2,"yOffset":0,"xAdvance":47},"29305":{"rect":{"x":506,"y":153,"width":45,"height":50},"xOffset":1,"yOffset":0,"xAdvance":47},"29575":{"rect":{"x":552,"y":153,"width":45,"height":50},"xOffset":1,"yOffset":0,"xAdvance":47},"29609":{"rect":{"x":0,"y":204,"width":45,"height":50},"xOffset":1,"yOffset":0,"xAdvance":47},"30382":{"rect":{"x":88,"y":357,"width":43,"height":50},"xOffset":3,"yOffset":0,"xAdvance":47},"30424":{"rect":{"x":46,"y":204,"width":45,"height":50},"xOffset":1,"yOffset":0,"xAdvance":47},"30452":{"rect":{"x":92,"y":204,"width":45,"height":50},"xOffset":1,"yOffset":0,"xAdvance":47},"31532":{"rect":{"x":138,"y":204,"width":45,"height":50},"xOffset":1,"yOffset":0,"xAdvance":47},"32676":{"rect":{"x":184,"y":204,"width":45,"height":50},"xOffset":1,"yOffset":0,"xAdvance":47},"32932":{"rect":{"x":414,"y":255,"width":44,"height":50},"xOffset":2,"yOffset":0,"xAdvance":47},"33719":{"rect":{"x":230,"y":204,"width":45,"height":50},"xOffset":1,"yOffset":0,"xAdvance":47},"34892":{"rect":{"x":276,"y":204,"width":45,"height":50},"xOffset":1,"yOffset":0,"xAdvance":47},"35270":{"rect":{"x":322,"y":204,"width":45,"height":50},"xOffset":1,"yOffset":0,"xAdvance":47},"35299":{"rect":{"x":368,"y":204,"width":45,"height":50},"xOffset":1,"yOffset":0,"xAdvance":47},"35797":{"rect":{"x":414,"y":204,"width":45,"height":50},"xOffset":1,"yOffset":0,"xAdvance":47},"35813":{"rect":{"x":237,"y":0,"width":46,"height":50},"xOffset":1,"yOffset":0,"xAdvance":47},"35831":{"rect":{"x":368,"y":51,"width":45,"height":50},"xOffset":1,"yOffset":0,"xAdvance":47},"36133":{"rect":{"x":190,"y":0,"width":46,"height":50},"xOffset":1,"yOffset":0,"xAdvance":47},"36153":{"rect":{"x":220,"y":357,"width":43,"height":50},"xOffset":2,"yOffset":0,"xAdvance":47},"36164":{"rect":{"x":45,"y":306,"width":44,"height":50},"xOffset":1,"yOffset":0,"xAdvance":47},"36275":{"rect":{"x":90,"y":306,"width":44,"height":50},"xOffset":2,"yOffset":0,"xAdvance":47},"36339":{"rect":{"x":460,"y":204,"width":45,"height":50},"xOffset":1,"yOffset":0,"xAdvance":47},"36716":{"rect":{"x":506,"y":204,"width":45,"height":50},"xOffset":1,"yOffset":0,"xAdvance":47},"36798":{"rect":{"x":552,"y":204,"width":45,"height":50},"xOffset":1,"yOffset":0,"xAdvance":47},"36807":{"rect":{"x":0,"y":255,"width":45,"height":50},"xOffset":1,"yOffset":0,"xAdvance":47},"37324":{"rect":{"x":46,"y":255,"width":45,"height":50},"xOffset":1,"yOffset":0,"xAdvance":47},"37325":{"rect":{"x":92,"y":255,"width":45,"height":50},"xOffset":1,"yOffset":0,"xAdvance":47},"38145":{"rect":{"x":143,"y":0,"width":46,"height":50},"xOffset":1,"yOffset":0,"xAdvance":47},"38480":{"rect":{"x":270,"y":306,"width":44,"height":50},"xOffset":2,"yOffset":0,"xAdvance":47},"38656":{"rect":{"x":138,"y":255,"width":45,"height":50},"xOffset":1,"yOffset":0,"xAdvance":47},"39046":{"rect":{"x":184,"y":255,"width":45,"height":50},"xOffset":1,"yOffset":0,"xAdvance":47},"39057":{"rect":{"x":96,"y":0,"width":46,"height":50},"xOffset":1,"yOffset":0,"xAdvance":47},"39069":{"rect":{"x":472,"y":0,"width":46,"height":50},"xOffset":1,"yOffset":0,"xAdvance":47},"39134":{"rect":{"x":405,"y":306,"width":44,"height":50},"xOffset":2,"yOffset":0,"xAdvance":47},"39564":{"rect":{"x":230,"y":255,"width":45,"height":50},"xOffset":1,"yOffset":0,"xAdvance":47},"39640":{"rect":{"x":276,"y":255,"width":45,"height":50},"xOffset":1,"yOffset":0,"xAdvance":47},"65281":{"rect":{"x":287,"y":510,"width":11,"height":50},"xOffset":7,"yOffset":0,"xAdvance":47},"65292":{"rect":{"x":321,"y":510,"width":10,"height":50},"xOffset":5,"yOffset":0,"xAdvance":47}},"kerningDict":{}}},{"__type__":"cc.SpriteFrame","content":{"name":"word3_0","texture":"14TekctjlJoKsoT+DrRjk+","rect":[0,5,619,555],"offset":[-0.5,27.5],"originalSize":[620,620],"capInsets":[0,0,0,0]}}]