[[{"__type__":"cc.Prefab","_name":"items1","data":{"__id__":1}},{"__type__":"cc.Node","_name":"items1","_children":[{"__id__":2},{"__id__":3},{"__id__":4},{"__id__":5},{"__id__":6}],"_components":[{"__type__":"053c2u4k8ZBwroDC3cDQoVF","node":{"__id__":1}}],"_prefab":{"__type__":"cc.PrefabInfo","root":{"__id__":1},"asset":{"__uuid__":"3enwoSzodCQreIl/HkH1QN"},"fileId":"81AMdlP0VFyIgxys9kg304"},"_trs":{"__type__":"TypedArray","ctor":"Float64Array","array":[0,0,0,0,0,0,1,1,1,1]}},{"__type__":"cc.Node","_name":"奇异果","_parent":{"__id__":1},"_components":[{"__type__":"cc.Sprite","node":{"__id__":2},"_spriteFrame":{"__uuid__":"dbD2i5M2hEgaOZLLZ/Ye0v"}},{"__type__":"cc.CircleCollider","node":{"__id__":2},"_radius":42},{"__type__":"ae625r/YtBJ25oY3QCSGq6M","node":{"__id__":2},"halfItemPrefab":{"__uuid__":"69+mS1eQVHG7KuLdo+xDvY"},"spinePrefab":{"__uuid__":"35Fu6mEGJC7qDbM0JtrdfN"},"sliceItemSpriteFrame":{"__uuid__":"bbEkI2BO5MeJV4KSu5Lq3N"},"pointSpriteFrame":{"__uuid__":"6bj+TqiDhMgZUsAYgI40Qx"}}],"_prefab":{"__type__":"cc.PrefabInfo","root":{"__id__":1},"asset":{"__uuid__":"3enwoSzodCQreIl/HkH1QN"},"fileId":"4dFZpijVRMvID0/aYspg1O"},"_contentSize":{"__type__":"cc.Size","width":77,"height":87},"_trs":{"__type__":"TypedArray","ctor":"Float64Array","array":[0,0,0,0,0,0,1,1,1,1]}},{"__type__":"cc.Node","_name":"奇异果","_parent":{"__id__":1},"_components":[{"__type__":"cc.Sprite","node":{"__id__":3},"_spriteFrame":{"__uuid__":"dbD2i5M2hEgaOZLLZ/Ye0v"}},{"__type__":"cc.CircleCollider","node":{"__id__":3},"_radius":42},{"__type__":"ae625r/YtBJ25oY3QCSGq6M","node":{"__id__":3},"halfItemPrefab":{"__uuid__":"69+mS1eQVHG7KuLdo+xDvY"},"spinePrefab":{"__uuid__":"35Fu6mEGJC7qDbM0JtrdfN"},"sliceItemSpriteFrame":{"__uuid__":"bbEkI2BO5MeJV4KSu5Lq3N"},"pointSpriteFrame":{"__uuid__":"6bj+TqiDhMgZUsAYgI40Qx"}}],"_prefab":{"__type__":"cc.PrefabInfo","root":{"__id__":1},"asset":{"__uuid__":"3enwoSzodCQreIl/HkH1QN"},"fileId":"baMbO9SklFRIXUva/0pUqq"},"_contentSize":{"__type__":"cc.Size","width":77,"height":87},"_trs":{"__type__":"TypedArray","ctor":"Float64Array","array":[0,133,0,0,0,0,1,1,1,1]}},{"__type__":"cc.Node","_name":"奇异果","_parent":{"__id__":1},"_components":[{"__type__":"cc.Sprite","node":{"__id__":4},"_spriteFrame":{"__uuid__":"dbD2i5M2hEgaOZLLZ/Ye0v"}},{"__type__":"cc.CircleCollider","node":{"__id__":4},"_radius":42},{"__type__":"ae625r/YtBJ25oY3QCSGq6M","node":{"__id__":4},"halfItemPrefab":{"__uuid__":"69+mS1eQVHG7KuLdo+xDvY"},"spinePrefab":{"__uuid__":"35Fu6mEGJC7qDbM0JtrdfN"},"sliceItemSpriteFrame":{"__uuid__":"bbEkI2BO5MeJV4KSu5Lq3N"},"pointSpriteFrame":{"__uuid__":"6bj+TqiDhMgZUsAYgI40Qx"}}],"_prefab":{"__type__":"cc.PrefabInfo","root":{"__id__":1},"asset":{"__uuid__":"3enwoSzodCQreIl/HkH1QN"},"fileId":"95H/frkuRPvbDydbHFqiM9"},"_contentSize":{"__type__":"cc.Size","width":77,"height":87},"_trs":{"__type__":"TypedArray","ctor":"Float64Array","array":[147,0,0,0,0,0,1,1,1,1]}},{"__type__":"cc.Node","_name":"奇异果","_parent":{"__id__":1},"_components":[{"__type__":"cc.Sprite","node":{"__id__":5},"_spriteFrame":{"__uuid__":"dbD2i5M2hEgaOZLLZ/Ye0v"}},{"__type__":"cc.CircleCollider","node":{"__id__":5},"_radius":42},{"__type__":"ae625r/YtBJ25oY3QCSGq6M","node":{"__id__":5},"halfItemPrefab":{"__uuid__":"69+mS1eQVHG7KuLdo+xDvY"},"spinePrefab":{"__uuid__":"35Fu6mEGJC7qDbM0JtrdfN"},"sliceItemSpriteFrame":{"__uuid__":"bbEkI2BO5MeJV4KSu5Lq3N"},"pointSpriteFrame":{"__uuid__":"6bj+TqiDhMgZUsAYgI40Qx"}}],"_prefab":{"__type__":"cc.PrefabInfo","root":{"__id__":1},"asset":{"__uuid__":"3enwoSzodCQreIl/HkH1QN"},"fileId":"d0fHH53rZH0pG8t1OZ339h"},"_contentSize":{"__type__":"cc.Size","width":77,"height":87},"_trs":{"__type__":"TypedArray","ctor":"Float64Array","array":[-155,0,0,0,0,0,1,1,1,1]}},{"__type__":"cc.Node","_name":"奇异果","_parent":{"__id__":1},"_components":[{"__type__":"cc.Sprite","node":{"__id__":6},"_spriteFrame":{"__uuid__":"dbD2i5M2hEgaOZLLZ/Ye0v"}},{"__type__":"cc.CircleCollider","node":{"__id__":6},"_radius":42},{"__type__":"ae625r/YtBJ25oY3QCSGq6M","node":{"__id__":6},"halfItemPrefab":{"__uuid__":"69+mS1eQVHG7KuLdo+xDvY"},"spinePrefab":{"__uuid__":"35Fu6mEGJC7qDbM0JtrdfN"},"sliceItemSpriteFrame":{"__uuid__":"bbEkI2BO5MeJV4KSu5Lq3N"},"pointSpriteFrame":{"__uuid__":"6bj+TqiDhMgZUsAYgI40Qx"}}],"_prefab":{"__type__":"cc.PrefabInfo","root":{"__id__":1},"asset":{"__uuid__":"3enwoSzodCQreIl/HkH1QN"},"fileId":"bfe1wSIjZE+7GoP5thNqK/"},"_contentSize":{"__type__":"cc.Size","width":77,"height":87},"_trs":{"__type__":"TypedArray","ctor":"Float64Array","array":[0,-136,0,0,0,0,1,1,1,1]}}],{"__type__":"cc.SpriteFrame","content":{"name":"点","texture":"384YhYzYpKdrjInpCDyQsT","rect":[0,0,16,16],"offset":[0,0],"originalSize":[16,16],"capInsets":[0,0,0,0]}},{"__type__":"cc.SpriteFrame","content":{"name":"猕猴桃","texture":"13XKgp569FhJQj4f00d1yn","rect":[0,0,138,17],"offset":[0,0],"originalSize":[138,17],"capInsets":[3,0,3,0]}},{"__type__":"cc.SpriteFrame","content":{"name":"水果_奇异","texture":"0120jgvhpCH6LDbRCp6GEX","rect":[0,0,77,87],"offset":[0,0],"originalSize":[77,87],"capInsets":[0,0,0,0]}}]