[{"__type__":"cc.SpriteFrame","content":{"name":"水果_梨","texture":"57N2xMPWhHvbtmQrowYXit","rect":[0,0,76,101],"offset":[0,0],"originalSize":[76,101],"capInsets":[0,0,0,0]}},{"__type__":"cc.SpriteFrame","content":{"name":"点","texture":"384YhYzYpKdrjInpCDyQsT","rect":[0,0,16,16],"offset":[0,0],"originalSize":[16,16],"capInsets":[0,0,0,0]}},{"__type__":"cc.SpriteFrame","content":{"name":"水果_草莓","texture":"20k+UWLYxB0IHEkU+nuiNd","rect":[0,0,85,105],"offset":[0,0],"originalSize":[85,105],"capInsets":[0,0,0,0]}},[{"__type__":"cc.Prefab","_name":"items8","data":{"__id__":1}},{"__type__":"cc.Node","_name":"items8","_children":[{"__id__":2},{"__id__":3},{"__id__":4},{"__id__":5},{"__id__":6},{"__id__":7},{"__id__":8},{"__id__":9}],"_components":[{"__type__":"053c2u4k8ZBwroDC3cDQoVF","node":{"__id__":1}}],"_prefab":{"__type__":"cc.PrefabInfo","root":{"__id__":1},"asset":{"__uuid__":"86CagyVB9M66luhl8T4hxu"},"fileId":"9dcV+HAm1Gvqa3QjPyBdat"},"_trs":{"__type__":"TypedArray","ctor":"Float64Array","array":[0,0,0,0,0,0,1,1,1,1]}},{"__type__":"cc.Node","_name":"草莓","_parent":{"__id__":1},"_components":[{"__type__":"cc.Sprite","node":{"__id__":2},"_spriteFrame":{"__uuid__":"76oUufZ95Hga0fsxc/jCcg"}},{"__type__":"cc.CircleCollider","node":{"__id__":2},"_radius":42},{"__type__":"ae625r/YtBJ25oY3QCSGq6M","node":{"__id__":2},"halfItemPrefab":{"__uuid__":"84c1Vb2JZK4roDhVXKCbtD"},"spinePrefab":{"__uuid__":"3f7mx8vN1BxYMDURZ3eboz"},"sliceItemSpriteFrame":{"__uuid__":"eavmq6keZMsKs/9PAe6eqo"},"pointSpriteFrame":{"__uuid__":"6bj+TqiDhMgZUsAYgI40Qx"}}],"_prefab":{"__type__":"cc.PrefabInfo","root":{"__id__":1},"asset":{"__uuid__":"86CagyVB9M66luhl8T4hxu"},"fileId":"baA2Zx2WRJ+4xfYvp8Md0G"},"_contentSize":{"__type__":"cc.Size","width":85,"height":105},"_trs":{"__type__":"TypedArray","ctor":"Float64Array","array":[0,-68,0,0,0,0,1,1,1,1]}},{"__type__":"cc.Node","_name":"梨","_parent":{"__id__":1},"_components":[{"__type__":"cc.Sprite","node":{"__id__":3},"_spriteFrame":{"__uuid__":"44ZVblbORAGKSocZm24USF"}},{"__type__":"cc.CircleCollider","node":{"__id__":3},"_radius":42},{"__type__":"ae625r/YtBJ25oY3QCSGq6M","node":{"__id__":3},"halfItemPrefab":{"__uuid__":"c4riS7PT5DuaBN+jecS/GT"},"spinePrefab":{"__uuid__":"8cv8yPSxpO96zY8VNM4NOq"},"sliceItemSpriteFrame":{"__uuid__":"c2rvwbQ4xBpappNU4njhsR"},"pointSpriteFrame":{"__uuid__":"6bj+TqiDhMgZUsAYgI40Qx"}}],"_prefab":{"__type__":"cc.PrefabInfo","root":{"__id__":1},"asset":{"__uuid__":"86CagyVB9M66luhl8T4hxu"},"fileId":"98eumEbClEtIOoH7O+kVzf"},"_contentSize":{"__type__":"cc.Size","width":76,"height":101},"_trs":{"__type__":"TypedArray","ctor":"Float64Array","array":[5,127,0,0,0,0,1,1,1,1]}},{"__type__":"cc.Node","_name":"草莓","_parent":{"__id__":1},"_components":[{"__type__":"cc.Sprite","node":{"__id__":4},"_spriteFrame":{"__uuid__":"76oUufZ95Hga0fsxc/jCcg"}},{"__type__":"cc.CircleCollider","node":{"__id__":4},"_radius":42},{"__type__":"ae625r/YtBJ25oY3QCSGq6M","node":{"__id__":4},"halfItemPrefab":{"__uuid__":"84c1Vb2JZK4roDhVXKCbtD"},"spinePrefab":{"__uuid__":"3f7mx8vN1BxYMDURZ3eboz"},"sliceItemSpriteFrame":{"__uuid__":"eavmq6keZMsKs/9PAe6eqo"},"pointSpriteFrame":{"__uuid__":"6bj+TqiDhMgZUsAYgI40Qx"}}],"_prefab":{"__type__":"cc.PrefabInfo","root":{"__id__":1},"asset":{"__uuid__":"86CagyVB9M66luhl8T4hxu"},"fileId":"4bWH4X1hFI8baQWEx6bXa3"},"_contentSize":{"__type__":"cc.Size","width":85,"height":105},"_trs":{"__type__":"TypedArray","ctor":"Float64Array","array":[111,-74,0,0,0,0,1,1,1,1]}},{"__type__":"cc.Node","_name":"草莓","_parent":{"__id__":1},"_components":[{"__type__":"cc.Sprite","node":{"__id__":5},"_spriteFrame":{"__uuid__":"76oUufZ95Hga0fsxc/jCcg"}},{"__type__":"cc.CircleCollider","node":{"__id__":5},"_radius":42},{"__type__":"ae625r/YtBJ25oY3QCSGq6M","node":{"__id__":5},"halfItemPrefab":{"__uuid__":"84c1Vb2JZK4roDhVXKCbtD"},"spinePrefab":{"__uuid__":"3f7mx8vN1BxYMDURZ3eboz"},"sliceItemSpriteFrame":{"__uuid__":"eavmq6keZMsKs/9PAe6eqo"},"pointSpriteFrame":{"__uuid__":"6bj+TqiDhMgZUsAYgI40Qx"}}],"_prefab":{"__type__":"cc.PrefabInfo","root":{"__id__":1},"asset":{"__uuid__":"86CagyVB9M66luhl8T4hxu"},"fileId":"51+5hKuQxBHYB6kWuV59E9"},"_contentSize":{"__type__":"cc.Size","width":85,"height":105},"_trs":{"__type__":"TypedArray","ctor":"Float64Array","array":[-53,27,0,0,0,0,1,1,1,1]}},{"__type__":"cc.Node","_name":"草莓","_parent":{"__id__":1},"_components":[{"__type__":"cc.Sprite","node":{"__id__":6},"_spriteFrame":{"__uuid__":"76oUufZ95Hga0fsxc/jCcg"}},{"__type__":"cc.CircleCollider","node":{"__id__":6},"_radius":42},{"__type__":"ae625r/YtBJ25oY3QCSGq6M","node":{"__id__":6},"halfItemPrefab":{"__uuid__":"84c1Vb2JZK4roDhVXKCbtD"},"spinePrefab":{"__uuid__":"3f7mx8vN1BxYMDURZ3eboz"},"sliceItemSpriteFrame":{"__uuid__":"eavmq6keZMsKs/9PAe6eqo"},"pointSpriteFrame":{"__uuid__":"6bj+TqiDhMgZUsAYgI40Qx"}}],"_prefab":{"__type__":"cc.PrefabInfo","root":{"__id__":1},"asset":{"__uuid__":"86CagyVB9M66luhl8T4hxu"},"fileId":"e7EhiJs9RPyLgzWAP4mpDM"},"_contentSize":{"__type__":"cc.Size","width":85,"height":105},"_trs":{"__type__":"TypedArray","ctor":"Float64Array","array":[-109,-72,0,0,0,0,1,1,1,1]}},{"__type__":"cc.Node","_name":"梨","_parent":{"__id__":1},"_components":[{"__type__":"cc.Sprite","node":{"__id__":7},"_spriteFrame":{"__uuid__":"44ZVblbORAGKSocZm24USF"}},{"__type__":"cc.CircleCollider","node":{"__id__":7},"_radius":42},{"__type__":"ae625r/YtBJ25oY3QCSGq6M","node":{"__id__":7},"halfItemPrefab":{"__uuid__":"c4riS7PT5DuaBN+jecS/GT"},"spinePrefab":{"__uuid__":"8cv8yPSxpO96zY8VNM4NOq"},"sliceItemSpriteFrame":{"__uuid__":"c2rvwbQ4xBpappNU4njhsR"},"pointSpriteFrame":{"__uuid__":"6bj+TqiDhMgZUsAYgI40Qx"}}],"_prefab":{"__type__":"cc.PrefabInfo","root":{"__id__":1},"asset":{"__uuid__":"86CagyVB9M66luhl8T4hxu"},"fileId":"12whAGaGhKHqhNRwOJ8e9S"},"_contentSize":{"__type__":"cc.Size","width":76,"height":101},"_trs":{"__type__":"TypedArray","ctor":"Float64Array","array":[116,127,0,0,0,0,1,1,1,1]}},{"__type__":"cc.Node","_name":"梨","_parent":{"__id__":1},"_components":[{"__type__":"cc.Sprite","node":{"__id__":8},"_spriteFrame":{"__uuid__":"44ZVblbORAGKSocZm24USF"}},{"__type__":"cc.CircleCollider","node":{"__id__":8},"_radius":42},{"__type__":"ae625r/YtBJ25oY3QCSGq6M","node":{"__id__":8},"halfItemPrefab":{"__uuid__":"c4riS7PT5DuaBN+jecS/GT"},"spinePrefab":{"__uuid__":"8cv8yPSxpO96zY8VNM4NOq"},"sliceItemSpriteFrame":{"__uuid__":"c2rvwbQ4xBpappNU4njhsR"},"pointSpriteFrame":{"__uuid__":"6bj+TqiDhMgZUsAYgI40Qx"}}],"_prefab":{"__type__":"cc.PrefabInfo","root":{"__id__":1},"asset":{"__uuid__":"86CagyVB9M66luhl8T4hxu"},"fileId":"54i09X989DZKFBn8I3EkGF"},"_contentSize":{"__type__":"cc.Size","width":76,"height":101},"_trs":{"__type__":"TypedArray","ctor":"Float64Array","array":[-120,132,0,0,0,0,1,1,1,1]}},{"__type__":"cc.Node","_name":"梨","_parent":{"__id__":1},"_components":[{"__type__":"cc.Sprite","node":{"__id__":9},"_spriteFrame":{"__uuid__":"44ZVblbORAGKSocZm24USF"}},{"__type__":"cc.CircleCollider","node":{"__id__":9},"_radius":42},{"__type__":"ae625r/YtBJ25oY3QCSGq6M","node":{"__id__":9},"halfItemPrefab":{"__uuid__":"c4riS7PT5DuaBN+jecS/GT"},"spinePrefab":{"__uuid__":"8cv8yPSxpO96zY8VNM4NOq"},"sliceItemSpriteFrame":{"__uuid__":"c2rvwbQ4xBpappNU4njhsR"},"pointSpriteFrame":{"__uuid__":"6bj+TqiDhMgZUsAYgI40Qx"}}],"_prefab":{"__type__":"cc.PrefabInfo","root":{"__id__":1},"asset":{"__uuid__":"86CagyVB9M66luhl8T4hxu"},"fileId":"9fTq+QBvpOyrJuofBpWYL3"},"_contentSize":{"__type__":"cc.Size","width":76,"height":101},"_trs":{"__type__":"TypedArray","ctor":"Float64Array","array":[72,35,0,0,0,0,1,1,1,1]}}],{"__type__":"cc.SpriteFrame","content":{"name":"Apple","texture":"a8YGMIkX1I2aBTP44e+lCA","rect":[0,0,138,17],"offset":[0,0],"originalSize":[138,17],"capInsets":[3,0,3,0]}},{"__type__":"cc.SpriteFrame","content":{"name":"xigua","texture":"90H6phwRZK4YrHAw02hMFH","rect":[0,0,138,17],"offset":[0,0],"originalSize":[138,17],"capInsets":[0,0,0,0]}}]