[{"__type__":"cc.SpriteFrame","content":{"name":"juzi","texture":"25NCTSQrZC3IqzpzKlomBn","rect":[0,0,91,92],"offset":[0,0],"originalSize":[91,92],"capInsets":[0,0,0,0]}},{"__type__":"cc.SpriteFrame","content":{"name":"点","texture":"384YhYzYpKdrjInpCDyQsT","rect":[0,0,16,16],"offset":[0,0],"originalSize":[16,16],"capInsets":[0,0,0,0]}},[{"__type__":"cc.Prefab","_name":"items22","data":{"__id__":1}},{"__type__":"cc.Node","_name":"items22","_children":[{"__id__":2},{"__id__":3},{"__id__":4},{"__id__":5},{"__id__":6},{"__id__":7},{"__id__":8},{"__id__":9},{"__id__":10}],"_components":[{"__type__":"053c2u4k8ZBwroDC3cDQoVF","node":{"__id__":1}}],"_prefab":{"__type__":"cc.PrefabInfo","root":{"__id__":1},"asset":{"__uuid__":"6cQOfoXiBNEqaEizDGJxvy"},"fileId":"e8IjOOeMtEVY0CViA7bWUd"},"_trs":{"__type__":"TypedArray","ctor":"Float64Array","array":[0,0,0,0,0,0,1,1,1,1]}},{"__type__":"cc.Node","_name":"橘子","_parent":{"__id__":1},"_components":[{"__type__":"cc.Sprite","node":{"__id__":2},"_spriteFrame":{"__uuid__":"4fkOSkA71A5ptbFOoPOQEl"}},{"__type__":"cc.CircleCollider","node":{"__id__":2},"_radius":42},{"__type__":"ae625r/YtBJ25oY3QCSGq6M","node":{"__id__":2},"halfItemPrefab":{"__uuid__":"6a+DADPB5KH76TG/xRtVuN"},"spinePrefab":{"__uuid__":"e77lR/lWNPpL/zcU2TGFdU"},"sliceItemSpriteFrame":{"__uuid__":"fbrTryQ+dAYZt4JQSUWX5l"},"pointSpriteFrame":{"__uuid__":"6bj+TqiDhMgZUsAYgI40Qx"}}],"_prefab":{"__type__":"cc.PrefabInfo","root":{"__id__":1},"asset":{"__uuid__":"6cQOfoXiBNEqaEizDGJxvy"},"fileId":"37Dwz7P4ZFX5x22qdDrTz/"},"_contentSize":{"__type__":"cc.Size","width":91,"height":92},"_trs":{"__type__":"TypedArray","ctor":"Float64Array","array":[0,0,0,0,0,0,1,1,1,1]}},{"__type__":"cc.Node","_name":"橘子","_parent":{"__id__":1},"_components":[{"__type__":"cc.Sprite","node":{"__id__":3},"_spriteFrame":{"__uuid__":"4fkOSkA71A5ptbFOoPOQEl"}},{"__type__":"cc.CircleCollider","node":{"__id__":3},"_radius":42},{"__type__":"ae625r/YtBJ25oY3QCSGq6M","node":{"__id__":3},"halfItemPrefab":{"__uuid__":"6a+DADPB5KH76TG/xRtVuN"},"spinePrefab":{"__uuid__":"e77lR/lWNPpL/zcU2TGFdU"},"sliceItemSpriteFrame":{"__uuid__":"fbrTryQ+dAYZt4JQSUWX5l"},"pointSpriteFrame":{"__uuid__":"6bj+TqiDhMgZUsAYgI40Qx"}}],"_prefab":{"__type__":"cc.PrefabInfo","root":{"__id__":1},"asset":{"__uuid__":"6cQOfoXiBNEqaEizDGJxvy"},"fileId":"ceszseTZxHJryhLhShm/xA"},"_contentSize":{"__type__":"cc.Size","width":91,"height":92},"_trs":{"__type__":"TypedArray","ctor":"Float64Array","array":[78,105,0,0,0,0,1,1,1,1]}},{"__type__":"cc.Node","_name":"橘子","_parent":{"__id__":1},"_components":[{"__type__":"cc.Sprite","node":{"__id__":4},"_spriteFrame":{"__uuid__":"4fkOSkA71A5ptbFOoPOQEl"}},{"__type__":"cc.CircleCollider","node":{"__id__":4},"_radius":42},{"__type__":"ae625r/YtBJ25oY3QCSGq6M","node":{"__id__":4},"halfItemPrefab":{"__uuid__":"6a+DADPB5KH76TG/xRtVuN"},"spinePrefab":{"__uuid__":"e77lR/lWNPpL/zcU2TGFdU"},"sliceItemSpriteFrame":{"__uuid__":"fbrTryQ+dAYZt4JQSUWX5l"},"pointSpriteFrame":{"__uuid__":"6bj+TqiDhMgZUsAYgI40Qx"}}],"_prefab":{"__type__":"cc.PrefabInfo","root":{"__id__":1},"asset":{"__uuid__":"6cQOfoXiBNEqaEizDGJxvy"},"fileId":"farjRc0v5DFKGENQfFTQxN"},"_contentSize":{"__type__":"cc.Size","width":91,"height":92},"_trs":{"__type__":"TypedArray","ctor":"Float64Array","array":[-69,-96,0,0,0,0,1,1,1,1]}},{"__type__":"cc.Node","_name":"橘子","_parent":{"__id__":1},"_components":[{"__type__":"cc.Sprite","node":{"__id__":5},"_spriteFrame":{"__uuid__":"4fkOSkA71A5ptbFOoPOQEl"}},{"__type__":"cc.CircleCollider","node":{"__id__":5},"_radius":42},{"__type__":"ae625r/YtBJ25oY3QCSGq6M","node":{"__id__":5},"halfItemPrefab":{"__uuid__":"6a+DADPB5KH76TG/xRtVuN"},"spinePrefab":{"__uuid__":"e77lR/lWNPpL/zcU2TGFdU"},"sliceItemSpriteFrame":{"__uuid__":"fbrTryQ+dAYZt4JQSUWX5l"},"pointSpriteFrame":{"__uuid__":"6bj+TqiDhMgZUsAYgI40Qx"}}],"_prefab":{"__type__":"cc.PrefabInfo","root":{"__id__":1},"asset":{"__uuid__":"6cQOfoXiBNEqaEizDGJxvy"},"fileId":"03NQvo+XJIGaXKZtttR8G0"},"_contentSize":{"__type__":"cc.Size","width":91,"height":92},"_trs":{"__type__":"TypedArray","ctor":"Float64Array","array":[73,-112,0,0,0,0,1,1,1,1]}},{"__type__":"cc.Node","_name":"橘子","_parent":{"__id__":1},"_components":[{"__type__":"cc.Sprite","node":{"__id__":6},"_spriteFrame":{"__uuid__":"4fkOSkA71A5ptbFOoPOQEl"}},{"__type__":"cc.CircleCollider","node":{"__id__":6},"_radius":42},{"__type__":"ae625r/YtBJ25oY3QCSGq6M","node":{"__id__":6},"halfItemPrefab":{"__uuid__":"6a+DADPB5KH76TG/xRtVuN"},"spinePrefab":{"__uuid__":"e77lR/lWNPpL/zcU2TGFdU"},"sliceItemSpriteFrame":{"__uuid__":"fbrTryQ+dAYZt4JQSUWX5l"},"pointSpriteFrame":{"__uuid__":"6bj+TqiDhMgZUsAYgI40Qx"}}],"_prefab":{"__type__":"cc.PrefabInfo","root":{"__id__":1},"asset":{"__uuid__":"6cQOfoXiBNEqaEizDGJxvy"},"fileId":"763xHAIRJK2I5tPYe9MBQn"},"_contentSize":{"__type__":"cc.Size","width":91,"height":92},"_trs":{"__type__":"TypedArray","ctor":"Float64Array","array":[-76,112,0,0,0,0,1,1,1,1]}},{"__type__":"cc.Node","_name":"橘子","_parent":{"__id__":1},"_components":[{"__type__":"cc.Sprite","node":{"__id__":7},"_spriteFrame":{"__uuid__":"4fkOSkA71A5ptbFOoPOQEl"}},{"__type__":"cc.CircleCollider","node":{"__id__":7},"_radius":42},{"__type__":"ae625r/YtBJ25oY3QCSGq6M","node":{"__id__":7},"halfItemPrefab":{"__uuid__":"6a+DADPB5KH76TG/xRtVuN"},"spinePrefab":{"__uuid__":"e77lR/lWNPpL/zcU2TGFdU"},"sliceItemSpriteFrame":{"__uuid__":"fbrTryQ+dAYZt4JQSUWX5l"},"pointSpriteFrame":{"__uuid__":"6bj+TqiDhMgZUsAYgI40Qx"}}],"_prefab":{"__type__":"cc.PrefabInfo","root":{"__id__":1},"asset":{"__uuid__":"6cQOfoXiBNEqaEizDGJxvy"},"fileId":"bezOe4MjVPB5957bGEFmMZ"},"_contentSize":{"__type__":"cc.Size","width":91,"height":92},"_trs":{"__type__":"TypedArray","ctor":"Float64Array","array":[139,-205,0,0,0,0,1,1,1,1]}},{"__type__":"cc.Node","_name":"橘子","_parent":{"__id__":1},"_components":[{"__type__":"cc.Sprite","node":{"__id__":8},"_spriteFrame":{"__uuid__":"4fkOSkA71A5ptbFOoPOQEl"}},{"__type__":"cc.CircleCollider","node":{"__id__":8},"_radius":42},{"__type__":"ae625r/YtBJ25oY3QCSGq6M","node":{"__id__":8},"halfItemPrefab":{"__uuid__":"6a+DADPB5KH76TG/xRtVuN"},"spinePrefab":{"__uuid__":"e77lR/lWNPpL/zcU2TGFdU"},"sliceItemSpriteFrame":{"__uuid__":"fbrTryQ+dAYZt4JQSUWX5l"},"pointSpriteFrame":{"__uuid__":"6bj+TqiDhMgZUsAYgI40Qx"}}],"_prefab":{"__type__":"cc.PrefabInfo","root":{"__id__":1},"asset":{"__uuid__":"6cQOfoXiBNEqaEizDGJxvy"},"fileId":"caIPjTM/RKUrCgVmjhOMB/"},"_contentSize":{"__type__":"cc.Size","width":91,"height":92},"_trs":{"__type__":"TypedArray","ctor":"Float64Array","array":[-117,217,0,0,0,0,1,1,1,1]}},{"__type__":"cc.Node","_name":"橘子","_parent":{"__id__":1},"_components":[{"__type__":"cc.Sprite","node":{"__id__":9},"_spriteFrame":{"__uuid__":"4fkOSkA71A5ptbFOoPOQEl"}},{"__type__":"cc.CircleCollider","node":{"__id__":9},"_radius":42},{"__type__":"ae625r/YtBJ25oY3QCSGq6M","node":{"__id__":9},"halfItemPrefab":{"__uuid__":"6a+DADPB5KH76TG/xRtVuN"},"spinePrefab":{"__uuid__":"e77lR/lWNPpL/zcU2TGFdU"},"sliceItemSpriteFrame":{"__uuid__":"fbrTryQ+dAYZt4JQSUWX5l"},"pointSpriteFrame":{"__uuid__":"6bj+TqiDhMgZUsAYgI40Qx"}}],"_prefab":{"__type__":"cc.PrefabInfo","root":{"__id__":1},"asset":{"__uuid__":"6cQOfoXiBNEqaEizDGJxvy"},"fileId":"e3y0MIuB9EYp8eaKQl+A/H"},"_contentSize":{"__type__":"cc.Size","width":91,"height":92},"_trs":{"__type__":"TypedArray","ctor":"Float64Array","array":[152,220,0,0,0,0,1,1,1,1]}},{"__type__":"cc.Node","_name":"橘子","_parent":{"__id__":1},"_components":[{"__type__":"cc.Sprite","node":{"__id__":10},"_spriteFrame":{"__uuid__":"4fkOSkA71A5ptbFOoPOQEl"}},{"__type__":"cc.CircleCollider","node":{"__id__":10},"_radius":42},{"__type__":"ae625r/YtBJ25oY3QCSGq6M","node":{"__id__":10},"halfItemPrefab":{"__uuid__":"6a+DADPB5KH76TG/xRtVuN"},"spinePrefab":{"__uuid__":"e77lR/lWNPpL/zcU2TGFdU"},"sliceItemSpriteFrame":{"__uuid__":"fbrTryQ+dAYZt4JQSUWX5l"},"pointSpriteFrame":{"__uuid__":"6bj+TqiDhMgZUsAYgI40Qx"}}],"_prefab":{"__type__":"cc.PrefabInfo","root":{"__id__":1},"asset":{"__uuid__":"6cQOfoXiBNEqaEizDGJxvy"},"fileId":"33ki+Op6JA6pvouhS+Y0TF"},"_contentSize":{"__type__":"cc.Size","width":91,"height":92},"_trs":{"__type__":"TypedArray","ctor":"Float64Array","array":[-126,-206,0,0,0,0,1,1,1,1]}}],{"__type__":"cc.SpriteFrame","content":{"name":"boluo","texture":"54Njr8HqlMXaZygzLtbnPg","rect":[0,0,138,17],"offset":[0,0],"originalSize":[138,17],"capInsets":[3,0,3,0]}}]