[{"__type__":"cc.SpriteFrame","content":{"name":"huolongguo","texture":"fd1wdTTIVFg74c+Na+ISxH","rect":[0,0,202,264],"offset":[0,0],"originalSize":[202,264],"capInsets":[0,0,0,0]}},[{"__type__":"cc.Prefab","_name":"items36","data":{"__id__":1}},{"__type__":"cc.Node","_name":"items36","_children":[{"__id__":2},{"__id__":3},{"__id__":4},{"__id__":5}],"_components":[{"__type__":"053c2u4k8ZBwroDC3cDQoVF","node":{"__id__":1}}],"_prefab":{"__type__":"cc.PrefabInfo","root":{"__id__":1},"asset":{"__uuid__":"46cBCSbK9BOboKywU5RTgC"},"fileId":"d2SpKStttLk4lumB35nIwi"},"_trs":{"__type__":"TypedArray","ctor":"Float64Array","array":[0,0,0,0,0,0,1,1,1,1]}},{"__type__":"cc.Node","_name":"huolongguo","_parent":{"__id__":1},"_components":[{"__type__":"cc.Sprite","node":{"__id__":2},"_spriteFrame":{"__uuid__":"1en1pqhKBG0K72ffowzmGf"},"_sizeMode":0},{"__type__":"cc.CircleCollider","node":{"__id__":2},"_offset":{"__type__":"cc.Vec2","y":-15},"_radius":42},{"__type__":"ae625r/YtBJ25oY3QCSGq6M","node":{"__id__":2},"halfItemPrefab":{"__uuid__":"e26L8Br/JODaChTnVRSxy4"},"spinePrefab":{"__uuid__":"3f7mx8vN1BxYMDURZ3eboz"},"sliceItemSpriteFrame":{"__uuid__":"eavmq6keZMsKs/9PAe6eqo"},"pointSpriteFrame":{"__uuid__":"6bj+TqiDhMgZUsAYgI40Qx"}}],"_prefab":{"__type__":"cc.PrefabInfo","root":{"__id__":1},"asset":{"__uuid__":"46cBCSbK9BOboKywU5RTgC"},"fileId":"51mj7/qfVG+a/VMIA2tm0v"},"_contentSize":{"__type__":"cc.Size","width":101,"height":132},"_trs":{"__type__":"TypedArray","ctor":"Float64Array","array":[-2,209,0,0,0,0,1,1,1,1]}},{"__type__":"cc.Node","_name":"huolongguo copy","_parent":{"__id__":1},"_components":[{"__type__":"cc.Sprite","node":{"__id__":3},"_spriteFrame":{"__uuid__":"1en1pqhKBG0K72ffowzmGf"},"_sizeMode":0},{"__type__":"cc.CircleCollider","node":{"__id__":3},"_offset":{"__type__":"cc.Vec2","y":-15},"_radius":42},{"__type__":"ae625r/YtBJ25oY3QCSGq6M","node":{"__id__":3},"halfItemPrefab":{"__uuid__":"e26L8Br/JODaChTnVRSxy4"},"spinePrefab":{"__uuid__":"3f7mx8vN1BxYMDURZ3eboz"},"sliceItemSpriteFrame":{"__uuid__":"eavmq6keZMsKs/9PAe6eqo"},"pointSpriteFrame":{"__uuid__":"6bj+TqiDhMgZUsAYgI40Qx"}}],"_prefab":{"__type__":"cc.PrefabInfo","root":{"__id__":1},"asset":{"__uuid__":"46cBCSbK9BOboKywU5RTgC"},"fileId":"99YlSMuvdP55YZF29SrYQ/"},"_contentSize":{"__type__":"cc.Size","width":101,"height":132},"_trs":{"__type__":"TypedArray","ctor":"Float64Array","array":[0,82,0,0,0,0,1,1,1,1]}},{"__type__":"cc.Node","_name":"huolongguo copy","_parent":{"__id__":1},"_components":[{"__type__":"cc.Sprite","node":{"__id__":4},"_spriteFrame":{"__uuid__":"1en1pqhKBG0K72ffowzmGf"},"_sizeMode":0},{"__type__":"cc.CircleCollider","node":{"__id__":4},"_offset":{"__type__":"cc.Vec2","y":-15},"_radius":42},{"__type__":"ae625r/YtBJ25oY3QCSGq6M","node":{"__id__":4},"halfItemPrefab":{"__uuid__":"e26L8Br/JODaChTnVRSxy4"},"spinePrefab":{"__uuid__":"3f7mx8vN1BxYMDURZ3eboz"},"sliceItemSpriteFrame":{"__uuid__":"eavmq6keZMsKs/9PAe6eqo"},"pointSpriteFrame":{"__uuid__":"6bj+TqiDhMgZUsAYgI40Qx"}}],"_prefab":{"__type__":"cc.PrefabInfo","root":{"__id__":1},"asset":{"__uuid__":"46cBCSbK9BOboKywU5RTgC"},"fileId":"0fI9qaZt9Ip4rM++M4PNE7"},"_contentSize":{"__type__":"cc.Size","width":101,"height":132},"_trs":{"__type__":"TypedArray","ctor":"Float64Array","array":[1,-49,0,0,0,0,1,1,1,1]}},{"__type__":"cc.Node","_name":"huolongguo copy","_parent":{"__id__":1},"_components":[{"__type__":"cc.Sprite","node":{"__id__":5},"_spriteFrame":{"__uuid__":"1en1pqhKBG0K72ffowzmGf"},"_sizeMode":0},{"__type__":"cc.CircleCollider","node":{"__id__":5},"_offset":{"__type__":"cc.Vec2","y":-15},"_radius":42},{"__type__":"ae625r/YtBJ25oY3QCSGq6M","node":{"__id__":5},"halfItemPrefab":{"__uuid__":"e26L8Br/JODaChTnVRSxy4"},"spinePrefab":{"__uuid__":"3f7mx8vN1BxYMDURZ3eboz"},"sliceItemSpriteFrame":{"__uuid__":"eavmq6keZMsKs/9PAe6eqo"},"pointSpriteFrame":{"__uuid__":"6bj+TqiDhMgZUsAYgI40Qx"}}],"_prefab":{"__type__":"cc.PrefabInfo","root":{"__id__":1},"asset":{"__uuid__":"46cBCSbK9BOboKywU5RTgC"},"fileId":"3b4LU00sBL/rAmgMYMjvzb"},"_contentSize":{"__type__":"cc.Size","width":101,"height":132},"_trs":{"__type__":"TypedArray","ctor":"Float64Array","array":[0,-167,0,0,0,0,1,1,1,1]}}],{"__type__":"cc.SpriteFrame","content":{"name":"点","texture":"384YhYzYpKdrjInpCDyQsT","rect":[0,0,16,16],"offset":[0,0],"originalSize":[16,16],"capInsets":[0,0,0,0]}},{"__type__":"cc.SpriteFrame","content":{"name":"xigua","texture":"90H6phwRZK4YrHAw02hMFH","rect":[0,0,138,17],"offset":[0,0],"originalSize":[138,17],"capInsets":[0,0,0,0]}}]