[{"__type__":"cc.SpriteFrame","content":{"name":"huolongguo1","texture":"61eVqgb5tDUZlpMvzINJTI","rect":[0,0,120,258],"offset":[0,0],"originalSize":[120,258],"capInsets":[0,0,0,0]}},{"__type__":"cc.SpriteFrame","content":{"name":"huolongguo2","texture":"c0DfJe711BSKyJufSzWbUh","rect":[0,0,132,264],"offset":[0,0],"originalSize":[132,264],"capInsets":[0,0,0,0]}},[{"__type__":"cc.Prefab","_name":"一半_火龙果","data":{"__id__":1}},{"__type__":"cc.Node","_name":"一半_火龙果","_children":[{"__id__":2},{"__id__":3}],"_prefab":{"__type__":"cc.PrefabInfo","root":{"__id__":1},"asset":{"__id__":0},"fileId":"b9vluhXX5OnI7yBmTifJ9I"},"_trs":{"__type__":"TypedArray","ctor":"Float64Array","array":[156.5,0,0,0,0,0,1,1,1,1]}},{"__type__":"cc.Node","_name":"一半_火龙果","_parent":{"__id__":1},"_components":[{"__type__":"cc.Sprite","node":{"__id__":2},"_spriteFrame":{"__uuid__":"72PIIj+eJJGaM2g+5Sfowu"},"_sizeMode":0},{"__type__":"cc.RigidBody","node":{"__id__":2},"_linearVelocity":{"__type__":"cc.Vec2","x":-80,"y":80},"_angularVelocity":-360}],"_prefab":{"__type__":"cc.PrefabInfo","root":{"__id__":1},"asset":{"__id__":0},"fileId":"f84w19bnNN3bxsK9sICTOe"},"_contentSize":{"__type__":"cc.Size","width":60,"height":87},"_trs":{"__type__":"TypedArray","ctor":"Float64Array","array":[-35,0,0,0,0,0,1,1,1,1]},"_eulerAngles":{"__type__":"cc.Vec3","z":30}},{"__type__":"cc.Node","_name":"一半_火龙果","_parent":{"__id__":1},"_components":[{"__type__":"cc.Sprite","node":{"__id__":3},"_spriteFrame":{"__uuid__":"ccfYS5/sxDnoEe3as2oQGd"},"_sizeMode":0},{"__type__":"cc.RigidBody","node":{"__id__":3},"_linearVelocity":{"__type__":"cc.Vec2","x":80,"y":80},"_angularVelocity":360}],"_prefab":{"__type__":"cc.PrefabInfo","root":{"__id__":1},"asset":{"__id__":0},"fileId":"090aR0AnhIjIn0K45HCn17"},"_contentSize":{"__type__":"cc.Size","width":60,"height":87},"_trs":{"__type__":"TypedArray","ctor":"Float64Array","array":[35,0,0,0,0,0,1,1,1,1]},"_eulerAngles":{"__type__":"cc.Vec3","z":-30}}]]