[[{"__type__":"cc.Prefab","_name":"一半_西瓜","data":{"__id__":1}},{"__type__":"cc.Node","_name":"一半_西瓜","_children":[{"__id__":2},{"__id__":3}],"_prefab":{"__type__":"cc.PrefabInfo","root":{"__id__":1},"asset":{"__uuid__":"0eKme+PgJOhalnO+/wK3Wn"},"fileId":"3cw1H/OwtJIJhS+02W35Ja"},"_trs":{"__type__":"TypedArray","ctor":"Float64Array","array":[0,0,0,0,0,0,1,1,1,1]},"_zIndex":0},{"__type__":"cc.Node","_name":"一半_西瓜","_parent":{"__id__":1},"_components":[{"__type__":"cc.Sprite","node":{"__id__":2},"_spriteFrame":{"__uuid__":"65SUzR3ZNHC47XaXT4jjJP"},"_sizeMode":0},{"__type__":"cc.RigidBody","node":{"__id__":2},"_linearVelocity":{"__type__":"cc.Vec2","x":-80,"y":80},"_angularVelocity":-360}],"_prefab":{"__type__":"cc.PrefabInfo","root":{"__id__":1},"asset":{"__uuid__":"0eKme+PgJOhalnO+/wK3Wn"},"fileId":"d8N6hXsk9Ob6VxWO/LfJWN"},"_contentSize":{"__type__":"cc.Size","width":69,"height":99},"_trs":{"__type__":"TypedArray","ctor":"Float64Array","array":[-35,0,0,0,0,0,1,1,1,1]},"_eulerAngles":{"__type__":"cc.Vec3","z":40},"_zIndex":0},{"__type__":"cc.Node","_name":"一半_西瓜","_parent":{"__id__":1},"_components":[{"__type__":"cc.Sprite","node":{"__id__":3},"_spriteFrame":{"__uuid__":"65SUzR3ZNHC47XaXT4jjJP"},"_sizeMode":0},{"__type__":"cc.RigidBody","node":{"__id__":3},"_linearVelocity":{"__type__":"cc.Vec2","x":80,"y":80},"_angularVelocity":360}],"_prefab":{"__type__":"cc.PrefabInfo","root":{"__id__":1},"asset":{"__uuid__":"0eKme+PgJOhalnO+/wK3Wn"},"fileId":"efQnh/ZrxNh5X/7lddOTBk"},"_contentSize":{"__type__":"cc.Size","width":-69,"height":99},"_trs":{"__type__":"TypedArray","ctor":"Float64Array","array":[35,0,0,0,0,0,1,1,1,1]},"_eulerAngles":{"__type__":"cc.Vec3","z":-40},"_zIndex":0}],{"__type__":"cc.SpriteFrame","content":{"name":"一半_西瓜","texture":"e9Px21E65Hl6BZVd4bGrlV","rect":[0,1,68,98],"offset":[-0.5,-0.5],"originalSize":[69,99],"capInsets":[0,0,0,0]}}]