[{"__type__":"cc.SpriteFrame","content":{"name":"Lemon","texture":"4d6L06el9PqJHxpCFR/u54","rect":[0,0,138,17],"offset":[0,0],"originalSize":[138,17],"capInsets":[3,0,3,0]}},{"__type__":"cc.SpriteFrame","content":{"name":"lemon","texture":"59EuIaIslPlqKnXzPNNoNc","rect":[0,0,70,90],"offset":[0,0],"originalSize":[70,90],"capInsets":[0,0,0,0]}},[{"__type__":"cc.Prefab","_name":"items15","data":{"__id__":1}},{"__type__":"cc.Node","_name":"items15","_children":[{"__id__":2},{"__id__":3},{"__id__":4},{"__id__":5},{"__id__":6},{"__id__":7},{"__id__":8},{"__id__":9},{"__id__":10},{"__id__":11}],"_components":[{"__type__":"053c2u4k8ZBwroDC3cDQoVF","node":{"__id__":1}}],"_prefab":{"__type__":"cc.PrefabInfo","root":{"__id__":1},"asset":{"__uuid__":"4btZL3M35EMqE8+QAXZfaJ"},"fileId":"5bw7vm/JNKqJVsMfdlY57z"},"_trs":{"__type__":"TypedArray","ctor":"Float64Array","array":[0,0,0,0,0,0,1,1,1,1]}},{"__type__":"cc.Node","_name":"草莓","_parent":{"__id__":1},"_components":[{"__type__":"cc.Sprite","node":{"__id__":2},"_spriteFrame":{"__uuid__":"76oUufZ95Hga0fsxc/jCcg"}},{"__type__":"cc.CircleCollider","node":{"__id__":2},"_radius":42},{"__type__":"ae625r/YtBJ25oY3QCSGq6M","node":{"__id__":2},"halfItemPrefab":{"__uuid__":"84c1Vb2JZK4roDhVXKCbtD"},"spinePrefab":{"__uuid__":"3f7mx8vN1BxYMDURZ3eboz"},"sliceItemSpriteFrame":{"__uuid__":"eavmq6keZMsKs/9PAe6eqo"},"pointSpriteFrame":{"__uuid__":"6bj+TqiDhMgZUsAYgI40Qx"}}],"_prefab":{"__type__":"cc.PrefabInfo","root":{"__id__":1},"asset":{"__uuid__":"4btZL3M35EMqE8+QAXZfaJ"},"fileId":"7bzSwHL0FLUYzCYyzSrT++"},"_contentSize":{"__type__":"cc.Size","width":85,"height":105},"_trs":{"__type__":"TypedArray","ctor":"Float64Array","array":[180,-76,0,0,0,0,1,1,1,1]}},{"__type__":"cc.Node","_name":"柠檬","_parent":{"__id__":1},"_components":[{"__type__":"cc.Sprite","node":{"__id__":3},"_spriteFrame":{"__uuid__":"2aNSRNnvxMsJ2l1gtwXTAk"}},{"__type__":"cc.CircleCollider","node":{"__id__":3},"_radius":42},{"__type__":"ae625r/YtBJ25oY3QCSGq6M","node":{"__id__":3},"halfItemPrefab":{"__uuid__":"dbwiPmyE9NqKR5ePaDtyh/"},"spinePrefab":{"__uuid__":"8cv8yPSxpO96zY8VNM4NOq"},"sliceItemSpriteFrame":{"__uuid__":"20V3I2QiJEcYC8Y0HHcmCy"},"pointSpriteFrame":{"__uuid__":"6bj+TqiDhMgZUsAYgI40Qx"}}],"_prefab":{"__type__":"cc.PrefabInfo","root":{"__id__":1},"asset":{"__uuid__":"4btZL3M35EMqE8+QAXZfaJ"},"fileId":"77fc2sfpBNLpRCfw8Rgmks"},"_contentSize":{"__type__":"cc.Size","width":70,"height":90},"_trs":{"__type__":"TypedArray","ctor":"Float64Array","array":[0,76,0,0,0,0,1,1,1,1]}},{"__type__":"cc.Node","_name":"草莓","_parent":{"__id__":1},"_components":[{"__type__":"cc.Sprite","node":{"__id__":4},"_spriteFrame":{"__uuid__":"76oUufZ95Hga0fsxc/jCcg"}},{"__type__":"cc.CircleCollider","node":{"__id__":4},"_radius":42},{"__type__":"ae625r/YtBJ25oY3QCSGq6M","node":{"__id__":4},"halfItemPrefab":{"__uuid__":"84c1Vb2JZK4roDhVXKCbtD"},"spinePrefab":{"__uuid__":"3f7mx8vN1BxYMDURZ3eboz"},"sliceItemSpriteFrame":{"__uuid__":"eavmq6keZMsKs/9PAe6eqo"},"pointSpriteFrame":{"__uuid__":"6bj+TqiDhMgZUsAYgI40Qx"}}],"_prefab":{"__type__":"cc.PrefabInfo","root":{"__id__":1},"asset":{"__uuid__":"4btZL3M35EMqE8+QAXZfaJ"},"fileId":"6dojVnAK5HcaGm/dkJ0kf5"},"_contentSize":{"__type__":"cc.Size","width":85,"height":105},"_trs":{"__type__":"TypedArray","ctor":"Float64Array","array":[90,-76,0,0,0,0,1,1,1,1]}},{"__type__":"cc.Node","_name":"草莓","_parent":{"__id__":1},"_components":[{"__type__":"cc.Sprite","node":{"__id__":5},"_spriteFrame":{"__uuid__":"76oUufZ95Hga0fsxc/jCcg"}},{"__type__":"cc.CircleCollider","node":{"__id__":5},"_radius":42},{"__type__":"ae625r/YtBJ25oY3QCSGq6M","node":{"__id__":5},"halfItemPrefab":{"__uuid__":"84c1Vb2JZK4roDhVXKCbtD"},"spinePrefab":{"__uuid__":"3f7mx8vN1BxYMDURZ3eboz"},"sliceItemSpriteFrame":{"__uuid__":"eavmq6keZMsKs/9PAe6eqo"},"pointSpriteFrame":{"__uuid__":"6bj+TqiDhMgZUsAYgI40Qx"}}],"_prefab":{"__type__":"cc.PrefabInfo","root":{"__id__":1},"asset":{"__uuid__":"4btZL3M35EMqE8+QAXZfaJ"},"fileId":"84aKLgYE9LnpOviJCEDXnN"},"_contentSize":{"__type__":"cc.Size","width":85,"height":105},"_trs":{"__type__":"TypedArray","ctor":"Float64Array","array":[-180,-76,0,0,0,0,1,1,1,1]}},{"__type__":"cc.Node","_name":"草莓","_parent":{"__id__":1},"_components":[{"__type__":"cc.Sprite","node":{"__id__":6},"_spriteFrame":{"__uuid__":"76oUufZ95Hga0fsxc/jCcg"}},{"__type__":"cc.CircleCollider","node":{"__id__":6},"_radius":42},{"__type__":"ae625r/YtBJ25oY3QCSGq6M","node":{"__id__":6},"halfItemPrefab":{"__uuid__":"84c1Vb2JZK4roDhVXKCbtD"},"spinePrefab":{"__uuid__":"3f7mx8vN1BxYMDURZ3eboz"},"sliceItemSpriteFrame":{"__uuid__":"eavmq6keZMsKs/9PAe6eqo"},"pointSpriteFrame":{"__uuid__":"6bj+TqiDhMgZUsAYgI40Qx"}}],"_prefab":{"__type__":"cc.PrefabInfo","root":{"__id__":1},"asset":{"__uuid__":"4btZL3M35EMqE8+QAXZfaJ"},"fileId":"90p/yq/Q9I/6oS1AIomIAN"},"_contentSize":{"__type__":"cc.Size","width":85,"height":105},"_trs":{"__type__":"TypedArray","ctor":"Float64Array","array":[-90,-76,0,0,0,0,1,1,1,1]}},{"__type__":"cc.Node","_name":"草莓","_parent":{"__id__":1},"_components":[{"__type__":"cc.Sprite","node":{"__id__":7},"_spriteFrame":{"__uuid__":"76oUufZ95Hga0fsxc/jCcg"}},{"__type__":"cc.CircleCollider","node":{"__id__":7},"_radius":42},{"__type__":"ae625r/YtBJ25oY3QCSGq6M","node":{"__id__":7},"halfItemPrefab":{"__uuid__":"84c1Vb2JZK4roDhVXKCbtD"},"spinePrefab":{"__uuid__":"3f7mx8vN1BxYMDURZ3eboz"},"sliceItemSpriteFrame":{"__uuid__":"eavmq6keZMsKs/9PAe6eqo"},"pointSpriteFrame":{"__uuid__":"6bj+TqiDhMgZUsAYgI40Qx"}}],"_prefab":{"__type__":"cc.PrefabInfo","root":{"__id__":1},"asset":{"__uuid__":"4btZL3M35EMqE8+QAXZfaJ"},"fileId":"abNjKd9IRElL3/tgb+QpO9"},"_contentSize":{"__type__":"cc.Size","width":85,"height":105},"_trs":{"__type__":"TypedArray","ctor":"Float64Array","array":[0,-76,0,0,0,0,1,1,1,1]}},{"__type__":"cc.Node","_name":"柠檬","_parent":{"__id__":1},"_components":[{"__type__":"cc.Sprite","node":{"__id__":8},"_spriteFrame":{"__uuid__":"2aNSRNnvxMsJ2l1gtwXTAk"}},{"__type__":"cc.CircleCollider","node":{"__id__":8},"_radius":42},{"__type__":"ae625r/YtBJ25oY3QCSGq6M","node":{"__id__":8},"halfItemPrefab":{"__uuid__":"dbwiPmyE9NqKR5ePaDtyh/"},"spinePrefab":{"__uuid__":"8cv8yPSxpO96zY8VNM4NOq"},"sliceItemSpriteFrame":{"__uuid__":"20V3I2QiJEcYC8Y0HHcmCy"},"pointSpriteFrame":{"__uuid__":"6bj+TqiDhMgZUsAYgI40Qx"}}],"_prefab":{"__type__":"cc.PrefabInfo","root":{"__id__":1},"asset":{"__uuid__":"4btZL3M35EMqE8+QAXZfaJ"},"fileId":"ccce97Fg5Nh46zlwqzD2Rz"},"_contentSize":{"__type__":"cc.Size","width":70,"height":90},"_trs":{"__type__":"TypedArray","ctor":"Float64Array","array":[-90,76,0,0,0,0,1,1,1,1]}},{"__type__":"cc.Node","_name":"柠檬","_parent":{"__id__":1},"_components":[{"__type__":"cc.Sprite","node":{"__id__":9},"_spriteFrame":{"__uuid__":"2aNSRNnvxMsJ2l1gtwXTAk"}},{"__type__":"cc.CircleCollider","node":{"__id__":9},"_radius":42},{"__type__":"ae625r/YtBJ25oY3QCSGq6M","node":{"__id__":9},"halfItemPrefab":{"__uuid__":"dbwiPmyE9NqKR5ePaDtyh/"},"spinePrefab":{"__uuid__":"8cv8yPSxpO96zY8VNM4NOq"},"sliceItemSpriteFrame":{"__uuid__":"20V3I2QiJEcYC8Y0HHcmCy"},"pointSpriteFrame":{"__uuid__":"6bj+TqiDhMgZUsAYgI40Qx"}}],"_prefab":{"__type__":"cc.PrefabInfo","root":{"__id__":1},"asset":{"__uuid__":"4btZL3M35EMqE8+QAXZfaJ"},"fileId":"bf9/C0SbxPUbOk+noB6xSP"},"_contentSize":{"__type__":"cc.Size","width":70,"height":90},"_trs":{"__type__":"TypedArray","ctor":"Float64Array","array":[180,76,0,0,0,0,1,1,1,1]}},{"__type__":"cc.Node","_name":"柠檬","_parent":{"__id__":1},"_components":[{"__type__":"cc.Sprite","node":{"__id__":10},"_spriteFrame":{"__uuid__":"2aNSRNnvxMsJ2l1gtwXTAk"}},{"__type__":"cc.CircleCollider","node":{"__id__":10},"_radius":42},{"__type__":"ae625r/YtBJ25oY3QCSGq6M","node":{"__id__":10},"halfItemPrefab":{"__uuid__":"dbwiPmyE9NqKR5ePaDtyh/"},"spinePrefab":{"__uuid__":"8cv8yPSxpO96zY8VNM4NOq"},"sliceItemSpriteFrame":{"__uuid__":"20V3I2QiJEcYC8Y0HHcmCy"},"pointSpriteFrame":{"__uuid__":"6bj+TqiDhMgZUsAYgI40Qx"}}],"_prefab":{"__type__":"cc.PrefabInfo","root":{"__id__":1},"asset":{"__uuid__":"4btZL3M35EMqE8+QAXZfaJ"},"fileId":"32YYF2jw5OfZE0IaJ+9O4A"},"_contentSize":{"__type__":"cc.Size","width":70,"height":90},"_trs":{"__type__":"TypedArray","ctor":"Float64Array","array":[-180,76,0,0,0,0,1,1,1,1]}},{"__type__":"cc.Node","_name":"柠檬","_parent":{"__id__":1},"_components":[{"__type__":"cc.Sprite","node":{"__id__":11},"_spriteFrame":{"__uuid__":"2aNSRNnvxMsJ2l1gtwXTAk"}},{"__type__":"cc.CircleCollider","node":{"__id__":11},"_radius":42},{"__type__":"ae625r/YtBJ25oY3QCSGq6M","node":{"__id__":11},"halfItemPrefab":{"__uuid__":"dbwiPmyE9NqKR5ePaDtyh/"},"spinePrefab":{"__uuid__":"8cv8yPSxpO96zY8VNM4NOq"},"sliceItemSpriteFrame":{"__uuid__":"20V3I2QiJEcYC8Y0HHcmCy"},"pointSpriteFrame":{"__uuid__":"6bj+TqiDhMgZUsAYgI40Qx"}}],"_prefab":{"__type__":"cc.PrefabInfo","root":{"__id__":1},"asset":{"__uuid__":"4btZL3M35EMqE8+QAXZfaJ"},"fileId":"deE3ujmsVGDrpIy6B4zt2e"},"_contentSize":{"__type__":"cc.Size","width":70,"height":90},"_trs":{"__type__":"TypedArray","ctor":"Float64Array","array":[90,76,0,0,0,0,1,1,1,1]}}],{"__type__":"cc.SpriteFrame","content":{"name":"点","texture":"384YhYzYpKdrjInpCDyQsT","rect":[0,0,16,16],"offset":[0,0],"originalSize":[16,16],"capInsets":[0,0,0,0]}},{"__type__":"cc.SpriteFrame","content":{"name":"水果_草莓","texture":"20k+UWLYxB0IHEkU+nuiNd","rect":[0,0,85,105],"offset":[0,0],"originalSize":[85,105],"capInsets":[0,0,0,0]}},{"__type__":"cc.SpriteFrame","content":{"name":"xigua","texture":"90H6phwRZK4YrHAw02hMFH","rect":[0,0,138,17],"offset":[0,0],"originalSize":[138,17],"capInsets":[0,0,0,0]}}]