[{"__type__":"cc.SpriteFrame","content":{"name":"juzi","texture":"25NCTSQrZC3IqzpzKlomBn","rect":[0,0,91,92],"offset":[0,0],"originalSize":[91,92],"capInsets":[0,0,0,0]}},{"__type__":"cc.SpriteFrame","content":{"name":"点","texture":"384YhYzYpKdrjInpCDyQsT","rect":[0,0,16,16],"offset":[0,0],"originalSize":[16,16],"capInsets":[0,0,0,0]}},[{"__type__":"cc.Prefab","_name":"items29","data":{"__id__":1}},{"__type__":"cc.Node","_name":"items29","_children":[{"__id__":2},{"__id__":3},{"__id__":4},{"__id__":5},{"__id__":6},{"__id__":7},{"__id__":8}],"_components":[{"__type__":"053c2u4k8ZBwroDC3cDQoVF","node":{"__id__":1}}],"_prefab":{"__type__":"cc.PrefabInfo","root":{"__id__":1},"asset":{"__uuid__":"adO11NsEBLPryvsn3281yb"},"fileId":"6fEkHpRr1NeZ8IHivsHXrI"},"_trs":{"__type__":"TypedArray","ctor":"Float64Array","array":[0,0,0,0,0,0,1,1,1,1]}},{"__type__":"cc.Node","_name":"橘子","_parent":{"__id__":1},"_components":[{"__type__":"cc.Sprite","node":{"__id__":2},"_spriteFrame":{"__uuid__":"4fkOSkA71A5ptbFOoPOQEl"}},{"__type__":"cc.CircleCollider","node":{"__id__":2},"_radius":42},{"__type__":"ae625r/YtBJ25oY3QCSGq6M","node":{"__id__":2},"halfItemPrefab":{"__uuid__":"6a+DADPB5KH76TG/xRtVuN"},"spinePrefab":{"__uuid__":"e77lR/lWNPpL/zcU2TGFdU"},"sliceItemSpriteFrame":{"__uuid__":"fbrTryQ+dAYZt4JQSUWX5l"},"pointSpriteFrame":{"__uuid__":"6bj+TqiDhMgZUsAYgI40Qx"}}],"_prefab":{"__type__":"cc.PrefabInfo","root":{"__id__":1},"asset":{"__uuid__":"adO11NsEBLPryvsn3281yb"},"fileId":"67OfQ1awRNhIEPIRrpGJ8l"},"_contentSize":{"__type__":"cc.Size","width":91,"height":92},"_trs":{"__type__":"TypedArray","ctor":"Float64Array","array":[0,0,0,0,0,0,1,1,1,1]}},{"__type__":"cc.Node","_name":"橘子","_parent":{"__id__":1},"_components":[{"__type__":"cc.Sprite","node":{"__id__":3},"_spriteFrame":{"__uuid__":"4fkOSkA71A5ptbFOoPOQEl"}},{"__type__":"cc.CircleCollider","node":{"__id__":3},"_radius":42},{"__type__":"ae625r/YtBJ25oY3QCSGq6M","node":{"__id__":3},"halfItemPrefab":{"__uuid__":"6a+DADPB5KH76TG/xRtVuN"},"spinePrefab":{"__uuid__":"e77lR/lWNPpL/zcU2TGFdU"},"sliceItemSpriteFrame":{"__uuid__":"fbrTryQ+dAYZt4JQSUWX5l"},"pointSpriteFrame":{"__uuid__":"6bj+TqiDhMgZUsAYgI40Qx"}}],"_prefab":{"__type__":"cc.PrefabInfo","root":{"__id__":1},"asset":{"__uuid__":"adO11NsEBLPryvsn3281yb"},"fileId":"303iZtxoRHgrL9mmzcVMBg"},"_contentSize":{"__type__":"cc.Size","width":91,"height":92},"_trs":{"__type__":"TypedArray","ctor":"Float64Array","array":[0,-214,0,0,0,0,1,1,1,1]}},{"__type__":"cc.Node","_name":"橘子","_parent":{"__id__":1},"_components":[{"__type__":"cc.Sprite","node":{"__id__":4},"_spriteFrame":{"__uuid__":"4fkOSkA71A5ptbFOoPOQEl"}},{"__type__":"cc.CircleCollider","node":{"__id__":4},"_radius":42},{"__type__":"ae625r/YtBJ25oY3QCSGq6M","node":{"__id__":4},"halfItemPrefab":{"__uuid__":"6a+DADPB5KH76TG/xRtVuN"},"spinePrefab":{"__uuid__":"e77lR/lWNPpL/zcU2TGFdU"},"sliceItemSpriteFrame":{"__uuid__":"fbrTryQ+dAYZt4JQSUWX5l"},"pointSpriteFrame":{"__uuid__":"6bj+TqiDhMgZUsAYgI40Qx"}}],"_prefab":{"__type__":"cc.PrefabInfo","root":{"__id__":1},"asset":{"__uuid__":"adO11NsEBLPryvsn3281yb"},"fileId":"34DeZZQ+ZBRpI0Tr2ldjLZ"},"_contentSize":{"__type__":"cc.Size","width":91,"height":92},"_trs":{"__type__":"TypedArray","ctor":"Float64Array","array":[109,-104,0,0,0,0,1,1,1,1]}},{"__type__":"cc.Node","_name":"橘子","_parent":{"__id__":1},"_components":[{"__type__":"cc.Sprite","node":{"__id__":5},"_spriteFrame":{"__uuid__":"4fkOSkA71A5ptbFOoPOQEl"}},{"__type__":"cc.CircleCollider","node":{"__id__":5},"_radius":42},{"__type__":"ae625r/YtBJ25oY3QCSGq6M","node":{"__id__":5},"halfItemPrefab":{"__uuid__":"6a+DADPB5KH76TG/xRtVuN"},"spinePrefab":{"__uuid__":"e77lR/lWNPpL/zcU2TGFdU"},"sliceItemSpriteFrame":{"__uuid__":"fbrTryQ+dAYZt4JQSUWX5l"},"pointSpriteFrame":{"__uuid__":"6bj+TqiDhMgZUsAYgI40Qx"}}],"_prefab":{"__type__":"cc.PrefabInfo","root":{"__id__":1},"asset":{"__uuid__":"adO11NsEBLPryvsn3281yb"},"fileId":"17MufqoqpEfpbhQJR7Z4dZ"},"_contentSize":{"__type__":"cc.Size","width":91,"height":92},"_trs":{"__type__":"TypedArray","ctor":"Float64Array","array":[-135,97,0,0,0,0,1,1,1,1]}},{"__type__":"cc.Node","_name":"橘子","_parent":{"__id__":1},"_components":[{"__type__":"cc.Sprite","node":{"__id__":6},"_spriteFrame":{"__uuid__":"4fkOSkA71A5ptbFOoPOQEl"}},{"__type__":"cc.CircleCollider","node":{"__id__":6},"_radius":42},{"__type__":"ae625r/YtBJ25oY3QCSGq6M","node":{"__id__":6},"halfItemPrefab":{"__uuid__":"6a+DADPB5KH76TG/xRtVuN"},"spinePrefab":{"__uuid__":"e77lR/lWNPpL/zcU2TGFdU"},"sliceItemSpriteFrame":{"__uuid__":"fbrTryQ+dAYZt4JQSUWX5l"},"pointSpriteFrame":{"__uuid__":"6bj+TqiDhMgZUsAYgI40Qx"}}],"_prefab":{"__type__":"cc.PrefabInfo","root":{"__id__":1},"asset":{"__uuid__":"adO11NsEBLPryvsn3281yb"},"fileId":"17nFM/XGBC+6/HRmliRaLd"},"_contentSize":{"__type__":"cc.Size","width":91,"height":92},"_trs":{"__type__":"TypedArray","ctor":"Float64Array","array":[0,196,0,0,0,0,1,1,1,1]}},{"__type__":"cc.Node","_name":"橘子","_parent":{"__id__":1},"_components":[{"__type__":"cc.Sprite","node":{"__id__":7},"_spriteFrame":{"__uuid__":"4fkOSkA71A5ptbFOoPOQEl"}},{"__type__":"cc.CircleCollider","node":{"__id__":7},"_radius":42},{"__type__":"ae625r/YtBJ25oY3QCSGq6M","node":{"__id__":7},"halfItemPrefab":{"__uuid__":"6a+DADPB5KH76TG/xRtVuN"},"spinePrefab":{"__uuid__":"e77lR/lWNPpL/zcU2TGFdU"},"sliceItemSpriteFrame":{"__uuid__":"fbrTryQ+dAYZt4JQSUWX5l"},"pointSpriteFrame":{"__uuid__":"6bj+TqiDhMgZUsAYgI40Qx"}}],"_prefab":{"__type__":"cc.PrefabInfo","root":{"__id__":1},"asset":{"__uuid__":"adO11NsEBLPryvsn3281yb"},"fileId":"dbOuLALidHb5Owwc5qekra"},"_contentSize":{"__type__":"cc.Size","width":91,"height":92},"_trs":{"__type__":"TypedArray","ctor":"Float64Array","array":[-109,-104,0,0,0,0,1,1,1,1]}},{"__type__":"cc.Node","_name":"橘子","_parent":{"__id__":1},"_components":[{"__type__":"cc.Sprite","node":{"__id__":8},"_spriteFrame":{"__uuid__":"4fkOSkA71A5ptbFOoPOQEl"}},{"__type__":"cc.CircleCollider","node":{"__id__":8},"_radius":42},{"__type__":"ae625r/YtBJ25oY3QCSGq6M","node":{"__id__":8},"halfItemPrefab":{"__uuid__":"6a+DADPB5KH76TG/xRtVuN"},"spinePrefab":{"__uuid__":"e77lR/lWNPpL/zcU2TGFdU"},"sliceItemSpriteFrame":{"__uuid__":"fbrTryQ+dAYZt4JQSUWX5l"},"pointSpriteFrame":{"__uuid__":"6bj+TqiDhMgZUsAYgI40Qx"}}],"_prefab":{"__type__":"cc.PrefabInfo","root":{"__id__":1},"asset":{"__uuid__":"adO11NsEBLPryvsn3281yb"},"fileId":"91iQzYe9hH05ORXXIXXxTZ"},"_contentSize":{"__type__":"cc.Size","width":91,"height":92},"_trs":{"__type__":"TypedArray","ctor":"Float64Array","array":[135,97,0,0,0,0,1,1,1,1]}}],{"__type__":"cc.SpriteFrame","content":{"name":"boluo","texture":"54Njr8HqlMXaZygzLtbnPg","rect":[0,0,138,17],"offset":[0,0],"originalSize":[138,17],"capInsets":[3,0,3,0]}}]