[{"__type__":"cc.SpriteFrame","content":{"name":"一半_奇异果","texture":"72gjUg+PVI5Z1hhWox1zlI","rect":[0,1,60,86],"offset":[0,-0.5],"originalSize":[60,87],"capInsets":[0,0,0,0]}},[{"__type__":"cc.Prefab","_name":"一半_奇异果","data":{"__id__":1}},{"__type__":"cc.Node","_name":"一半_奇异果","_children":[{"__id__":2},{"__id__":3}],"_prefab":{"__type__":"cc.PrefabInfo","root":{"__id__":1},"asset":{"__uuid__":"69+mS1eQVHG7KuLdo+xDvY"},"fileId":"ae6zQU/0JOzZD2YCpXZCaA"},"_trs":{"__type__":"TypedArray","ctor":"Float64Array","array":[0,0,0,0,0,0,1,1,1,1]},"_zIndex":0},{"__type__":"cc.Node","_name":"一半_奇异果","_parent":{"__id__":1},"_components":[{"__type__":"cc.Sprite","node":{"__id__":2},"_spriteFrame":{"__uuid__":"06HFCUw4pNZoi09V/AjGbN"},"_sizeMode":0},{"__type__":"cc.RigidBody","node":{"__id__":2},"_linearVelocity":{"__type__":"cc.Vec2","x":-80,"y":80},"_angularVelocity":-360}],"_prefab":{"__type__":"cc.PrefabInfo","root":{"__id__":1},"asset":{"__uuid__":"69+mS1eQVHG7KuLdo+xDvY"},"fileId":"62UWbpul5KzaWb9Jrq02kt"},"_contentSize":{"__type__":"cc.Size","width":60,"height":87},"_trs":{"__type__":"TypedArray","ctor":"Float64Array","array":[-35,0,0,0,0,0,1,1,1,1]},"_eulerAngles":{"__type__":"cc.Vec3","z":40},"_zIndex":0},{"__type__":"cc.Node","_name":"一半_奇异果","_parent":{"__id__":1},"_components":[{"__type__":"cc.Sprite","node":{"__id__":3},"_spriteFrame":{"__uuid__":"06HFCUw4pNZoi09V/AjGbN"},"_sizeMode":0},{"__type__":"cc.RigidBody","node":{"__id__":3},"_linearVelocity":{"__type__":"cc.Vec2","x":80,"y":80},"_angularVelocity":360}],"_prefab":{"__type__":"cc.PrefabInfo","root":{"__id__":1},"asset":{"__uuid__":"69+mS1eQVHG7KuLdo+xDvY"},"fileId":"63y+GltRJOrprp93LeMaiR"},"_contentSize":{"__type__":"cc.Size","width":-60,"height":87},"_trs":{"__type__":"TypedArray","ctor":"Float64Array","array":[35,0,0,0,0,0,1,1,1,1]},"_eulerAngles":{"__type__":"cc.Vec3","z":-40},"_zIndex":0}]]