[{"__type__":"cc.SpriteFrame","content":{"name":"shanzhu2","texture":"659phO11JD6JAmFmtvx14h","rect":[0,0,115,195],"offset":[0,0],"originalSize":[115,195],"capInsets":[0,0,0,0]}},{"__type__":"cc.SpriteFrame","content":{"name":"shanzhu1","texture":"a0KGf0CqRBi7a/9NQeYzOR","rect":[0,0,113,191],"offset":[0,0],"originalSize":[113,191],"capInsets":[0,0,0,0]}},[{"__type__":"cc.Prefab","_name":"一半_shanzhu","data":{"__id__":1}},{"__type__":"cc.Node","_name":"一半_shanzhu","_children":[{"__id__":2},{"__id__":3}],"_prefab":{"__type__":"cc.PrefabInfo","root":{"__id__":1},"asset":{"__id__":0},"fileId":"2cQ7pYPH5PLKegsGxmMz1w"},"_trs":{"__type__":"TypedArray","ctor":"Float64Array","array":[0,0,0,0,0,0,1,1,1,1]}},{"__type__":"cc.Node","_name":"一半_山竹","_parent":{"__id__":1},"_components":[{"__type__":"cc.Sprite","node":{"__id__":2},"_spriteFrame":{"__uuid__":"daKvuxYkFOIIxUTAsVBTTZ"},"_sizeMode":0},{"__type__":"cc.RigidBody","node":{"__id__":2},"_linearVelocity":{"__type__":"cc.Vec2","x":-80,"y":80},"_angularVelocity":-360}],"_prefab":{"__type__":"cc.PrefabInfo","root":{"__id__":1},"asset":{"__id__":0},"fileId":"fdhMPP5d1LJ6n4HCDHiY5t"},"_contentSize":{"__type__":"cc.Size","width":67.8,"height":114.6},"_trs":{"__type__":"TypedArray","ctor":"Float64Array","array":[-35,0,0,0,0,0,1,1,1,1]},"_eulerAngles":{"__type__":"cc.Vec3","z":40}},{"__type__":"cc.Node","_name":"一半_山竹","_parent":{"__id__":1},"_components":[{"__type__":"cc.Sprite","node":{"__id__":3},"_spriteFrame":{"__uuid__":"c9J8bor09IeKzYoqxXfvcq"},"_sizeMode":0},{"__type__":"cc.RigidBody","node":{"__id__":3},"_linearVelocity":{"__type__":"cc.Vec2","x":80,"y":80},"_angularVelocity":360}],"_prefab":{"__type__":"cc.PrefabInfo","root":{"__id__":1},"asset":{"__id__":0},"fileId":"0dqgt5thVKLIlS/MfPOhiZ"},"_contentSize":{"__type__":"cc.Size","width":67.8,"height":114.6},"_trs":{"__type__":"TypedArray","ctor":"Float64Array","array":[52,0.6,0,0,0,0,1,1,1,1]},"_eulerAngles":{"__type__":"cc.Vec3","z":-40}}]]