[[{"__type__":"cc.Prefab","_name":"items38","data":{"__id__":1}},{"__type__":"cc.Node","_name":"items38","_children":[{"__id__":2},{"__id__":3},{"__id__":4},{"__id__":5}],"_components":[{"__type__":"053c2u4k8ZBwroDC3cDQoVF","node":{"__id__":1}}],"_prefab":{"__type__":"cc.PrefabInfo","root":{"__id__":1},"asset":{"__uuid__":"18xfEH/ZtCQLy9XO/1HwhL"},"fileId":"d2SpKStttLk4lumB35nIwi"},"_trs":{"__type__":"TypedArray","ctor":"Float64Array","array":[0,0,0,0,0,0,1,1,1,1]}},{"__type__":"cc.Node","_name":"shanzhu copy","_parent":{"__id__":1},"_components":[{"__type__":"cc.Sprite","node":{"__id__":2},"_spriteFrame":{"__uuid__":"fbjIOJYeRFere9OnfuOMol"},"_sizeMode":0},{"__type__":"cc.CircleCollider","node":{"__id__":2},"_offset":{"__type__":"cc.Vec2","y":-15},"_radius":42},{"__type__":"ae625r/YtBJ25oY3QCSGq6M","node":{"__id__":2},"halfItemPrefab":{"__uuid__":"eeWA+fOyxJApsj6bNiHHhK"},"spinePrefab":{"__uuid__":"73HhGIL5hPQJEs5ZLy8U4n"},"sliceItemSpriteFrame":{"__uuid__":"c2rvwbQ4xBpappNU4njhsR"},"pointSpriteFrame":{"__uuid__":"6bj+TqiDhMgZUsAYgI40Qx"}}],"_prefab":{"__type__":"cc.PrefabInfo","root":{"__id__":1},"asset":{"__uuid__":"18xfEH/ZtCQLy9XO/1HwhL"},"fileId":"c9TbGfKDRI8q8Dg8RFgqs6"},"_contentSize":{"__type__":"cc.Size","width":101,"height":132},"_trs":{"__type__":"TypedArray","ctor":"Float64Array","array":[0,70,0,0,0,0,1,1,1,1]}},{"__type__":"cc.Node","_name":"shanzhu copy","_parent":{"__id__":1},"_components":[{"__type__":"cc.Sprite","node":{"__id__":3},"_spriteFrame":{"__uuid__":"fbjIOJYeRFere9OnfuOMol"},"_sizeMode":0},{"__type__":"cc.CircleCollider","node":{"__id__":3},"_offset":{"__type__":"cc.Vec2","y":-15},"_radius":42},{"__type__":"ae625r/YtBJ25oY3QCSGq6M","node":{"__id__":3},"halfItemPrefab":{"__uuid__":"eeWA+fOyxJApsj6bNiHHhK"},"spinePrefab":{"__uuid__":"73HhGIL5hPQJEs5ZLy8U4n"},"sliceItemSpriteFrame":{"__uuid__":"c2rvwbQ4xBpappNU4njhsR"},"pointSpriteFrame":{"__uuid__":"6bj+TqiDhMgZUsAYgI40Qx"}}],"_prefab":{"__type__":"cc.PrefabInfo","root":{"__id__":1},"asset":{"__uuid__":"18xfEH/ZtCQLy9XO/1HwhL"},"fileId":"fe0PF149lJ0rqALs1oH45/"},"_contentSize":{"__type__":"cc.Size","width":101,"height":132},"_trs":{"__type__":"TypedArray","ctor":"Float64Array","array":[0,-70,0,0,0,0,1,1,1,1]}},{"__type__":"cc.Node","_name":"shanzhu copy","_parent":{"__id__":1},"_components":[{"__type__":"cc.Sprite","node":{"__id__":4},"_spriteFrame":{"__uuid__":"fbjIOJYeRFere9OnfuOMol"},"_sizeMode":0},{"__type__":"cc.CircleCollider","node":{"__id__":4},"_offset":{"__type__":"cc.Vec2","y":-15},"_radius":42},{"__type__":"ae625r/YtBJ25oY3QCSGq6M","node":{"__id__":4},"halfItemPrefab":{"__uuid__":"eeWA+fOyxJApsj6bNiHHhK"},"spinePrefab":{"__uuid__":"73HhGIL5hPQJEs5ZLy8U4n"},"sliceItemSpriteFrame":{"__uuid__":"c2rvwbQ4xBpappNU4njhsR"},"pointSpriteFrame":{"__uuid__":"6bj+TqiDhMgZUsAYgI40Qx"}}],"_prefab":{"__type__":"cc.PrefabInfo","root":{"__id__":1},"asset":{"__uuid__":"18xfEH/ZtCQLy9XO/1HwhL"},"fileId":"c8N9TiyR5PaYsnHngAssoL"},"_contentSize":{"__type__":"cc.Size","width":101,"height":132},"_trs":{"__type__":"TypedArray","ctor":"Float64Array","array":[0,200,0,0,0,0,1,1,1,1]}},{"__type__":"cc.Node","_name":"shanzhu copy","_parent":{"__id__":1},"_components":[{"__type__":"cc.Sprite","node":{"__id__":5},"_spriteFrame":{"__uuid__":"fbjIOJYeRFere9OnfuOMol"},"_sizeMode":0},{"__type__":"cc.CircleCollider","node":{"__id__":5},"_offset":{"__type__":"cc.Vec2","y":-15},"_radius":42},{"__type__":"ae625r/YtBJ25oY3QCSGq6M","node":{"__id__":5},"halfItemPrefab":{"__uuid__":"eeWA+fOyxJApsj6bNiHHhK"},"spinePrefab":{"__uuid__":"73HhGIL5hPQJEs5ZLy8U4n"},"sliceItemSpriteFrame":{"__uuid__":"c2rvwbQ4xBpappNU4njhsR"},"pointSpriteFrame":{"__uuid__":"6bj+TqiDhMgZUsAYgI40Qx"}}],"_prefab":{"__type__":"cc.PrefabInfo","root":{"__id__":1},"asset":{"__uuid__":"18xfEH/ZtCQLy9XO/1HwhL"},"fileId":"637WGeRD1LH7b1n5tGwc10"},"_contentSize":{"__type__":"cc.Size","width":101,"height":132},"_trs":{"__type__":"TypedArray","ctor":"Float64Array","array":[0,-200,0,0,0,0,1,1,1,1]}}],{"__type__":"cc.SpriteFrame","content":{"name":"点","texture":"384YhYzYpKdrjInpCDyQsT","rect":[0,0,16,16],"offset":[0,0],"originalSize":[16,16],"capInsets":[0,0,0,0]}},{"__type__":"cc.SpriteFrame","content":{"name":"Apple","texture":"a8YGMIkX1I2aBTP44e+lCA","rect":[0,0,138,17],"offset":[0,0],"originalSize":[138,17],"capInsets":[3,0,3,0]}},{"__type__":"cc.SpriteFrame","content":{"name":"shanzhu","texture":"8c2bEfTyZEsqMSHvheN4Uq","rect":[0,0,176,194],"offset":[0,0],"originalSize":[176,194],"capInsets":[0,0,0,0]}}]