[{"__type__":"cc.SpriteFrame","content":{"name":"水果_梨","texture":"57N2xMPWhHvbtmQrowYXit","rect":[0,0,76,101],"offset":[0,0],"originalSize":[76,101],"capInsets":[0,0,0,0]}},{"__type__":"cc.SpriteFrame","content":{"name":"点","texture":"384YhYzYpKdrjInpCDyQsT","rect":[0,0,16,16],"offset":[0,0],"originalSize":[16,16],"capInsets":[0,0,0,0]}},[{"__type__":"cc.Prefab","_name":"items2","data":{"__id__":1}},{"__type__":"cc.Node","_name":"items2","_children":[{"__id__":2},{"__id__":3},{"__id__":4},{"__id__":5},{"__id__":6},{"__id__":7},{"__id__":8}],"_components":[{"__type__":"053c2u4k8ZBwroDC3cDQoVF","node":{"__id__":1}}],"_prefab":{"__type__":"cc.PrefabInfo","root":{"__id__":1},"asset":{"__uuid__":"b0fNoFlJVLJ4IExpxpZsKT"},"fileId":"687NjabKNJu7WsCrOggJoV"},"_trs":{"__type__":"TypedArray","ctor":"Float64Array","array":[0,0,0,0,0,0,1,1,1,1]}},{"__type__":"cc.Node","_name":"梨","_parent":{"__id__":1},"_components":[{"__type__":"cc.Sprite","node":{"__id__":2},"_spriteFrame":{"__uuid__":"44ZVblbORAGKSocZm24USF"}},{"__type__":"cc.CircleCollider","node":{"__id__":2},"_radius":42},{"__type__":"ae625r/YtBJ25oY3QCSGq6M","node":{"__id__":2},"halfItemPrefab":{"__uuid__":"c4riS7PT5DuaBN+jecS/GT"},"spinePrefab":{"__uuid__":"8cv8yPSxpO96zY8VNM4NOq"},"sliceItemSpriteFrame":{"__uuid__":"c2rvwbQ4xBpappNU4njhsR"},"pointSpriteFrame":{"__uuid__":"6bj+TqiDhMgZUsAYgI40Qx"}}],"_prefab":{"__type__":"cc.PrefabInfo","root":{"__id__":1},"asset":{"__uuid__":"b0fNoFlJVLJ4IExpxpZsKT"},"fileId":"47SekbrHlDYJ2GpPrHToSw"},"_contentSize":{"__type__":"cc.Size","width":76,"height":101},"_trs":{"__type__":"TypedArray","ctor":"Float64Array","array":[0,0,0,0,0,0,1,1,1,1]}},{"__type__":"cc.Node","_name":"梨","_parent":{"__id__":1},"_components":[{"__type__":"cc.Sprite","node":{"__id__":3},"_spriteFrame":{"__uuid__":"44ZVblbORAGKSocZm24USF"}},{"__type__":"cc.CircleCollider","node":{"__id__":3},"_radius":42},{"__type__":"ae625r/YtBJ25oY3QCSGq6M","node":{"__id__":3},"halfItemPrefab":{"__uuid__":"c4riS7PT5DuaBN+jecS/GT"},"spinePrefab":{"__uuid__":"8cv8yPSxpO96zY8VNM4NOq"},"sliceItemSpriteFrame":{"__uuid__":"c2rvwbQ4xBpappNU4njhsR"},"pointSpriteFrame":{"__uuid__":"6bj+TqiDhMgZUsAYgI40Qx"}}],"_prefab":{"__type__":"cc.PrefabInfo","root":{"__id__":1},"asset":{"__uuid__":"b0fNoFlJVLJ4IExpxpZsKT"},"fileId":"56Ai0e3iRCLr1PRMv60mQC"},"_contentSize":{"__type__":"cc.Size","width":76,"height":101},"_trs":{"__type__":"TypedArray","ctor":"Float64Array","array":[111,-84,0,0,0,0,1,1,1,1]}},{"__type__":"cc.Node","_name":"梨","_parent":{"__id__":1},"_components":[{"__type__":"cc.Sprite","node":{"__id__":4},"_spriteFrame":{"__uuid__":"44ZVblbORAGKSocZm24USF"}},{"__type__":"cc.CircleCollider","node":{"__id__":4},"_radius":42},{"__type__":"ae625r/YtBJ25oY3QCSGq6M","node":{"__id__":4},"halfItemPrefab":{"__uuid__":"c4riS7PT5DuaBN+jecS/GT"},"spinePrefab":{"__uuid__":"8cv8yPSxpO96zY8VNM4NOq"},"sliceItemSpriteFrame":{"__uuid__":"c2rvwbQ4xBpappNU4njhsR"},"pointSpriteFrame":{"__uuid__":"6bj+TqiDhMgZUsAYgI40Qx"}}],"_prefab":{"__type__":"cc.PrefabInfo","root":{"__id__":1},"asset":{"__uuid__":"b0fNoFlJVLJ4IExpxpZsKT"},"fileId":"52BdvpsqJOM7hEsGWLoQ5e"},"_contentSize":{"__type__":"cc.Size","width":76,"height":101},"_trs":{"__type__":"TypedArray","ctor":"Float64Array","array":[-91,80,0,0,0,0,1,1,1,1]}},{"__type__":"cc.Node","_name":"梨","_parent":{"__id__":1},"_components":[{"__type__":"cc.Sprite","node":{"__id__":5},"_spriteFrame":{"__uuid__":"44ZVblbORAGKSocZm24USF"}},{"__type__":"cc.CircleCollider","node":{"__id__":5},"_radius":42},{"__type__":"ae625r/YtBJ25oY3QCSGq6M","node":{"__id__":5},"halfItemPrefab":{"__uuid__":"c4riS7PT5DuaBN+jecS/GT"},"spinePrefab":{"__uuid__":"8cv8yPSxpO96zY8VNM4NOq"},"sliceItemSpriteFrame":{"__uuid__":"c2rvwbQ4xBpappNU4njhsR"},"pointSpriteFrame":{"__uuid__":"6bj+TqiDhMgZUsAYgI40Qx"}}],"_prefab":{"__type__":"cc.PrefabInfo","root":{"__id__":1},"asset":{"__uuid__":"b0fNoFlJVLJ4IExpxpZsKT"},"fileId":"33+dhFzihJequb4ZwDwGKF"},"_contentSize":{"__type__":"cc.Size","width":76,"height":101},"_trs":{"__type__":"TypedArray","ctor":"Float64Array","array":[-131,-32,0,0,0,0,1,1,1,1]}},{"__type__":"cc.Node","_name":"梨","_parent":{"__id__":1},"_components":[{"__type__":"cc.Sprite","node":{"__id__":6},"_spriteFrame":{"__uuid__":"44ZVblbORAGKSocZm24USF"}},{"__type__":"cc.CircleCollider","node":{"__id__":6},"_radius":42},{"__type__":"ae625r/YtBJ25oY3QCSGq6M","node":{"__id__":6},"halfItemPrefab":{"__uuid__":"c4riS7PT5DuaBN+jecS/GT"},"spinePrefab":{"__uuid__":"8cv8yPSxpO96zY8VNM4NOq"},"sliceItemSpriteFrame":{"__uuid__":"c2rvwbQ4xBpappNU4njhsR"},"pointSpriteFrame":{"__uuid__":"6bj+TqiDhMgZUsAYgI40Qx"}}],"_prefab":{"__type__":"cc.PrefabInfo","root":{"__id__":1},"asset":{"__uuid__":"b0fNoFlJVLJ4IExpxpZsKT"},"fileId":"a7OSdJo7dC/Jnlwo4vJH+3"},"_contentSize":{"__type__":"cc.Size","width":76,"height":101},"_trs":{"__type__":"TypedArray","ctor":"Float64Array","array":[-29,-136,0,0,0,0,1,1,1,1]}},{"__type__":"cc.Node","_name":"梨","_parent":{"__id__":1},"_components":[{"__type__":"cc.Sprite","node":{"__id__":7},"_spriteFrame":{"__uuid__":"44ZVblbORAGKSocZm24USF"}},{"__type__":"cc.CircleCollider","node":{"__id__":7},"_radius":42},{"__type__":"ae625r/YtBJ25oY3QCSGq6M","node":{"__id__":7},"halfItemPrefab":{"__uuid__":"c4riS7PT5DuaBN+jecS/GT"},"spinePrefab":{"__uuid__":"8cv8yPSxpO96zY8VNM4NOq"},"sliceItemSpriteFrame":{"__uuid__":"c2rvwbQ4xBpappNU4njhsR"},"pointSpriteFrame":{"__uuid__":"6bj+TqiDhMgZUsAYgI40Qx"}}],"_prefab":{"__type__":"cc.PrefabInfo","root":{"__id__":1},"asset":{"__uuid__":"b0fNoFlJVLJ4IExpxpZsKT"},"fileId":"d4k2BarJlL34E3fV2U7MjR"},"_contentSize":{"__type__":"cc.Size","width":76,"height":101},"_trs":{"__type__":"TypedArray","ctor":"Float64Array","array":[143,46,0,0,0,0,1,1,1,1]}},{"__type__":"cc.Node","_name":"梨","_parent":{"__id__":1},"_components":[{"__type__":"cc.Sprite","node":{"__id__":8},"_spriteFrame":{"__uuid__":"44ZVblbORAGKSocZm24USF"}},{"__type__":"cc.CircleCollider","node":{"__id__":8},"_radius":42},{"__type__":"ae625r/YtBJ25oY3QCSGq6M","node":{"__id__":8},"halfItemPrefab":{"__uuid__":"c4riS7PT5DuaBN+jecS/GT"},"spinePrefab":{"__uuid__":"8cv8yPSxpO96zY8VNM4NOq"},"sliceItemSpriteFrame":{"__uuid__":"c2rvwbQ4xBpappNU4njhsR"},"pointSpriteFrame":{"__uuid__":"6bj+TqiDhMgZUsAYgI40Qx"}}],"_prefab":{"__type__":"cc.PrefabInfo","root":{"__id__":1},"asset":{"__uuid__":"b0fNoFlJVLJ4IExpxpZsKT"},"fileId":"45TDVQyvJCiadCOcVpRWU4"},"_contentSize":{"__type__":"cc.Size","width":76,"height":101},"_trs":{"__type__":"TypedArray","ctor":"Float64Array","array":[32,129,0,0,0,0,1,1,1,1]}}],{"__type__":"cc.SpriteFrame","content":{"name":"Apple","texture":"a8YGMIkX1I2aBTP44e+lCA","rect":[0,0,138,17],"offset":[0,0],"originalSize":[138,17],"capInsets":[3,0,3,0]}}]