[{"__type__":"cc.SpriteFrame","content":{"name":"font_0","texture":"4dnNNzBeJPP4sTVMUwPNKD","rect":[0,0,123,86],"offset":[-2.5,21],"originalSize":[128,128],"capInsets":[0,0,0,0]}},{"__type__":"cc.BitmapFont","_name":"font","spriteFrame":{"__uuid__":"9bn4G2Dc9IZ51PqsDZetDc"},"fontSize":50,"_fntConfig":{"commonHeight":50,"fontSize":50,"atlasName":"font_0.png","fontDefDictionary":{"48":{"rect":{"x":0,"y":0,"width":30,"height":28},"xOffset":0,"yOffset":0,"xAdvance":30},"49":{"rect":{"x":29,"y":58,"width":14,"height":28},"xOffset":0,"yOffset":0,"xAdvance":14},"50":{"rect":{"x":0,"y":58,"width":28,"height":28},"xOffset":0,"yOffset":0,"xAdvance":28},"51":{"rect":{"x":31,"y":29,"width":29,"height":28},"xOffset":0,"yOffset":0,"xAdvance":29},"52":{"rect":{"x":31,"y":0,"width":30,"height":28},"xOffset":0,"yOffset":0,"xAdvance":30},"53":{"rect":{"x":61,"y":29,"width":29,"height":28},"xOffset":0,"yOffset":0,"xAdvance":29},"54":{"rect":{"x":62,"y":0,"width":30,"height":28},"xOffset":0,"yOffset":0,"xAdvance":30},"55":{"rect":{"x":93,"y":0,"width":30,"height":28},"xOffset":0,"yOffset":0,"xAdvance":30},"56":{"rect":{"x":91,"y":29,"width":29,"height":28},"xOffset":0,"yOffset":0,"xAdvance":29},"57":{"rect":{"x":0,"y":29,"width":30,"height":28},"xOffset":0,"yOffset":0,"xAdvance":30}},"kerningDict":{}}}]