[{"__type__":"cc.SpriteFrame","content":{"name":"Lemon","texture":"4d6L06el9PqJHxpCFR/u54","rect":[0,0,138,17],"offset":[0,0],"originalSize":[138,17],"capInsets":[3,0,3,0]}},{"__type__":"cc.SpriteFrame","content":{"name":"点","texture":"384YhYzYpKdrjInpCDyQsT","rect":[0,0,16,16],"offset":[0,0],"originalSize":[16,16],"capInsets":[0,0,0,0]}},{"__type__":"cc.SpriteFrame","content":{"name":"boluo","texture":"9da1INQA5DibjRlDFsUTTO","rect":[0,0,82,133],"offset":[0,0],"originalSize":[82,133],"capInsets":[0,0,0,0]}},[{"__type__":"cc.Prefab","_name":"items5","data":{"__id__":1}},{"__type__":"cc.Node","_name":"items5","_children":[{"__id__":2},{"__id__":3},{"__id__":4},{"__id__":5},{"__id__":6},{"__id__":7},{"__id__":8},{"__id__":9},{"__id__":10},{"__id__":11}],"_components":[{"__type__":"053c2u4k8ZBwroDC3cDQoVF","node":{"__id__":1}}],"_prefab":{"__type__":"cc.PrefabInfo","root":{"__id__":1},"asset":{"__uuid__":"e5yr6scldCv5kyRA4rEzdS"},"fileId":"0cXDeHe05BDqJZDv518clM"},"_trs":{"__type__":"TypedArray","ctor":"Float64Array","array":[0,0,0,0,0,0,1,1,1,1]}},{"__type__":"cc.Node","_name":"菠萝","_parent":{"__id__":1},"_components":[{"__type__":"cc.Sprite","node":{"__id__":2},"_spriteFrame":{"__uuid__":"c5aUV4hTNCeazBlqzkiFbl"}},{"__type__":"cc.CircleCollider","node":{"__id__":2},"_radius":42},{"__type__":"ae625r/YtBJ25oY3QCSGq6M","node":{"__id__":2},"halfItemPrefab":{"__uuid__":"34QwNoqyFKGoP/6EhuEw1v"},"spinePrefab":{"__uuid__":"73HhGIL5hPQJEs5ZLy8U4n"},"sliceItemSpriteFrame":{"__uuid__":"20V3I2QiJEcYC8Y0HHcmCy"},"pointSpriteFrame":{"__uuid__":"6bj+TqiDhMgZUsAYgI40Qx"}}],"_prefab":{"__type__":"cc.PrefabInfo","root":{"__id__":1},"asset":{"__uuid__":"e5yr6scldCv5kyRA4rEzdS"},"fileId":"15vRyUIQdKdaQvJp2DYEld"},"_contentSize":{"__type__":"cc.Size","width":82,"height":133},"_trs":{"__type__":"TypedArray","ctor":"Float64Array","array":[0,0,0,0,0,0,1,1,1,1]}},{"__type__":"cc.Node","_name":"菠萝","_parent":{"__id__":1},"_components":[{"__type__":"cc.Sprite","node":{"__id__":3},"_spriteFrame":{"__uuid__":"c5aUV4hTNCeazBlqzkiFbl"}},{"__type__":"cc.CircleCollider","node":{"__id__":3},"_radius":42},{"__type__":"ae625r/YtBJ25oY3QCSGq6M","node":{"__id__":3},"halfItemPrefab":{"__uuid__":"34QwNoqyFKGoP/6EhuEw1v"},"spinePrefab":{"__uuid__":"73HhGIL5hPQJEs5ZLy8U4n"},"sliceItemSpriteFrame":{"__uuid__":"20V3I2QiJEcYC8Y0HHcmCy"},"pointSpriteFrame":{"__uuid__":"6bj+TqiDhMgZUsAYgI40Qx"}}],"_prefab":{"__type__":"cc.PrefabInfo","root":{"__id__":1},"asset":{"__uuid__":"e5yr6scldCv5kyRA4rEzdS"},"fileId":"3bkpRoKQhI7JMQu9v9woB4"},"_contentSize":{"__type__":"cc.Size","width":82,"height":133},"_trs":{"__type__":"TypedArray","ctor":"Float64Array","array":[111,160,0,0,0,0,1,1,1,1]}},{"__type__":"cc.Node","_name":"菠萝","_parent":{"__id__":1},"_components":[{"__type__":"cc.Sprite","node":{"__id__":4},"_spriteFrame":{"__uuid__":"c5aUV4hTNCeazBlqzkiFbl"}},{"__type__":"cc.CircleCollider","node":{"__id__":4},"_radius":42},{"__type__":"ae625r/YtBJ25oY3QCSGq6M","node":{"__id__":4},"halfItemPrefab":{"__uuid__":"34QwNoqyFKGoP/6EhuEw1v"},"spinePrefab":{"__uuid__":"73HhGIL5hPQJEs5ZLy8U4n"},"sliceItemSpriteFrame":{"__uuid__":"20V3I2QiJEcYC8Y0HHcmCy"},"pointSpriteFrame":{"__uuid__":"6bj+TqiDhMgZUsAYgI40Qx"}}],"_prefab":{"__type__":"cc.PrefabInfo","root":{"__id__":1},"asset":{"__uuid__":"e5yr6scldCv5kyRA4rEzdS"},"fileId":"fatB9ANXdBDZbI55ZeJvCZ"},"_contentSize":{"__type__":"cc.Size","width":82,"height":133},"_trs":{"__type__":"TypedArray","ctor":"Float64Array","array":[-129,148,0,0,0,0,1,1,1,1]}},{"__type__":"cc.Node","_name":"菠萝","_parent":{"__id__":1},"_components":[{"__type__":"cc.Sprite","node":{"__id__":5},"_spriteFrame":{"__uuid__":"c5aUV4hTNCeazBlqzkiFbl"}},{"__type__":"cc.CircleCollider","node":{"__id__":5},"_radius":42},{"__type__":"ae625r/YtBJ25oY3QCSGq6M","node":{"__id__":5},"halfItemPrefab":{"__uuid__":"34QwNoqyFKGoP/6EhuEw1v"},"spinePrefab":{"__uuid__":"73HhGIL5hPQJEs5ZLy8U4n"},"sliceItemSpriteFrame":{"__uuid__":"20V3I2QiJEcYC8Y0HHcmCy"},"pointSpriteFrame":{"__uuid__":"6bj+TqiDhMgZUsAYgI40Qx"}}],"_prefab":{"__type__":"cc.PrefabInfo","root":{"__id__":1},"asset":{"__uuid__":"e5yr6scldCv5kyRA4rEzdS"},"fileId":"fcMcxIch5O0LzEOAOFdR1D"},"_contentSize":{"__type__":"cc.Size","width":82,"height":133},"_trs":{"__type__":"TypedArray","ctor":"Float64Array","array":[-134,-150,0,0,0,0,1,1,1,1]}},{"__type__":"cc.Node","_name":"菠萝","_parent":{"__id__":1},"_components":[{"__type__":"cc.Sprite","node":{"__id__":6},"_spriteFrame":{"__uuid__":"c5aUV4hTNCeazBlqzkiFbl"}},{"__type__":"cc.CircleCollider","node":{"__id__":6},"_radius":42},{"__type__":"ae625r/YtBJ25oY3QCSGq6M","node":{"__id__":6},"halfItemPrefab":{"__uuid__":"34QwNoqyFKGoP/6EhuEw1v"},"spinePrefab":{"__uuid__":"73HhGIL5hPQJEs5ZLy8U4n"},"sliceItemSpriteFrame":{"__uuid__":"20V3I2QiJEcYC8Y0HHcmCy"},"pointSpriteFrame":{"__uuid__":"6bj+TqiDhMgZUsAYgI40Qx"}}],"_prefab":{"__type__":"cc.PrefabInfo","root":{"__id__":1},"asset":{"__uuid__":"e5yr6scldCv5kyRA4rEzdS"},"fileId":"6f5tgQgv9Fe6mM+LySGRIM"},"_contentSize":{"__type__":"cc.Size","width":82,"height":133},"_trs":{"__type__":"TypedArray","ctor":"Float64Array","array":[189,99,0,0,0,0,1,1,1,1]}},{"__type__":"cc.Node","_name":"菠萝","_parent":{"__id__":1},"_components":[{"__type__":"cc.Sprite","node":{"__id__":7},"_spriteFrame":{"__uuid__":"c5aUV4hTNCeazBlqzkiFbl"}},{"__type__":"cc.CircleCollider","node":{"__id__":7},"_radius":42},{"__type__":"ae625r/YtBJ25oY3QCSGq6M","node":{"__id__":7},"halfItemPrefab":{"__uuid__":"34QwNoqyFKGoP/6EhuEw1v"},"spinePrefab":{"__uuid__":"73HhGIL5hPQJEs5ZLy8U4n"},"sliceItemSpriteFrame":{"__uuid__":"20V3I2QiJEcYC8Y0HHcmCy"},"pointSpriteFrame":{"__uuid__":"6bj+TqiDhMgZUsAYgI40Qx"}}],"_prefab":{"__type__":"cc.PrefabInfo","root":{"__id__":1},"asset":{"__uuid__":"e5yr6scldCv5kyRA4rEzdS"},"fileId":"9bZUcHcXdJx4tcrrmUSaqs"},"_contentSize":{"__type__":"cc.Size","width":82,"height":133},"_trs":{"__type__":"TypedArray","ctor":"Float64Array","array":[132,-138,0,0,0,0,1,1,1,1]}},{"__type__":"cc.Node","_name":"菠萝","_parent":{"__id__":1},"_components":[{"__type__":"cc.Sprite","node":{"__id__":8},"_spriteFrame":{"__uuid__":"c5aUV4hTNCeazBlqzkiFbl"}},{"__type__":"cc.CircleCollider","node":{"__id__":8},"_radius":42},{"__type__":"ae625r/YtBJ25oY3QCSGq6M","node":{"__id__":8},"halfItemPrefab":{"__uuid__":"34QwNoqyFKGoP/6EhuEw1v"},"spinePrefab":{"__uuid__":"73HhGIL5hPQJEs5ZLy8U4n"},"sliceItemSpriteFrame":{"__uuid__":"20V3I2QiJEcYC8Y0HHcmCy"},"pointSpriteFrame":{"__uuid__":"6bj+TqiDhMgZUsAYgI40Qx"}}],"_prefab":{"__type__":"cc.PrefabInfo","root":{"__id__":1},"asset":{"__uuid__":"e5yr6scldCv5kyRA4rEzdS"},"fileId":"a8cOZGeoJLaZ3iXKzU1QEh"},"_contentSize":{"__type__":"cc.Size","width":82,"height":133},"_trs":{"__type__":"TypedArray","ctor":"Float64Array","array":[-3,160,0,0,0,0,1,1,1,1]}},{"__type__":"cc.Node","_name":"菠萝","_parent":{"__id__":1},"_components":[{"__type__":"cc.Sprite","node":{"__id__":9},"_spriteFrame":{"__uuid__":"c5aUV4hTNCeazBlqzkiFbl"}},{"__type__":"cc.CircleCollider","node":{"__id__":9},"_radius":42},{"__type__":"ae625r/YtBJ25oY3QCSGq6M","node":{"__id__":9},"halfItemPrefab":{"__uuid__":"34QwNoqyFKGoP/6EhuEw1v"},"spinePrefab":{"__uuid__":"73HhGIL5hPQJEs5ZLy8U4n"},"sliceItemSpriteFrame":{"__uuid__":"20V3I2QiJEcYC8Y0HHcmCy"},"pointSpriteFrame":{"__uuid__":"6bj+TqiDhMgZUsAYgI40Qx"}}],"_prefab":{"__type__":"cc.PrefabInfo","root":{"__id__":1},"asset":{"__uuid__":"e5yr6scldCv5kyRA4rEzdS"},"fileId":"5dBnft8E9Fi7lkFAr4+Wcy"},"_contentSize":{"__type__":"cc.Size","width":82,"height":133},"_trs":{"__type__":"TypedArray","ctor":"Float64Array","array":[-5,-173,0,0,0,0,1,1,1,1]}},{"__type__":"cc.Node","_name":"菠萝","_parent":{"__id__":1},"_components":[{"__type__":"cc.Sprite","node":{"__id__":10},"_spriteFrame":{"__uuid__":"c5aUV4hTNCeazBlqzkiFbl"}},{"__type__":"cc.CircleCollider","node":{"__id__":10},"_radius":42},{"__type__":"ae625r/YtBJ25oY3QCSGq6M","node":{"__id__":10},"halfItemPrefab":{"__uuid__":"34QwNoqyFKGoP/6EhuEw1v"},"spinePrefab":{"__uuid__":"73HhGIL5hPQJEs5ZLy8U4n"},"sliceItemSpriteFrame":{"__uuid__":"20V3I2QiJEcYC8Y0HHcmCy"},"pointSpriteFrame":{"__uuid__":"6bj+TqiDhMgZUsAYgI40Qx"}}],"_prefab":{"__type__":"cc.PrefabInfo","root":{"__id__":1},"asset":{"__uuid__":"e5yr6scldCv5kyRA4rEzdS"},"fileId":"7bHikhFAFC4qTogoL9CVkC"},"_contentSize":{"__type__":"cc.Size","width":82,"height":133},"_trs":{"__type__":"TypedArray","ctor":"Float64Array","array":[-188,-3,0,0,0,0,1,1,1,1]}},{"__type__":"cc.Node","_name":"菠萝","_parent":{"__id__":1},"_components":[{"__type__":"cc.Sprite","node":{"__id__":11},"_spriteFrame":{"__uuid__":"c5aUV4hTNCeazBlqzkiFbl"}},{"__type__":"cc.CircleCollider","node":{"__id__":11},"_radius":42},{"__type__":"ae625r/YtBJ25oY3QCSGq6M","node":{"__id__":11},"halfItemPrefab":{"__uuid__":"34QwNoqyFKGoP/6EhuEw1v"},"spinePrefab":{"__uuid__":"73HhGIL5hPQJEs5ZLy8U4n"},"sliceItemSpriteFrame":{"__uuid__":"20V3I2QiJEcYC8Y0HHcmCy"},"pointSpriteFrame":{"__uuid__":"6bj+TqiDhMgZUsAYgI40Qx"}}],"_prefab":{"__type__":"cc.PrefabInfo","root":{"__id__":1},"asset":{"__uuid__":"e5yr6scldCv5kyRA4rEzdS"},"fileId":"73djxMOpRGFqUw/sXxzrSD"},"_contentSize":{"__type__":"cc.Size","width":82,"height":133},"_trs":{"__type__":"TypedArray","ctor":"Float64Array","array":[204,-12,0,0,0,0,1,1,1,1]}}]]