[{"__type__":"cc.SpriteFrame","content":{"name":"点","texture":"384YhYzYpKdrjInpCDyQsT","rect":[0,0,16,16],"offset":[0,0],"originalSize":[16,16],"capInsets":[0,0,0,0]}},{"__type__":"cc.SpriteFrame","content":{"name":"水果_草莓","texture":"20k+UWLYxB0IHEkU+nuiNd","rect":[0,0,85,105],"offset":[0,0],"originalSize":[85,105],"capInsets":[0,0,0,0]}},{"__type__":"cc.SpriteFrame","content":{"name":"xigua","texture":"90H6phwRZK4YrHAw02hMFH","rect":[0,0,138,17],"offset":[0,0],"originalSize":[138,17],"capInsets":[0,0,0,0]}},[{"__type__":"cc.Prefab","_name":"items7","data":{"__id__":1}},{"__type__":"cc.Node","_name":"items7","_children":[{"__id__":2},{"__id__":3},{"__id__":4},{"__id__":5},{"__id__":6},{"__id__":7},{"__id__":8},{"__id__":9}],"_components":[{"__type__":"053c2u4k8ZBwroDC3cDQoVF","node":{"__id__":1}}],"_prefab":{"__type__":"cc.PrefabInfo","root":{"__id__":1},"asset":{"__uuid__":"f1nRZf6WRAGaYgBAdQETtw"},"fileId":"23ef6jWJBEOoDYuFQvYsy7"},"_trs":{"__type__":"TypedArray","ctor":"Float64Array","array":[0,0,0,0,0,0,1,1,1,1]}},{"__type__":"cc.Node","_name":"草莓","_parent":{"__id__":1},"_components":[{"__type__":"cc.Sprite","node":{"__id__":2},"_spriteFrame":{"__uuid__":"76oUufZ95Hga0fsxc/jCcg"}},{"__type__":"cc.CircleCollider","node":{"__id__":2},"_radius":42},{"__type__":"ae625r/YtBJ25oY3QCSGq6M","node":{"__id__":2},"halfItemPrefab":{"__uuid__":"84c1Vb2JZK4roDhVXKCbtD"},"spinePrefab":{"__uuid__":"3f7mx8vN1BxYMDURZ3eboz"},"sliceItemSpriteFrame":{"__uuid__":"eavmq6keZMsKs/9PAe6eqo"},"pointSpriteFrame":{"__uuid__":"6bj+TqiDhMgZUsAYgI40Qx"}}],"_prefab":{"__type__":"cc.PrefabInfo","root":{"__id__":1},"asset":{"__uuid__":"f1nRZf6WRAGaYgBAdQETtw"},"fileId":"6aG+DsTH9I2aW07fC5SjBj"},"_contentSize":{"__type__":"cc.Size","width":85,"height":105},"_trs":{"__type__":"TypedArray","ctor":"Float64Array","array":[0,0,0,0,0,0,1,1,1,1]}},{"__type__":"cc.Node","_name":"草莓","_parent":{"__id__":1},"_components":[{"__type__":"cc.Sprite","node":{"__id__":3},"_spriteFrame":{"__uuid__":"76oUufZ95Hga0fsxc/jCcg"}},{"__type__":"cc.CircleCollider","node":{"__id__":3},"_radius":42},{"__type__":"ae625r/YtBJ25oY3QCSGq6M","node":{"__id__":3},"halfItemPrefab":{"__uuid__":"84c1Vb2JZK4roDhVXKCbtD"},"spinePrefab":{"__uuid__":"3f7mx8vN1BxYMDURZ3eboz"},"sliceItemSpriteFrame":{"__uuid__":"eavmq6keZMsKs/9PAe6eqo"},"pointSpriteFrame":{"__uuid__":"6bj+TqiDhMgZUsAYgI40Qx"}}],"_prefab":{"__type__":"cc.PrefabInfo","root":{"__id__":1},"asset":{"__uuid__":"f1nRZf6WRAGaYgBAdQETtw"},"fileId":"53Uq4vlqFLcK3SqUhvl4aH"},"_contentSize":{"__type__":"cc.Size","width":85,"height":105},"_trs":{"__type__":"TypedArray","ctor":"Float64Array","array":[-113,38,0,0,0,0,1,1,1,1]}},{"__type__":"cc.Node","_name":"草莓","_parent":{"__id__":1},"_components":[{"__type__":"cc.Sprite","node":{"__id__":4},"_spriteFrame":{"__uuid__":"76oUufZ95Hga0fsxc/jCcg"}},{"__type__":"cc.CircleCollider","node":{"__id__":4},"_radius":42},{"__type__":"ae625r/YtBJ25oY3QCSGq6M","node":{"__id__":4},"halfItemPrefab":{"__uuid__":"84c1Vb2JZK4roDhVXKCbtD"},"spinePrefab":{"__uuid__":"3f7mx8vN1BxYMDURZ3eboz"},"sliceItemSpriteFrame":{"__uuid__":"eavmq6keZMsKs/9PAe6eqo"},"pointSpriteFrame":{"__uuid__":"6bj+TqiDhMgZUsAYgI40Qx"}}],"_prefab":{"__type__":"cc.PrefabInfo","root":{"__id__":1},"asset":{"__uuid__":"f1nRZf6WRAGaYgBAdQETtw"},"fileId":"1fH0I3PfJKHrKNE2yiZMdQ"},"_contentSize":{"__type__":"cc.Size","width":85,"height":105},"_trs":{"__type__":"TypedArray","ctor":"Float64Array","array":[-73,120,0,0,0,0,1,1,1,1]}},{"__type__":"cc.Node","_name":"草莓","_parent":{"__id__":1},"_components":[{"__type__":"cc.Sprite","node":{"__id__":5},"_spriteFrame":{"__uuid__":"76oUufZ95Hga0fsxc/jCcg"}},{"__type__":"cc.CircleCollider","node":{"__id__":5},"_radius":42},{"__type__":"ae625r/YtBJ25oY3QCSGq6M","node":{"__id__":5},"halfItemPrefab":{"__uuid__":"84c1Vb2JZK4roDhVXKCbtD"},"spinePrefab":{"__uuid__":"3f7mx8vN1BxYMDURZ3eboz"},"sliceItemSpriteFrame":{"__uuid__":"eavmq6keZMsKs/9PAe6eqo"},"pointSpriteFrame":{"__uuid__":"6bj+TqiDhMgZUsAYgI40Qx"}}],"_prefab":{"__type__":"cc.PrefabInfo","root":{"__id__":1},"asset":{"__uuid__":"f1nRZf6WRAGaYgBAdQETtw"},"fileId":"ddOCclgJRKNoDeWysGqlOF"},"_contentSize":{"__type__":"cc.Size","width":85,"height":105},"_trs":{"__type__":"TypedArray","ctor":"Float64Array","array":[68,129,0,0,0,0,1,1,1,1]}},{"__type__":"cc.Node","_name":"草莓","_parent":{"__id__":1},"_components":[{"__type__":"cc.Sprite","node":{"__id__":6},"_spriteFrame":{"__uuid__":"76oUufZ95Hga0fsxc/jCcg"}},{"__type__":"cc.CircleCollider","node":{"__id__":6},"_radius":42},{"__type__":"ae625r/YtBJ25oY3QCSGq6M","node":{"__id__":6},"halfItemPrefab":{"__uuid__":"84c1Vb2JZK4roDhVXKCbtD"},"spinePrefab":{"__uuid__":"3f7mx8vN1BxYMDURZ3eboz"},"sliceItemSpriteFrame":{"__uuid__":"eavmq6keZMsKs/9PAe6eqo"},"pointSpriteFrame":{"__uuid__":"6bj+TqiDhMgZUsAYgI40Qx"}}],"_prefab":{"__type__":"cc.PrefabInfo","root":{"__id__":1},"asset":{"__uuid__":"f1nRZf6WRAGaYgBAdQETtw"},"fileId":"6fVJPyUlJN17bhZcnJiNXt"},"_contentSize":{"__type__":"cc.Size","width":85,"height":105},"_trs":{"__type__":"TypedArray","ctor":"Float64Array","array":[-1,194,0,0,0,0,1,1,1,1]}},{"__type__":"cc.Node","_name":"草莓","_parent":{"__id__":1},"_components":[{"__type__":"cc.Sprite","node":{"__id__":7},"_spriteFrame":{"__uuid__":"76oUufZ95Hga0fsxc/jCcg"}},{"__type__":"cc.CircleCollider","node":{"__id__":7},"_radius":42},{"__type__":"ae625r/YtBJ25oY3QCSGq6M","node":{"__id__":7},"halfItemPrefab":{"__uuid__":"84c1Vb2JZK4roDhVXKCbtD"},"spinePrefab":{"__uuid__":"3f7mx8vN1BxYMDURZ3eboz"},"sliceItemSpriteFrame":{"__uuid__":"eavmq6keZMsKs/9PAe6eqo"},"pointSpriteFrame":{"__uuid__":"6bj+TqiDhMgZUsAYgI40Qx"}}],"_prefab":{"__type__":"cc.PrefabInfo","root":{"__id__":1},"asset":{"__uuid__":"f1nRZf6WRAGaYgBAdQETtw"},"fileId":"5cqBz/LahInohjiwN0Xkvk"},"_contentSize":{"__type__":"cc.Size","width":85,"height":105},"_trs":{"__type__":"TypedArray","ctor":"Float64Array","array":[1,-103,0,0,0,0,1,1,1,1]}},{"__type__":"cc.Node","_name":"草莓","_parent":{"__id__":1},"_components":[{"__type__":"cc.Sprite","node":{"__id__":8},"_spriteFrame":{"__uuid__":"76oUufZ95Hga0fsxc/jCcg"}},{"__type__":"cc.CircleCollider","node":{"__id__":8},"_radius":42},{"__type__":"ae625r/YtBJ25oY3QCSGq6M","node":{"__id__":8},"halfItemPrefab":{"__uuid__":"84c1Vb2JZK4roDhVXKCbtD"},"spinePrefab":{"__uuid__":"3f7mx8vN1BxYMDURZ3eboz"},"sliceItemSpriteFrame":{"__uuid__":"eavmq6keZMsKs/9PAe6eqo"},"pointSpriteFrame":{"__uuid__":"6bj+TqiDhMgZUsAYgI40Qx"}}],"_prefab":{"__type__":"cc.PrefabInfo","root":{"__id__":1},"asset":{"__uuid__":"f1nRZf6WRAGaYgBAdQETtw"},"fileId":"3eUgk9mVZHo5rTrQv0r0If"},"_contentSize":{"__type__":"cc.Size","width":85,"height":105},"_trs":{"__type__":"TypedArray","ctor":"Float64Array","array":[-1,97,0,0,0,0,1,1,1,1]}},{"__type__":"cc.Node","_name":"草莓","_parent":{"__id__":1},"_components":[{"__type__":"cc.Sprite","node":{"__id__":9},"_spriteFrame":{"__uuid__":"76oUufZ95Hga0fsxc/jCcg"}},{"__type__":"cc.CircleCollider","node":{"__id__":9},"_radius":42},{"__type__":"ae625r/YtBJ25oY3QCSGq6M","node":{"__id__":9},"halfItemPrefab":{"__uuid__":"84c1Vb2JZK4roDhVXKCbtD"},"spinePrefab":{"__uuid__":"3f7mx8vN1BxYMDURZ3eboz"},"sliceItemSpriteFrame":{"__uuid__":"eavmq6keZMsKs/9PAe6eqo"},"pointSpriteFrame":{"__uuid__":"6bj+TqiDhMgZUsAYgI40Qx"}}],"_prefab":{"__type__":"cc.PrefabInfo","root":{"__id__":1},"asset":{"__uuid__":"f1nRZf6WRAGaYgBAdQETtw"},"fileId":"a47XUjhCBMMJZWyPg6TgTg"},"_contentSize":{"__type__":"cc.Size","width":85,"height":105},"_trs":{"__type__":"TypedArray","ctor":"Float64Array","array":[126,46,0,0,0,0,1,1,1,1]}}]]