[{"__type__":"cc.SpriteFrame","content":{"name":"点","texture":"384YhYzYpKdrjInpCDyQsT","rect":[0,0,16,16],"offset":[0,0],"originalSize":[16,16],"capInsets":[0,0,0,0]}},{"__type__":"cc.SpriteFrame","content":{"name":"猕猴桃","texture":"13XKgp569FhJQj4f00d1yn","rect":[0,0,138,17],"offset":[0,0],"originalSize":[138,17],"capInsets":[3,0,3,0]}},[{"__type__":"cc.Prefab","_name":"items10","data":{"__id__":1}},{"__type__":"cc.Node","_name":"items10","_children":[{"__id__":2},{"__id__":3},{"__id__":4},{"__id__":5},{"__id__":6},{"__id__":7},{"__id__":8},{"__id__":9},{"__id__":10},{"__id__":11},{"__id__":12},{"__id__":13}],"_components":[{"__type__":"053c2u4k8ZBwroDC3cDQoVF","node":{"__id__":1}}],"_prefab":{"__type__":"cc.PrefabInfo","root":{"__id__":1},"asset":{"__uuid__":"c0JeFDSrFPiYQuKvF9bt16"},"fileId":"8eWY9EWIVHI4/sBmohTbPG"},"_trs":{"__type__":"TypedArray","ctor":"Float64Array","array":[0,0,0,0,0,0,1,1,1,1]}},{"__type__":"cc.Node","_name":"奇异果","_parent":{"__id__":1},"_components":[{"__type__":"cc.Sprite","node":{"__id__":2},"_spriteFrame":{"__uuid__":"dbD2i5M2hEgaOZLLZ/Ye0v"}},{"__type__":"cc.CircleCollider","node":{"__id__":2},"_radius":42},{"__type__":"ae625r/YtBJ25oY3QCSGq6M","node":{"__id__":2},"halfItemPrefab":{"__uuid__":"69+mS1eQVHG7KuLdo+xDvY"},"spinePrefab":{"__uuid__":"35Fu6mEGJC7qDbM0JtrdfN"},"sliceItemSpriteFrame":{"__uuid__":"bbEkI2BO5MeJV4KSu5Lq3N"},"pointSpriteFrame":{"__uuid__":"6bj+TqiDhMgZUsAYgI40Qx"}}],"_prefab":{"__type__":"cc.PrefabInfo","root":{"__id__":1},"asset":{"__uuid__":"c0JeFDSrFPiYQuKvF9bt16"},"fileId":"eaVydXfj1H9phMdbytFUCp"},"_contentSize":{"__type__":"cc.Size","width":77,"height":87},"_trs":{"__type__":"TypedArray","ctor":"Float64Array","array":[-2,0,0,0,0,0,1,1,1,1]}},{"__type__":"cc.Node","_name":"奇异果","_parent":{"__id__":1},"_components":[{"__type__":"cc.Sprite","node":{"__id__":3},"_spriteFrame":{"__uuid__":"dbD2i5M2hEgaOZLLZ/Ye0v"}},{"__type__":"cc.CircleCollider","node":{"__id__":3},"_radius":42},{"__type__":"ae625r/YtBJ25oY3QCSGq6M","node":{"__id__":3},"halfItemPrefab":{"__uuid__":"69+mS1eQVHG7KuLdo+xDvY"},"spinePrefab":{"__uuid__":"35Fu6mEGJC7qDbM0JtrdfN"},"sliceItemSpriteFrame":{"__uuid__":"bbEkI2BO5MeJV4KSu5Lq3N"},"pointSpriteFrame":{"__uuid__":"6bj+TqiDhMgZUsAYgI40Qx"}}],"_prefab":{"__type__":"cc.PrefabInfo","root":{"__id__":1},"asset":{"__uuid__":"c0JeFDSrFPiYQuKvF9bt16"},"fileId":"15hO3b/KJFs6oMprb5qN/b"},"_contentSize":{"__type__":"cc.Size","width":77,"height":87},"_trs":{"__type__":"TypedArray","ctor":"Float64Array","array":[66,171,0,0,0,0,1,1,1,1]}},{"__type__":"cc.Node","_name":"奇异果","_parent":{"__id__":1},"_components":[{"__type__":"cc.Sprite","node":{"__id__":4},"_spriteFrame":{"__uuid__":"dbD2i5M2hEgaOZLLZ/Ye0v"}},{"__type__":"cc.CircleCollider","node":{"__id__":4},"_radius":42},{"__type__":"ae625r/YtBJ25oY3QCSGq6M","node":{"__id__":4},"halfItemPrefab":{"__uuid__":"69+mS1eQVHG7KuLdo+xDvY"},"spinePrefab":{"__uuid__":"35Fu6mEGJC7qDbM0JtrdfN"},"sliceItemSpriteFrame":{"__uuid__":"bbEkI2BO5MeJV4KSu5Lq3N"},"pointSpriteFrame":{"__uuid__":"6bj+TqiDhMgZUsAYgI40Qx"}}],"_prefab":{"__type__":"cc.PrefabInfo","root":{"__id__":1},"asset":{"__uuid__":"c0JeFDSrFPiYQuKvF9bt16"},"fileId":"f1RGZYlW9H17olC2YEIN13"},"_contentSize":{"__type__":"cc.Size","width":77,"height":87},"_trs":{"__type__":"TypedArray","ctor":"Float64Array","array":[132,106,0,0,0,0,1,1,1,1]}},{"__type__":"cc.Node","_name":"奇异果","_parent":{"__id__":1},"_components":[{"__type__":"cc.Sprite","node":{"__id__":5},"_spriteFrame":{"__uuid__":"dbD2i5M2hEgaOZLLZ/Ye0v"}},{"__type__":"cc.CircleCollider","node":{"__id__":5},"_radius":42},{"__type__":"ae625r/YtBJ25oY3QCSGq6M","node":{"__id__":5},"halfItemPrefab":{"__uuid__":"69+mS1eQVHG7KuLdo+xDvY"},"spinePrefab":{"__uuid__":"35Fu6mEGJC7qDbM0JtrdfN"},"sliceItemSpriteFrame":{"__uuid__":"bbEkI2BO5MeJV4KSu5Lq3N"},"pointSpriteFrame":{"__uuid__":"6bj+TqiDhMgZUsAYgI40Qx"}}],"_prefab":{"__type__":"cc.PrefabInfo","root":{"__id__":1},"asset":{"__uuid__":"c0JeFDSrFPiYQuKvF9bt16"},"fileId":"d5JtOfxzRC261YF8l7AVIg"},"_contentSize":{"__type__":"cc.Size","width":77,"height":87},"_trs":{"__type__":"TypedArray","ctor":"Float64Array","array":[152,-81,0,0,0,0,1,1,1,1]}},{"__type__":"cc.Node","_name":"奇异果","_parent":{"__id__":1},"_components":[{"__type__":"cc.Sprite","node":{"__id__":6},"_spriteFrame":{"__uuid__":"dbD2i5M2hEgaOZLLZ/Ye0v"}},{"__type__":"cc.CircleCollider","node":{"__id__":6},"_radius":42},{"__type__":"ae625r/YtBJ25oY3QCSGq6M","node":{"__id__":6},"halfItemPrefab":{"__uuid__":"69+mS1eQVHG7KuLdo+xDvY"},"spinePrefab":{"__uuid__":"35Fu6mEGJC7qDbM0JtrdfN"},"sliceItemSpriteFrame":{"__uuid__":"bbEkI2BO5MeJV4KSu5Lq3N"},"pointSpriteFrame":{"__uuid__":"6bj+TqiDhMgZUsAYgI40Qx"}}],"_prefab":{"__type__":"cc.PrefabInfo","root":{"__id__":1},"asset":{"__uuid__":"c0JeFDSrFPiYQuKvF9bt16"},"fileId":"7f4sVkwflKbqBxZkGVnZlu"},"_contentSize":{"__type__":"cc.Size","width":77,"height":87},"_trs":{"__type__":"TypedArray","ctor":"Float64Array","array":[-180,60,0,0,0,0,1,1,1,1]}},{"__type__":"cc.Node","_name":"奇异果","_parent":{"__id__":1},"_components":[{"__type__":"cc.Sprite","node":{"__id__":7},"_spriteFrame":{"__uuid__":"dbD2i5M2hEgaOZLLZ/Ye0v"}},{"__type__":"cc.CircleCollider","node":{"__id__":7},"_radius":42},{"__type__":"ae625r/YtBJ25oY3QCSGq6M","node":{"__id__":7},"halfItemPrefab":{"__uuid__":"69+mS1eQVHG7KuLdo+xDvY"},"spinePrefab":{"__uuid__":"35Fu6mEGJC7qDbM0JtrdfN"},"sliceItemSpriteFrame":{"__uuid__":"bbEkI2BO5MeJV4KSu5Lq3N"},"pointSpriteFrame":{"__uuid__":"6bj+TqiDhMgZUsAYgI40Qx"}}],"_prefab":{"__type__":"cc.PrefabInfo","root":{"__id__":1},"asset":{"__uuid__":"c0JeFDSrFPiYQuKvF9bt16"},"fileId":"f4O4/ZzZhBVqHvwhudcWSR"},"_contentSize":{"__type__":"cc.Size","width":77,"height":87},"_trs":{"__type__":"TypedArray","ctor":"Float64Array","array":[-21,185,0,0,0,0,1,1,1,1]}},{"__type__":"cc.Node","_name":"奇异果","_parent":{"__id__":1},"_components":[{"__type__":"cc.Sprite","node":{"__id__":8},"_spriteFrame":{"__uuid__":"dbD2i5M2hEgaOZLLZ/Ye0v"}},{"__type__":"cc.CircleCollider","node":{"__id__":8},"_radius":42},{"__type__":"ae625r/YtBJ25oY3QCSGq6M","node":{"__id__":8},"halfItemPrefab":{"__uuid__":"69+mS1eQVHG7KuLdo+xDvY"},"spinePrefab":{"__uuid__":"35Fu6mEGJC7qDbM0JtrdfN"},"sliceItemSpriteFrame":{"__uuid__":"bbEkI2BO5MeJV4KSu5Lq3N"},"pointSpriteFrame":{"__uuid__":"6bj+TqiDhMgZUsAYgI40Qx"}}],"_prefab":{"__type__":"cc.PrefabInfo","root":{"__id__":1},"asset":{"__uuid__":"c0JeFDSrFPiYQuKvF9bt16"},"fileId":"a2d3G7RpNFMLo+262ZTOt7"},"_contentSize":{"__type__":"cc.Size","width":77,"height":87},"_trs":{"__type__":"TypedArray","ctor":"Float64Array","array":[-174,-47,0,0,0,0,1,1,1,1]}},{"__type__":"cc.Node","_name":"奇异果","_parent":{"__id__":1},"_components":[{"__type__":"cc.Sprite","node":{"__id__":9},"_spriteFrame":{"__uuid__":"dbD2i5M2hEgaOZLLZ/Ye0v"}},{"__type__":"cc.CircleCollider","node":{"__id__":9},"_radius":42},{"__type__":"ae625r/YtBJ25oY3QCSGq6M","node":{"__id__":9},"halfItemPrefab":{"__uuid__":"69+mS1eQVHG7KuLdo+xDvY"},"spinePrefab":{"__uuid__":"35Fu6mEGJC7qDbM0JtrdfN"},"sliceItemSpriteFrame":{"__uuid__":"bbEkI2BO5MeJV4KSu5Lq3N"},"pointSpriteFrame":{"__uuid__":"6bj+TqiDhMgZUsAYgI40Qx"}}],"_prefab":{"__type__":"cc.PrefabInfo","root":{"__id__":1},"asset":{"__uuid__":"c0JeFDSrFPiYQuKvF9bt16"},"fileId":"c9a1SCURdG7ZS0FNuHgN45"},"_contentSize":{"__type__":"cc.Size","width":77,"height":87},"_trs":{"__type__":"TypedArray","ctor":"Float64Array","array":[-124,-125,0,0,0,0,1,1,1,1]}},{"__type__":"cc.Node","_name":"奇异果","_parent":{"__id__":1},"_components":[{"__type__":"cc.Sprite","node":{"__id__":10},"_spriteFrame":{"__uuid__":"dbD2i5M2hEgaOZLLZ/Ye0v"}},{"__type__":"cc.CircleCollider","node":{"__id__":10},"_radius":42},{"__type__":"ae625r/YtBJ25oY3QCSGq6M","node":{"__id__":10},"halfItemPrefab":{"__uuid__":"69+mS1eQVHG7KuLdo+xDvY"},"spinePrefab":{"__uuid__":"35Fu6mEGJC7qDbM0JtrdfN"},"sliceItemSpriteFrame":{"__uuid__":"bbEkI2BO5MeJV4KSu5Lq3N"},"pointSpriteFrame":{"__uuid__":"6bj+TqiDhMgZUsAYgI40Qx"}}],"_prefab":{"__type__":"cc.PrefabInfo","root":{"__id__":1},"asset":{"__uuid__":"c0JeFDSrFPiYQuKvF9bt16"},"fileId":"56zSue1+NBTrjjkuMnr7Mo"},"_contentSize":{"__type__":"cc.Size","width":77,"height":87},"_trs":{"__type__":"TypedArray","ctor":"Float64Array","array":[-33,-156,0,0,0,0,1,1,1,1]}},{"__type__":"cc.Node","_name":"奇异果","_parent":{"__id__":1},"_components":[{"__type__":"cc.Sprite","node":{"__id__":11},"_spriteFrame":{"__uuid__":"dbD2i5M2hEgaOZLLZ/Ye0v"}},{"__type__":"cc.CircleCollider","node":{"__id__":11},"_radius":42},{"__type__":"ae625r/YtBJ25oY3QCSGq6M","node":{"__id__":11},"halfItemPrefab":{"__uuid__":"69+mS1eQVHG7KuLdo+xDvY"},"spinePrefab":{"__uuid__":"35Fu6mEGJC7qDbM0JtrdfN"},"sliceItemSpriteFrame":{"__uuid__":"bbEkI2BO5MeJV4KSu5Lq3N"},"pointSpriteFrame":{"__uuid__":"6bj+TqiDhMgZUsAYgI40Qx"}}],"_prefab":{"__type__":"cc.PrefabInfo","root":{"__id__":1},"asset":{"__uuid__":"c0JeFDSrFPiYQuKvF9bt16"},"fileId":"e6T6vPCshCuanFDQJBNQTT"},"_contentSize":{"__type__":"cc.Size","width":77,"height":87},"_trs":{"__type__":"TypedArray","ctor":"Float64Array","array":[73,-144,0,0,0,0,1,1,1,1]}},{"__type__":"cc.Node","_name":"奇异果","_parent":{"__id__":1},"_components":[{"__type__":"cc.Sprite","node":{"__id__":12},"_spriteFrame":{"__uuid__":"dbD2i5M2hEgaOZLLZ/Ye0v"}},{"__type__":"cc.CircleCollider","node":{"__id__":12},"_radius":42},{"__type__":"ae625r/YtBJ25oY3QCSGq6M","node":{"__id__":12},"halfItemPrefab":{"__uuid__":"69+mS1eQVHG7KuLdo+xDvY"},"spinePrefab":{"__uuid__":"35Fu6mEGJC7qDbM0JtrdfN"},"sliceItemSpriteFrame":{"__uuid__":"bbEkI2BO5MeJV4KSu5Lq3N"},"pointSpriteFrame":{"__uuid__":"6bj+TqiDhMgZUsAYgI40Qx"}}],"_prefab":{"__type__":"cc.PrefabInfo","root":{"__id__":1},"asset":{"__uuid__":"c0JeFDSrFPiYQuKvF9bt16"},"fileId":"fdO2/HmfFLTrI7OhgrdLwj"},"_contentSize":{"__type__":"cc.Size","width":77,"height":87},"_trs":{"__type__":"TypedArray","ctor":"Float64Array","array":[171,12,0,0,0,0,1,1,1,1]}},{"__type__":"cc.Node","_name":"奇异果","_parent":{"__id__":1},"_components":[{"__type__":"cc.Sprite","node":{"__id__":13},"_spriteFrame":{"__uuid__":"dbD2i5M2hEgaOZLLZ/Ye0v"}},{"__type__":"cc.CircleCollider","node":{"__id__":13},"_radius":42},{"__type__":"ae625r/YtBJ25oY3QCSGq6M","node":{"__id__":13},"halfItemPrefab":{"__uuid__":"69+mS1eQVHG7KuLdo+xDvY"},"spinePrefab":{"__uuid__":"35Fu6mEGJC7qDbM0JtrdfN"},"sliceItemSpriteFrame":{"__uuid__":"bbEkI2BO5MeJV4KSu5Lq3N"},"pointSpriteFrame":{"__uuid__":"6bj+TqiDhMgZUsAYgI40Qx"}}],"_prefab":{"__type__":"cc.PrefabInfo","root":{"__id__":1},"asset":{"__uuid__":"c0JeFDSrFPiYQuKvF9bt16"},"fileId":"c2QcC0VpxI54G1ozFE+Kph"},"_contentSize":{"__type__":"cc.Size","width":77,"height":87},"_trs":{"__type__":"TypedArray","ctor":"Float64Array","array":[-118,152,0,0,0,0,1,1,1,1]}}],{"__type__":"cc.SpriteFrame","content":{"name":"水果_奇异","texture":"0120jgvhpCH6LDbRCp6GEX","rect":[0,0,77,87],"offset":[0,0],"originalSize":[77,87],"capInsets":[0,0,0,0]}}]