[{"__type__":"cc.SpriteFrame","content":{"name":"加载中…","texture":"b2SyEI7z1NPoojkWzq/UBx","rect":[0,0,288,56],"offset":[0,0],"originalSize":[288,56],"capInsets":[0,0,0,0]}},{"__type__":"cc.SpriteFrame","content":{"name":"加载条2","texture":"bcnyTgXy5E7ozAmUV1oHE9","rect":[0,0,644,57],"offset":[0,0],"originalSize":[644,57],"capInsets":[0,0,0,0]}},[{"__type__":"cc.SceneAsset","_name":"Loading","scene":{"__id__":1},"asyncLoadAssets":null},{"__type__":"cc.Scene","_name":"New Node","_children":[{"__id__":2}],"_active":false,"_anchorPoint":{"__type__":"cc.Vec2"},"_trs":{"__type__":"TypedArray","ctor":"Float64Array","array":[0,0,0,0,0,0,1,0.31171875,0.31171875,1]},"autoReleaseAssets":false},{"__type__":"cc.Node","_name":"Canvas","_parent":{"__id__":1},"_children":[{"__id__":3},{"__id__":4}],"_components":[{"__type__":"cc.Canvas","node":{"__id__":2},"_designResolution":{"__type__":"cc.Size","width":720,"height":1280},"_fitWidth":true,"_fitHeight":false},{"__type__":"c774a5TV8lCnJgMbHIzVJvN","node":{"__id__":2}},{"__type__":"cc.Widget","node":{"__id__":2},"_alignFlags":45}],"_contentSize":{"__type__":"cc.Size","width":720,"height":1280},"_trs":{"__type__":"TypedArray","ctor":"Float64Array","array":[360,640,0,0,0,0,1,1,1,1]},"_id":"6aS9GpGcFJRaafnOcMbYTo"},{"__type__":"cc.Node","_name":"Main Camera","_parent":{"__id__":2},"_components":[{"__type__":"cc.Camera","node":{"__id__":3},"_clearFlags":7,"_depth":-1}],"_trs":{"__type__":"TypedArray","ctor":"Float64Array","array":[0,0,0,0,0,0,1,1,1,1]}},{"__type__":"cc.Node","_name":"bg2","_parent":{"__id__":2},"_children":[{"__id__":5},{"__id__":6},{"__id__":10}],"_components":[{"__type__":"cc.Sprite","node":{"__id__":4},"_spriteFrame":{"__uuid__":"74JHKrcbpJIZw3sFBOqBLb"}},{"__type__":"20dc1iRyOxHF5E+o2bLHvZz","node":{"__id__":4},"progressBar":{"__id__":9}},{"__type__":"cc.Widget","node":{"__id__":4},"_target":{"__id__":2},"_alignFlags":40,"_originalWidth":720}],"_contentSize":{"__type__":"cc.Size","width":720,"height":1560},"_trs":{"__type__":"TypedArray","ctor":"Float64Array","array":[0,0,0,0,0,0,1,1,1,1]}},{"__type__":"cc.Node","_name":"title","_parent":{"__id__":4},"_components":[{"__type__":"cc.Sprite","node":{"__id__":5},"_spriteFrame":{"__uuid__":"984/peh+9ODrXg/SZpzPkW"}}],"_contentSize":{"__type__":"cc.Size","width":534,"height":313},"_trs":{"__type__":"TypedArray","ctor":"Float64Array","array":[0,349,0,0,0,0,1,1,1,1]}},{"__type__":"cc.Node","_name":"progress","_parent":{"__id__":4},"_children":[{"__id__":7}],"_components":[{"__type__":"cc.Sprite","node":{"__id__":6},"_spriteFrame":{"__uuid__":"f1unqsrxlNHooPupIH+ysY"},"_type":1},{"__id__":9}],"_contentSize":{"__type__":"cc.Size","width":662,"height":76},"_trs":{"__type__":"TypedArray","ctor":"Float64Array","array":[0,-286,0,0,0,0,1,1,1,1]}},{"__type__":"cc.Node","_name":"bar","_parent":{"__id__":6},"_components":[{"__id__":8}],"_contentSize":{"__type__":"cc.Size","height":57},"_anchorPoint":{"__type__":"cc.Vec2","y":0.5},"_trs":{"__type__":"TypedArray","ctor":"Float64Array","array":[-322,0,0,0,0,0,1,1,1,1]}},{"__type__":"cc.Sprite","node":{"__id__":7},"_spriteFrame":{"__uuid__":"437AsN4aJMFYaP/rd8cJbb"},"_type":2,"_sizeMode":0},{"__type__":"cc.ProgressBar","node":{"__id__":6},"_N$totalLength":644,"_N$barSprite":{"__id__":8},"_N$progress":0},{"__type__":"cc.Node","_name":"加载中…","_parent":{"__id__":4},"_components":[{"__type__":"cc.Sprite","node":{"__id__":10},"_spriteFrame":{"__uuid__":"3dVnQZykhCG6dONkJa7aTK"}}],"_contentSize":{"__type__":"cc.Size","width":204,"height":60},"_trs":{"__type__":"TypedArray","ctor":"Float64Array","array":[0,-367,0,0,0,0,1,1,1,1]}}],{"__type__":"cc.SpriteFrame","content":{"name":"bg2","texture":"e3dw+9rP1OdoXiUlE8lVP3","rect":[0,0,720,1560],"offset":[0,0],"originalSize":[720,1560],"capInsets":[0,0,0,0]}},{"__type__":"cc.SpriteFrame","content":{"name":"logo (1)","texture":"2bsWaOpO5H1IgvczM3O0HY","rect":[0,0,586,334],"offset":[0,0],"originalSize":[586,334],"capInsets":[0,0,0,0]}},{"__type__":"cc.SpriteFrame","content":{"name":"加载条1","texture":"226HkaYgVBu6kNTem2cvTU","rect":[0,0,662,76],"offset":[0,0],"originalSize":[662,76],"capInsets":[0,0,0,0]}}]