[{"__type__":"cc.BitmapFont","_name":"daojishi","spriteFrame":{"__uuid__":"feGvbGP/ZLg45lBbCgmElr"},"fontSize":32,"_fntConfig":{"commonHeight":32,"fontSize":32,"atlasName":"daojishi_0.png","fontDefDictionary":{"48":{"rect":{"x":635,"y":0,"width":154,"height":220},"xOffset":0,"yOffset":0,"xAdvance":154},"49":{"rect":{"x":943,"y":0,"width":61,"height":220},"xOffset":0,"yOffset":0,"xAdvance":61},"50":{"rect":{"x":147,"y":221,"width":145,"height":220},"xOffset":0,"yOffset":0,"xAdvance":145},"51":{"rect":{"x":0,"y":221,"width":146,"height":220},"xOffset":0,"yOffset":0,"xAdvance":146},"52":{"rect":{"x":0,"y":0,"width":160,"height":220},"xOffset":0,"yOffset":0,"xAdvance":160},"53":{"rect":{"x":293,"y":221,"width":144,"height":220},"xOffset":0,"yOffset":0,"xAdvance":144},"54":{"rect":{"x":478,"y":0,"width":156,"height":220},"xOffset":0,"yOffset":0,"xAdvance":156},"55":{"rect":{"x":790,"y":0,"width":152,"height":220},"xOffset":0,"yOffset":0,"xAdvance":152},"56":{"rect":{"x":320,"y":0,"width":157,"height":220},"xOffset":0,"yOffset":0,"xAdvance":157},"57":{"rect":{"x":161,"y":0,"width":158,"height":220},"xOffset":0,"yOffset":0,"xAdvance":158}},"kerningDict":{}}},{"__type__":"cc.SpriteFrame","content":{"name":"daojishi_0","texture":"a5hYpnadhHQZ2WjI7truKJ","rect":[0,0,1004,441],"offset":[-10,291.5],"originalSize":[1024,1024],"capInsets":[0,0,0,0]}}]