[{"__type__":"cc.SpriteFrame","content":{"name":"一半_梨子","texture":"e2ob+ATiNJdqxujCrMyYOy","rect":[0,1,69,116],"offset":[0,0],"originalSize":[69,118],"capInsets":[0,0,0,0]}},[{"__type__":"cc.Prefab","_name":"一半_梨子","data":{"__id__":1}},{"__type__":"cc.Node","_name":"一半_梨子","_children":[{"__id__":2},{"__id__":3}],"_prefab":{"__type__":"cc.PrefabInfo","root":{"__id__":1},"asset":{"__uuid__":"c4riS7PT5DuaBN+jecS/GT"},"fileId":"3cw1H/OwtJIJhS+02W35Ja"},"_trs":{"__type__":"TypedArray","ctor":"Float64Array","array":[0,0,0,0,0,0,1,1,1,1]},"_zIndex":0},{"__type__":"cc.Node","_name":"一半_梨子","_parent":{"__id__":1},"_components":[{"__type__":"cc.Sprite","node":{"__id__":2},"_spriteFrame":{"__uuid__":"00EEDz7KdHka3uwKXBoOV0"}},{"__type__":"cc.RigidBody","node":{"__id__":2},"_linearVelocity":{"__type__":"cc.Vec2","x":-80,"y":80},"_angularVelocity":-360}],"_prefab":{"__type__":"cc.PrefabInfo","root":{"__id__":1},"asset":{"__uuid__":"c4riS7PT5DuaBN+jecS/GT"},"fileId":"d8N6hXsk9Ob6VxWO/LfJWN"},"_contentSize":{"__type__":"cc.Size","width":69,"height":116},"_trs":{"__type__":"TypedArray","ctor":"Float64Array","array":[-35,0,0,0,0,0,1,1,1,1]},"_zIndex":0},{"__type__":"cc.Node","_name":"一半_梨子","_parent":{"__id__":1},"_components":[{"__type__":"cc.Sprite","node":{"__id__":3},"_spriteFrame":{"__uuid__":"00EEDz7KdHka3uwKXBoOV0"},"_sizeMode":0},{"__type__":"cc.RigidBody","node":{"__id__":3},"_linearVelocity":{"__type__":"cc.Vec2","x":80,"y":80},"_angularVelocity":360}],"_prefab":{"__type__":"cc.PrefabInfo","root":{"__id__":1},"asset":{"__uuid__":"c4riS7PT5DuaBN+jecS/GT"},"fileId":"efQnh/ZrxNh5X/7lddOTBk"},"_contentSize":{"__type__":"cc.Size","width":-69,"height":116},"_trs":{"__type__":"TypedArray","ctor":"Float64Array","array":[35,0,0,0,0,0,1,1,1,1]},"_zIndex":0}]]