[{"__type__":"cc.SpriteFrame","content":{"name":"yangtao2","texture":"bfpoAv5eNCoLs4Z1Zka7Oy","rect":[0,0,126,143],"offset":[0,0.5],"originalSize":[126,144],"capInsets":[0,0,0,0]}},[{"__type__":"cc.Prefab","_name":"一半_yangtao","data":{"__id__":1}},{"__type__":"cc.Node","_name":"一半_yangtao","_children":[{"__id__":2},{"__id__":3}],"_prefab":{"__type__":"cc.PrefabInfo","root":{"__id__":1},"asset":{"__id__":0},"fileId":"2cQ7pYPH5PLKegsGxmMz1w"},"_trs":{"__type__":"TypedArray","ctor":"Float64Array","array":[0,0,0,0,0,0,1,1,1,1]}},{"__type__":"cc.Node","_name":"一半_山竹","_parent":{"__id__":1},"_components":[{"__type__":"cc.Sprite","node":{"__id__":2},"_spriteFrame":{"__uuid__":"c2hFpscXxHGb+wAJbyeAGy"},"_sizeMode":0},{"__type__":"cc.RigidBody","node":{"__id__":2},"_linearVelocity":{"__type__":"cc.Vec2","x":-80,"y":80},"_angularVelocity":-360}],"_prefab":{"__type__":"cc.PrefabInfo","root":{"__id__":1},"asset":{"__id__":0},"fileId":"fdhMPP5d1LJ6n4HCDHiY5t"},"_contentSize":{"__type__":"cc.Size","width":67,"height":71},"_trs":{"__type__":"TypedArray","ctor":"Float64Array","array":[-25,2.4,0,0,0,0,1,1,1,1]},"_eulerAngles":{"__type__":"cc.Vec3","z":40}},{"__type__":"cc.Node","_name":"一半_山竹","_parent":{"__id__":1},"_components":[{"__type__":"cc.Sprite","node":{"__id__":3},"_spriteFrame":{"__uuid__":"02prOTF2tHGJjQkXwubcVm"},"_sizeMode":0},{"__type__":"cc.RigidBody","node":{"__id__":3},"_linearVelocity":{"__type__":"cc.Vec2","x":80,"y":80},"_angularVelocity":360}],"_prefab":{"__type__":"cc.PrefabInfo","root":{"__id__":1},"asset":{"__id__":0},"fileId":"0dqgt5thVKLIlS/MfPOhiZ"},"_contentSize":{"__type__":"cc.Size","width":63,"height":71.5},"_trs":{"__type__":"TypedArray","ctor":"Float64Array","array":[52.3,3,0,0,0,0,1,1,1,1]},"_eulerAngles":{"__type__":"cc.Vec3","z":-40}}],{"__type__":"cc.SpriteFrame","content":{"name":"yangtao1","texture":"59FyGXevZGjbpb3omgadld","rect":[0,0,134,142],"offset":[0,0],"originalSize":[134,142],"capInsets":[0,0,0,0]}}]