[{"__type__":"cc.SpriteFrame","content":{"name":"Lemon","texture":"4d6L06el9PqJHxpCFR/u54","rect":[0,0,138,17],"offset":[0,0],"originalSize":[138,17],"capInsets":[3,0,3,0]}},{"__type__":"cc.SpriteFrame","content":{"name":"lemon","texture":"59EuIaIslPlqKnXzPNNoNc","rect":[0,0,70,90],"offset":[0,0],"originalSize":[70,90],"capInsets":[0,0,0,0]}},[{"__type__":"cc.Prefab","_name":"items21","data":{"__id__":1}},{"__type__":"cc.Node","_name":"items21","_children":[{"__id__":2},{"__id__":3},{"__id__":4},{"__id__":5},{"__id__":6},{"__id__":7},{"__id__":8},{"__id__":9},{"__id__":10}],"_components":[{"__type__":"053c2u4k8ZBwroDC3cDQoVF","node":{"__id__":1}}],"_prefab":{"__type__":"cc.PrefabInfo","root":{"__id__":1},"asset":{"__uuid__":"52nMxtey9OUYs9+dur0kSn"},"fileId":"e8IjOOeMtEVY0CViA7bWUd"},"_trs":{"__type__":"TypedArray","ctor":"Float64Array","array":[0,0,0,0,0,0,1,1,1,1]}},{"__type__":"cc.Node","_name":"柠檬","_parent":{"__id__":1},"_components":[{"__type__":"cc.Sprite","node":{"__id__":2},"_spriteFrame":{"__uuid__":"2aNSRNnvxMsJ2l1gtwXTAk"}},{"__type__":"cc.CircleCollider","node":{"__id__":2},"_radius":42},{"__type__":"ae625r/YtBJ25oY3QCSGq6M","node":{"__id__":2},"halfItemPrefab":{"__uuid__":"dbwiPmyE9NqKR5ePaDtyh/"},"spinePrefab":{"__uuid__":"8cv8yPSxpO96zY8VNM4NOq"},"sliceItemSpriteFrame":{"__uuid__":"20V3I2QiJEcYC8Y0HHcmCy"},"pointSpriteFrame":{"__uuid__":"6bj+TqiDhMgZUsAYgI40Qx"}}],"_prefab":{"__type__":"cc.PrefabInfo","root":{"__id__":1},"asset":{"__uuid__":"52nMxtey9OUYs9+dur0kSn"},"fileId":"06NJoa94RFYaRYkP5ETLpQ"},"_contentSize":{"__type__":"cc.Size","width":70,"height":90},"_trs":{"__type__":"TypedArray","ctor":"Float64Array","array":[0,149,0,0,0,0,1,1,1,1]}},{"__type__":"cc.Node","_name":"柠檬","_parent":{"__id__":1},"_components":[{"__type__":"cc.Sprite","node":{"__id__":3},"_spriteFrame":{"__uuid__":"2aNSRNnvxMsJ2l1gtwXTAk"}},{"__type__":"cc.CircleCollider","node":{"__id__":3},"_radius":42},{"__type__":"ae625r/YtBJ25oY3QCSGq6M","node":{"__id__":3},"halfItemPrefab":{"__uuid__":"dbwiPmyE9NqKR5ePaDtyh/"},"spinePrefab":{"__uuid__":"8cv8yPSxpO96zY8VNM4NOq"},"sliceItemSpriteFrame":{"__uuid__":"20V3I2QiJEcYC8Y0HHcmCy"},"pointSpriteFrame":{"__uuid__":"6bj+TqiDhMgZUsAYgI40Qx"}}],"_prefab":{"__type__":"cc.PrefabInfo","root":{"__id__":1},"asset":{"__uuid__":"52nMxtey9OUYs9+dur0kSn"},"fileId":"6fsJIO+hBF3r1n5F9VGwVc"},"_contentSize":{"__type__":"cc.Size","width":70,"height":90},"_trs":{"__type__":"TypedArray","ctor":"Float64Array","array":[2,-88,0,0,0,0,1,1,1,1]}},{"__type__":"cc.Node","_name":"柠檬","_parent":{"__id__":1},"_components":[{"__type__":"cc.Sprite","node":{"__id__":4},"_spriteFrame":{"__uuid__":"2aNSRNnvxMsJ2l1gtwXTAk"}},{"__type__":"cc.CircleCollider","node":{"__id__":4},"_radius":42},{"__type__":"ae625r/YtBJ25oY3QCSGq6M","node":{"__id__":4},"halfItemPrefab":{"__uuid__":"dbwiPmyE9NqKR5ePaDtyh/"},"spinePrefab":{"__uuid__":"8cv8yPSxpO96zY8VNM4NOq"},"sliceItemSpriteFrame":{"__uuid__":"20V3I2QiJEcYC8Y0HHcmCy"},"pointSpriteFrame":{"__uuid__":"6bj+TqiDhMgZUsAYgI40Qx"}}],"_prefab":{"__type__":"cc.PrefabInfo","root":{"__id__":1},"asset":{"__uuid__":"52nMxtey9OUYs9+dur0kSn"},"fileId":"4bJtYnCmFNzqHqPjsyoNYu"},"_contentSize":{"__type__":"cc.Size","width":70,"height":90},"_trs":{"__type__":"TypedArray","ctor":"Float64Array","array":[0,-196,0,0,0,0,1,1,1,1]}},{"__type__":"cc.Node","_name":"柠檬","_parent":{"__id__":1},"_components":[{"__type__":"cc.Sprite","node":{"__id__":5},"_spriteFrame":{"__uuid__":"2aNSRNnvxMsJ2l1gtwXTAk"}},{"__type__":"cc.CircleCollider","node":{"__id__":5},"_radius":42},{"__type__":"ae625r/YtBJ25oY3QCSGq6M","node":{"__id__":5},"halfItemPrefab":{"__uuid__":"dbwiPmyE9NqKR5ePaDtyh/"},"spinePrefab":{"__uuid__":"8cv8yPSxpO96zY8VNM4NOq"},"sliceItemSpriteFrame":{"__uuid__":"20V3I2QiJEcYC8Y0HHcmCy"},"pointSpriteFrame":{"__uuid__":"6bj+TqiDhMgZUsAYgI40Qx"}}],"_prefab":{"__type__":"cc.PrefabInfo","root":{"__id__":1},"asset":{"__uuid__":"52nMxtey9OUYs9+dur0kSn"},"fileId":"93G/vW3q5FILEr9ok16R+p"},"_contentSize":{"__type__":"cc.Size","width":70,"height":90},"_trs":{"__type__":"TypedArray","ctor":"Float64Array","array":[0,272,0,0,0,0,1,1,1,1]}},{"__type__":"cc.Node","_name":"柠檬","_parent":{"__id__":1},"_components":[{"__type__":"cc.Sprite","node":{"__id__":6},"_spriteFrame":{"__uuid__":"2aNSRNnvxMsJ2l1gtwXTAk"}},{"__type__":"cc.CircleCollider","node":{"__id__":6},"_radius":42},{"__type__":"ae625r/YtBJ25oY3QCSGq6M","node":{"__id__":6},"halfItemPrefab":{"__uuid__":"dbwiPmyE9NqKR5ePaDtyh/"},"spinePrefab":{"__uuid__":"8cv8yPSxpO96zY8VNM4NOq"},"sliceItemSpriteFrame":{"__uuid__":"20V3I2QiJEcYC8Y0HHcmCy"},"pointSpriteFrame":{"__uuid__":"6bj+TqiDhMgZUsAYgI40Qx"}}],"_prefab":{"__type__":"cc.PrefabInfo","root":{"__id__":1},"asset":{"__uuid__":"52nMxtey9OUYs9+dur0kSn"},"fileId":"3ac9XIg95A0K9scn9wHfUC"},"_contentSize":{"__type__":"cc.Size","width":70,"height":90},"_trs":{"__type__":"TypedArray","ctor":"Float64Array","array":[-106,250,0,0,0,0,1,1,1,1]}},{"__type__":"cc.Node","_name":"柠檬","_parent":{"__id__":1},"_components":[{"__type__":"cc.Sprite","node":{"__id__":7},"_spriteFrame":{"__uuid__":"2aNSRNnvxMsJ2l1gtwXTAk"}},{"__type__":"cc.CircleCollider","node":{"__id__":7},"_radius":42},{"__type__":"ae625r/YtBJ25oY3QCSGq6M","node":{"__id__":7},"halfItemPrefab":{"__uuid__":"dbwiPmyE9NqKR5ePaDtyh/"},"spinePrefab":{"__uuid__":"8cv8yPSxpO96zY8VNM4NOq"},"sliceItemSpriteFrame":{"__uuid__":"20V3I2QiJEcYC8Y0HHcmCy"},"pointSpriteFrame":{"__uuid__":"6bj+TqiDhMgZUsAYgI40Qx"}}],"_prefab":{"__type__":"cc.PrefabInfo","root":{"__id__":1},"asset":{"__uuid__":"52nMxtey9OUYs9+dur0kSn"},"fileId":"d2RxUYNDFMjaBWsyeQZy2P"},"_contentSize":{"__type__":"cc.Size","width":70,"height":90},"_trs":{"__type__":"TypedArray","ctor":"Float64Array","array":[-218,169,0,0,0,0,1,1,1,1]}},{"__type__":"cc.Node","_name":"柠檬","_parent":{"__id__":1},"_components":[{"__type__":"cc.Sprite","node":{"__id__":8},"_spriteFrame":{"__uuid__":"2aNSRNnvxMsJ2l1gtwXTAk"}},{"__type__":"cc.CircleCollider","node":{"__id__":8},"_radius":42},{"__type__":"ae625r/YtBJ25oY3QCSGq6M","node":{"__id__":8},"halfItemPrefab":{"__uuid__":"dbwiPmyE9NqKR5ePaDtyh/"},"spinePrefab":{"__uuid__":"8cv8yPSxpO96zY8VNM4NOq"},"sliceItemSpriteFrame":{"__uuid__":"20V3I2QiJEcYC8Y0HHcmCy"},"pointSpriteFrame":{"__uuid__":"6bj+TqiDhMgZUsAYgI40Qx"}}],"_prefab":{"__type__":"cc.PrefabInfo","root":{"__id__":1},"asset":{"__uuid__":"52nMxtey9OUYs9+dur0kSn"},"fileId":"16PNfi/YBEppP35SlPruE0"},"_contentSize":{"__type__":"cc.Size","width":70,"height":90},"_trs":{"__type__":"TypedArray","ctor":"Float64Array","array":[-250,30,0,0,0,0,1,1,1,1]}},{"__type__":"cc.Node","_name":"柠檬","_parent":{"__id__":1},"_components":[{"__type__":"cc.Sprite","node":{"__id__":9},"_spriteFrame":{"__uuid__":"2aNSRNnvxMsJ2l1gtwXTAk"}},{"__type__":"cc.CircleCollider","node":{"__id__":9},"_radius":42},{"__type__":"ae625r/YtBJ25oY3QCSGq6M","node":{"__id__":9},"halfItemPrefab":{"__uuid__":"dbwiPmyE9NqKR5ePaDtyh/"},"spinePrefab":{"__uuid__":"8cv8yPSxpO96zY8VNM4NOq"},"sliceItemSpriteFrame":{"__uuid__":"20V3I2QiJEcYC8Y0HHcmCy"},"pointSpriteFrame":{"__uuid__":"6bj+TqiDhMgZUsAYgI40Qx"}}],"_prefab":{"__type__":"cc.PrefabInfo","root":{"__id__":1},"asset":{"__uuid__":"52nMxtey9OUYs9+dur0kSn"},"fileId":"cenWyw97xC8L2ko2J9JlRx"},"_contentSize":{"__type__":"cc.Size","width":70,"height":90},"_trs":{"__type__":"TypedArray","ctor":"Float64Array","array":[-202,-98,0,0,0,0,1,1,1,1]}},{"__type__":"cc.Node","_name":"柠檬","_parent":{"__id__":1},"_components":[{"__type__":"cc.Sprite","node":{"__id__":10},"_spriteFrame":{"__uuid__":"2aNSRNnvxMsJ2l1gtwXTAk"}},{"__type__":"cc.CircleCollider","node":{"__id__":10},"_radius":42},{"__type__":"ae625r/YtBJ25oY3QCSGq6M","node":{"__id__":10},"halfItemPrefab":{"__uuid__":"dbwiPmyE9NqKR5ePaDtyh/"},"spinePrefab":{"__uuid__":"8cv8yPSxpO96zY8VNM4NOq"},"sliceItemSpriteFrame":{"__uuid__":"20V3I2QiJEcYC8Y0HHcmCy"},"pointSpriteFrame":{"__uuid__":"6bj+TqiDhMgZUsAYgI40Qx"}}],"_prefab":{"__type__":"cc.PrefabInfo","root":{"__id__":1},"asset":{"__uuid__":"52nMxtey9OUYs9+dur0kSn"},"fileId":"28Z6A6q2RJfrnGQ80y4LZC"},"_contentSize":{"__type__":"cc.Size","width":70,"height":90},"_trs":{"__type__":"TypedArray","ctor":"Float64Array","array":[-112,-166,0,0,0,0,1,1,1,1]}}],{"__type__":"cc.SpriteFrame","content":{"name":"点","texture":"384YhYzYpKdrjInpCDyQsT","rect":[0,0,16,16],"offset":[0,0],"originalSize":[16,16],"capInsets":[0,0,0,0]}}]