[{"__type__":"cc.SpriteFrame","content":{"name":"Lemon","texture":"4d6L06el9PqJHxpCFR/u54","rect":[0,0,138,17],"offset":[0,0],"originalSize":[138,17],"capInsets":[3,0,3,0]}},{"__type__":"cc.SpriteFrame","content":{"name":"juzi","texture":"25NCTSQrZC3IqzpzKlomBn","rect":[0,0,91,92],"offset":[0,0],"originalSize":[91,92],"capInsets":[0,0,0,0]}},{"__type__":"cc.SpriteFrame","content":{"name":"点","texture":"384YhYzYpKdrjInpCDyQsT","rect":[0,0,16,16],"offset":[0,0],"originalSize":[16,16],"capInsets":[0,0,0,0]}},[{"__type__":"cc.Prefab","_name":"items14","data":{"__id__":1}},{"__type__":"cc.Node","_name":"items14","_children":[{"__id__":2},{"__id__":3},{"__id__":4},{"__id__":5},{"__id__":6}],"_components":[{"__type__":"053c2u4k8ZBwroDC3cDQoVF","node":{"__id__":1}}],"_prefab":{"__type__":"cc.PrefabInfo","root":{"__id__":1},"asset":{"__uuid__":"6c2pzF0kxId4K8EnC+VXPx"},"fileId":"6d5GlRznBDcY4SQU5kQ5cR"},"_trs":{"__type__":"TypedArray","ctor":"Float64Array","array":[0,0,0,0,0,0,1,1,1,1]}},{"__type__":"cc.Node","_name":"橘子","_parent":{"__id__":1},"_components":[{"__type__":"cc.Sprite","node":{"__id__":2},"_spriteFrame":{"__uuid__":"4fkOSkA71A5ptbFOoPOQEl"}},{"__type__":"cc.CircleCollider","node":{"__id__":2},"_radius":42},{"__type__":"ae625r/YtBJ25oY3QCSGq6M","node":{"__id__":2},"halfItemPrefab":{"__uuid__":"6a+DADPB5KH76TG/xRtVuN"},"spinePrefab":{"__uuid__":"e77lR/lWNPpL/zcU2TGFdU"},"sliceItemSpriteFrame":{"__uuid__":"fbrTryQ+dAYZt4JQSUWX5l"},"pointSpriteFrame":{"__uuid__":"6bj+TqiDhMgZUsAYgI40Qx"}}],"_prefab":{"__type__":"cc.PrefabInfo","root":{"__id__":1},"asset":{"__uuid__":"6c2pzF0kxId4K8EnC+VXPx"},"fileId":"66R7oVkZ5AaIPEjnXwhFEI"},"_contentSize":{"__type__":"cc.Size","width":91,"height":92},"_trs":{"__type__":"TypedArray","ctor":"Float64Array","array":[0,89,0,0,0,0,1,1,1,1]}},{"__type__":"cc.Node","_name":"菠萝","_parent":{"__id__":1},"_components":[{"__type__":"cc.Sprite","node":{"__id__":3},"_spriteFrame":{"__uuid__":"c5aUV4hTNCeazBlqzkiFbl"}},{"__type__":"cc.CircleCollider","node":{"__id__":3},"_radius":42},{"__type__":"ae625r/YtBJ25oY3QCSGq6M","node":{"__id__":3},"halfItemPrefab":{"__uuid__":"34QwNoqyFKGoP/6EhuEw1v"},"spinePrefab":{"__uuid__":"73HhGIL5hPQJEs5ZLy8U4n"},"sliceItemSpriteFrame":{"__uuid__":"20V3I2QiJEcYC8Y0HHcmCy"},"pointSpriteFrame":{"__uuid__":"6bj+TqiDhMgZUsAYgI40Qx"}}],"_prefab":{"__type__":"cc.PrefabInfo","root":{"__id__":1},"asset":{"__uuid__":"6c2pzF0kxId4K8EnC+VXPx"},"fileId":"d5bEOIrCFKVJNrjMTO79B3"},"_contentSize":{"__type__":"cc.Size","width":82,"height":133},"_trs":{"__type__":"TypedArray","ctor":"Float64Array","array":[0,-100,0,0,0,0,1,1,1,1]}},{"__type__":"cc.Node","_name":"苹果","_parent":{"__id__":1},"_components":[{"__type__":"cc.Sprite","node":{"__id__":4},"_spriteFrame":{"__uuid__":"91Ru8hwBRCLa49qw3dwFEy"}},{"__type__":"cc.CircleCollider","node":{"__id__":4},"_radius":42},{"__type__":"ae625r/YtBJ25oY3QCSGq6M","node":{"__id__":4},"halfItemPrefab":{"__uuid__":"cf7q/ZQ3ZCFrnZb/+rHlY2"},"spinePrefab":{"__uuid__":"8cv8yPSxpO96zY8VNM4NOq"},"sliceItemSpriteFrame":{"__uuid__":"c2rvwbQ4xBpappNU4njhsR"},"pointSpriteFrame":{"__uuid__":"6bj+TqiDhMgZUsAYgI40Qx"}}],"_prefab":{"__type__":"cc.PrefabInfo","root":{"__id__":1},"asset":{"__uuid__":"6c2pzF0kxId4K8EnC+VXPx"},"fileId":"08qAoJRABHJZs2E74vqF7T"},"_contentSize":{"__type__":"cc.Size","width":91,"height":90},"_trs":{"__type__":"TypedArray","ctor":"Float64Array","array":[0,0,0,0,0,0,1,1,1,1]}},{"__type__":"cc.Node","_name":"菠萝","_parent":{"__id__":1},"_components":[{"__type__":"cc.Sprite","node":{"__id__":5},"_spriteFrame":{"__uuid__":"c5aUV4hTNCeazBlqzkiFbl"}},{"__type__":"cc.CircleCollider","node":{"__id__":5},"_radius":42},{"__type__":"ae625r/YtBJ25oY3QCSGq6M","node":{"__id__":5},"halfItemPrefab":{"__uuid__":"34QwNoqyFKGoP/6EhuEw1v"},"spinePrefab":{"__uuid__":"73HhGIL5hPQJEs5ZLy8U4n"},"sliceItemSpriteFrame":{"__uuid__":"20V3I2QiJEcYC8Y0HHcmCy"},"pointSpriteFrame":{"__uuid__":"6bj+TqiDhMgZUsAYgI40Qx"}}],"_prefab":{"__type__":"cc.PrefabInfo","root":{"__id__":1},"asset":{"__uuid__":"6c2pzF0kxId4K8EnC+VXPx"},"fileId":"5972yX4nBDm5TAKm7iRCEN"},"_contentSize":{"__type__":"cc.Size","width":82,"height":133},"_trs":{"__type__":"TypedArray","ctor":"Float64Array","array":[0,-223,0,0,0,0,1,1,1,1]}},{"__type__":"cc.Node","_name":"橘子","_parent":{"__id__":1},"_components":[{"__type__":"cc.Sprite","node":{"__id__":6},"_spriteFrame":{"__uuid__":"4fkOSkA71A5ptbFOoPOQEl"}},{"__type__":"cc.CircleCollider","node":{"__id__":6},"_radius":42},{"__type__":"ae625r/YtBJ25oY3QCSGq6M","node":{"__id__":6},"halfItemPrefab":{"__uuid__":"6a+DADPB5KH76TG/xRtVuN"},"spinePrefab":{"__uuid__":"e77lR/lWNPpL/zcU2TGFdU"},"sliceItemSpriteFrame":{"__uuid__":"fbrTryQ+dAYZt4JQSUWX5l"},"pointSpriteFrame":{"__uuid__":"6bj+TqiDhMgZUsAYgI40Qx"}}],"_prefab":{"__type__":"cc.PrefabInfo","root":{"__id__":1},"asset":{"__uuid__":"6c2pzF0kxId4K8EnC+VXPx"},"fileId":"b2cc4QaPtLaJU57jCeTakp"},"_contentSize":{"__type__":"cc.Size","width":91,"height":92},"_trs":{"__type__":"TypedArray","ctor":"Float64Array","array":[0,195,0,0,0,0,1,1,1,1]}}],{"__type__":"cc.SpriteFrame","content":{"name":"apple","texture":"f9u6MgI4FPK7XZxI51d0LU","rect":[0,0,91,90],"offset":[0,0],"originalSize":[91,90],"capInsets":[0,0,0,0]}},{"__type__":"cc.SpriteFrame","content":{"name":"Apple","texture":"a8YGMIkX1I2aBTP44e+lCA","rect":[0,0,138,17],"offset":[0,0],"originalSize":[138,17],"capInsets":[3,0,3,0]}},{"__type__":"cc.SpriteFrame","content":{"name":"boluo","texture":"9da1INQA5DibjRlDFsUTTO","rect":[0,0,82,133],"offset":[0,0],"originalSize":[82,133],"capInsets":[0,0,0,0]}},{"__type__":"cc.SpriteFrame","content":{"name":"boluo","texture":"54Njr8HqlMXaZygzLtbnPg","rect":[0,0,138,17],"offset":[0,0],"originalSize":[138,17],"capInsets":[3,0,3,0]}}]