[{"__type__":"cc.SpriteFrame","content":{"name":"点","texture":"384YhYzYpKdrjInpCDyQsT","rect":[0,0,16,16],"offset":[0,0],"originalSize":[16,16],"capInsets":[0,0,0,0]}},{"__type__":"cc.SpriteFrame","content":{"name":"水果_草莓","texture":"20k+UWLYxB0IHEkU+nuiNd","rect":[0,0,85,105],"offset":[0,0],"originalSize":[85,105],"capInsets":[0,0,0,0]}},[{"__type__":"cc.Prefab","_name":"items27","data":{"__id__":1}},{"__type__":"cc.Node","_name":"items27","_children":[{"__id__":2},{"__id__":3},{"__id__":4},{"__id__":5},{"__id__":6},{"__id__":7},{"__id__":8},{"__id__":9},{"__id__":10}],"_components":[{"__type__":"053c2u4k8ZBwroDC3cDQoVF","node":{"__id__":1}}],"_prefab":{"__type__":"cc.PrefabInfo","root":{"__id__":1},"asset":{"__uuid__":"b2PF96oAFDy79iqHcdBbNy"},"fileId":"6fEkHpRr1NeZ8IHivsHXrI"},"_trs":{"__type__":"TypedArray","ctor":"Float64Array","array":[0,0,0,0,0,0,1,1,1,1]}},{"__type__":"cc.Node","_name":"草莓","_parent":{"__id__":1},"_components":[{"__type__":"cc.Sprite","node":{"__id__":2},"_spriteFrame":{"__uuid__":"76oUufZ95Hga0fsxc/jCcg"}},{"__type__":"cc.CircleCollider","node":{"__id__":2},"_radius":42},{"__type__":"ae625r/YtBJ25oY3QCSGq6M","node":{"__id__":2},"halfItemPrefab":{"__uuid__":"84c1Vb2JZK4roDhVXKCbtD"},"spinePrefab":{"__uuid__":"3f7mx8vN1BxYMDURZ3eboz"},"sliceItemSpriteFrame":{"__uuid__":"eavmq6keZMsKs/9PAe6eqo"},"pointSpriteFrame":{"__uuid__":"6bj+TqiDhMgZUsAYgI40Qx"}}],"_prefab":{"__type__":"cc.PrefabInfo","root":{"__id__":1},"asset":{"__uuid__":"b2PF96oAFDy79iqHcdBbNy"},"fileId":"7fb1V7ZU9FSYZQH/y2xodt"},"_contentSize":{"__type__":"cc.Size","width":85,"height":105},"_trs":{"__type__":"TypedArray","ctor":"Float64Array","array":[-105,81,0,0,0,0,1,1,1,1]}},{"__type__":"cc.Node","_name":"草莓","_parent":{"__id__":1},"_components":[{"__type__":"cc.Sprite","node":{"__id__":3},"_spriteFrame":{"__uuid__":"76oUufZ95Hga0fsxc/jCcg"}},{"__type__":"cc.CircleCollider","node":{"__id__":3},"_radius":42},{"__type__":"ae625r/YtBJ25oY3QCSGq6M","node":{"__id__":3},"halfItemPrefab":{"__uuid__":"84c1Vb2JZK4roDhVXKCbtD"},"spinePrefab":{"__uuid__":"3f7mx8vN1BxYMDURZ3eboz"},"sliceItemSpriteFrame":{"__uuid__":"eavmq6keZMsKs/9PAe6eqo"},"pointSpriteFrame":{"__uuid__":"6bj+TqiDhMgZUsAYgI40Qx"}}],"_prefab":{"__type__":"cc.PrefabInfo","root":{"__id__":1},"asset":{"__uuid__":"b2PF96oAFDy79iqHcdBbNy"},"fileId":"76L0mVYgxFY5erOMcWFfIK"},"_contentSize":{"__type__":"cc.Size","width":85,"height":105},"_trs":{"__type__":"TypedArray","ctor":"Float64Array","array":[-278,81,0,0,0,0,1,1,1,1]}},{"__type__":"cc.Node","_name":"草莓","_parent":{"__id__":1},"_components":[{"__type__":"cc.Sprite","node":{"__id__":4},"_spriteFrame":{"__uuid__":"76oUufZ95Hga0fsxc/jCcg"}},{"__type__":"cc.CircleCollider","node":{"__id__":4},"_radius":42},{"__type__":"ae625r/YtBJ25oY3QCSGq6M","node":{"__id__":4},"halfItemPrefab":{"__uuid__":"84c1Vb2JZK4roDhVXKCbtD"},"spinePrefab":{"__uuid__":"3f7mx8vN1BxYMDURZ3eboz"},"sliceItemSpriteFrame":{"__uuid__":"eavmq6keZMsKs/9PAe6eqo"},"pointSpriteFrame":{"__uuid__":"6bj+TqiDhMgZUsAYgI40Qx"}}],"_prefab":{"__type__":"cc.PrefabInfo","root":{"__id__":1},"asset":{"__uuid__":"b2PF96oAFDy79iqHcdBbNy"},"fileId":"9dcyyXciBGqbBPtiRhDB2o"},"_contentSize":{"__type__":"cc.Size","width":85,"height":105},"_trs":{"__type__":"TypedArray","ctor":"Float64Array","array":[-208,171,0,0,0,0,1,1,1,1]}},{"__type__":"cc.Node","_name":"草莓","_parent":{"__id__":1},"_components":[{"__type__":"cc.Sprite","node":{"__id__":5},"_spriteFrame":{"__uuid__":"76oUufZ95Hga0fsxc/jCcg"}},{"__type__":"cc.CircleCollider","node":{"__id__":5},"_radius":42},{"__type__":"ae625r/YtBJ25oY3QCSGq6M","node":{"__id__":5},"halfItemPrefab":{"__uuid__":"84c1Vb2JZK4roDhVXKCbtD"},"spinePrefab":{"__uuid__":"3f7mx8vN1BxYMDURZ3eboz"},"sliceItemSpriteFrame":{"__uuid__":"eavmq6keZMsKs/9PAe6eqo"},"pointSpriteFrame":{"__uuid__":"6bj+TqiDhMgZUsAYgI40Qx"}}],"_prefab":{"__type__":"cc.PrefabInfo","root":{"__id__":1},"asset":{"__uuid__":"b2PF96oAFDy79iqHcdBbNy"},"fileId":"d4A3RzZCdHFpGcqX5r+82W"},"_contentSize":{"__type__":"cc.Size","width":85,"height":105},"_trs":{"__type__":"TypedArray","ctor":"Float64Array","array":[256,81,0,0,0,0,1,1,1,1]}},{"__type__":"cc.Node","_name":"草莓","_parent":{"__id__":1},"_components":[{"__type__":"cc.Sprite","node":{"__id__":6},"_spriteFrame":{"__uuid__":"76oUufZ95Hga0fsxc/jCcg"}},{"__type__":"cc.CircleCollider","node":{"__id__":6},"_radius":42},{"__type__":"ae625r/YtBJ25oY3QCSGq6M","node":{"__id__":6},"halfItemPrefab":{"__uuid__":"84c1Vb2JZK4roDhVXKCbtD"},"spinePrefab":{"__uuid__":"3f7mx8vN1BxYMDURZ3eboz"},"sliceItemSpriteFrame":{"__uuid__":"eavmq6keZMsKs/9PAe6eqo"},"pointSpriteFrame":{"__uuid__":"6bj+TqiDhMgZUsAYgI40Qx"}}],"_prefab":{"__type__":"cc.PrefabInfo","root":{"__id__":1},"asset":{"__uuid__":"b2PF96oAFDy79iqHcdBbNy"},"fileId":"7dQkEpoehFIJQ69UZFb37Q"},"_contentSize":{"__type__":"cc.Size","width":85,"height":105},"_trs":{"__type__":"TypedArray","ctor":"Float64Array","array":[83,81,0,0,0,0,1,1,1,1]}},{"__type__":"cc.Node","_name":"草莓","_parent":{"__id__":1},"_components":[{"__type__":"cc.Sprite","node":{"__id__":7},"_spriteFrame":{"__uuid__":"76oUufZ95Hga0fsxc/jCcg"}},{"__type__":"cc.CircleCollider","node":{"__id__":7},"_radius":42},{"__type__":"ae625r/YtBJ25oY3QCSGq6M","node":{"__id__":7},"halfItemPrefab":{"__uuid__":"84c1Vb2JZK4roDhVXKCbtD"},"spinePrefab":{"__uuid__":"3f7mx8vN1BxYMDURZ3eboz"},"sliceItemSpriteFrame":{"__uuid__":"eavmq6keZMsKs/9PAe6eqo"},"pointSpriteFrame":{"__uuid__":"6bj+TqiDhMgZUsAYgI40Qx"}}],"_prefab":{"__type__":"cc.PrefabInfo","root":{"__id__":1},"asset":{"__uuid__":"b2PF96oAFDy79iqHcdBbNy"},"fileId":"d1lGWRPQJKjI2bBg0CNT8W"},"_contentSize":{"__type__":"cc.Size","width":85,"height":105},"_trs":{"__type__":"TypedArray","ctor":"Float64Array","array":[153,171,0,0,0,0,1,1,1,1]}},{"__type__":"cc.Node","_name":"草莓","_parent":{"__id__":1},"_components":[{"__type__":"cc.Sprite","node":{"__id__":8},"_spriteFrame":{"__uuid__":"76oUufZ95Hga0fsxc/jCcg"}},{"__type__":"cc.CircleCollider","node":{"__id__":8},"_radius":42},{"__type__":"ae625r/YtBJ25oY3QCSGq6M","node":{"__id__":8},"halfItemPrefab":{"__uuid__":"84c1Vb2JZK4roDhVXKCbtD"},"spinePrefab":{"__uuid__":"3f7mx8vN1BxYMDURZ3eboz"},"sliceItemSpriteFrame":{"__uuid__":"eavmq6keZMsKs/9PAe6eqo"},"pointSpriteFrame":{"__uuid__":"6bj+TqiDhMgZUsAYgI40Qx"}}],"_prefab":{"__type__":"cc.PrefabInfo","root":{"__id__":1},"asset":{"__uuid__":"b2PF96oAFDy79iqHcdBbNy"},"fileId":"bbWRekOi1KALrTKz5PKi7Z"},"_contentSize":{"__type__":"cc.Size","width":85,"height":105},"_trs":{"__type__":"TypedArray","ctor":"Float64Array","array":[21,-196,0,0,0,0,1,1,1,1]}},{"__type__":"cc.Node","_name":"草莓","_parent":{"__id__":1},"_components":[{"__type__":"cc.Sprite","node":{"__id__":9},"_spriteFrame":{"__uuid__":"76oUufZ95Hga0fsxc/jCcg"}},{"__type__":"cc.CircleCollider","node":{"__id__":9},"_radius":42},{"__type__":"ae625r/YtBJ25oY3QCSGq6M","node":{"__id__":9},"halfItemPrefab":{"__uuid__":"84c1Vb2JZK4roDhVXKCbtD"},"spinePrefab":{"__uuid__":"3f7mx8vN1BxYMDURZ3eboz"},"sliceItemSpriteFrame":{"__uuid__":"eavmq6keZMsKs/9PAe6eqo"},"pointSpriteFrame":{"__uuid__":"6bj+TqiDhMgZUsAYgI40Qx"}}],"_prefab":{"__type__":"cc.PrefabInfo","root":{"__id__":1},"asset":{"__uuid__":"b2PF96oAFDy79iqHcdBbNy"},"fileId":"0bIeNSFkZOV69jxljRh4ne"},"_contentSize":{"__type__":"cc.Size","width":85,"height":105},"_trs":{"__type__":"TypedArray","ctor":"Float64Array","array":[-65,-113,0,0,0,0,1,1,1,1]}},{"__type__":"cc.Node","_name":"草莓","_parent":{"__id__":1},"_components":[{"__type__":"cc.Sprite","node":{"__id__":10},"_spriteFrame":{"__uuid__":"76oUufZ95Hga0fsxc/jCcg"}},{"__type__":"cc.CircleCollider","node":{"__id__":10},"_radius":42},{"__type__":"ae625r/YtBJ25oY3QCSGq6M","node":{"__id__":10},"halfItemPrefab":{"__uuid__":"84c1Vb2JZK4roDhVXKCbtD"},"spinePrefab":{"__uuid__":"3f7mx8vN1BxYMDURZ3eboz"},"sliceItemSpriteFrame":{"__uuid__":"eavmq6keZMsKs/9PAe6eqo"},"pointSpriteFrame":{"__uuid__":"6bj+TqiDhMgZUsAYgI40Qx"}}],"_prefab":{"__type__":"cc.PrefabInfo","root":{"__id__":1},"asset":{"__uuid__":"b2PF96oAFDy79iqHcdBbNy"},"fileId":"7d4RsCL+JJ5484MkuazNHS"},"_contentSize":{"__type__":"cc.Size","width":85,"height":105},"_trs":{"__type__":"TypedArray","ctor":"Float64Array","array":[108,-113,0,0,0,0,1,1,1,1]}}],{"__type__":"cc.SpriteFrame","content":{"name":"xigua","texture":"90H6phwRZK4YrHAw02hMFH","rect":[0,0,138,17],"offset":[0,0],"originalSize":[138,17],"capInsets":[0,0,0,0]}}]