[{"__type__":"cc.SpriteFrame","content":{"name":"9","texture":"8dl6DODVFJo4S3sIVErTXM","rect":[0,0,64,64],"offset":[0,0],"originalSize":[64,64],"capInsets":[0,0,0,0]}},[{"__type__":"cc.Prefab","_name":"奇异果","data":{"__id__":1}},{"__type__":"cc.Node","_name":"奇异果","_children":[{"__id__":2},{"__id__":3}],"_components":[{"__type__":"cc.ParticleSystem","node":{"__id__":1},"_custom":true,"_spriteFrame":{"__uuid__":"bdBweIacBKDJLyRbWPRlFe"},"autoRemoveOnFinish":true,"duration":0.01,"emissionRate":800,"life":0.6,"lifeVar":0.1,"_startColor":{"__type__":"cc.Color","r":189,"g":255,"b":108},"_startColorVar":{"__type__":"cc.Color","a":0},"_endColor":{"__type__":"cc.Color","r":152,"g":255,"b":26,"a":0},"_endColorVar":{"__type__":"cc.Color","a":0},"angleVar":150,"startSize":30,"_positionType":1,"positionType":1,"gravity":{"__type__":"cc.Vec2","y":-1000},"speed":400,"rotationIsDir":true}],"_prefab":{"__type__":"cc.PrefabInfo","root":{"__id__":1},"asset":{"__uuid__":"35Fu6mEGJC7qDbM0JtrdfN"},"fileId":"0eMeBBsrRC3IfAZ4ngOULB"},"_trs":{"__type__":"TypedArray","ctor":"Float64Array","array":[352,1192,0,0,0,0,1,1,1,1]}},{"__type__":"cc.Node","_name":"1","_parent":{"__id__":1},"_components":[{"__type__":"cc.ParticleSystem","node":{"__id__":2},"_custom":true,"_spriteFrame":{"__uuid__":"b2H4qPunBGWI5XGgBlpuMZ"},"duration":0.001,"emissionRate":100,"life":0.2,"_startColor":{"__type__":"cc.Color","r":186,"g":255,"b":101},"_startColorVar":{"__type__":"cc.Color","a":0},"_endColor":{"__type__":"cc.Color","r":135,"g":222,"b":28,"a":0},"_endColorVar":{"__type__":"cc.Color","a":0},"angle":0,"angleVar":360,"endSize":150,"_positionType":1,"positionType":1,"speed":0,"speedVar":0}],"_prefab":{"__type__":"cc.PrefabInfo","root":{"__id__":1},"asset":{"__uuid__":"35Fu6mEGJC7qDbM0JtrdfN"},"fileId":"97FrHKbjVNAosN0eDeE4mL"},"_trs":{"__type__":"TypedArray","ctor":"Float64Array","array":[0,0,0,0,0,0,1,1,1,1]}},{"__type__":"cc.Node","_name":"2","_parent":{"__id__":1},"_components":[{"__type__":"cc.ParticleSystem","node":{"__id__":3},"_custom":true,"_spriteFrame":{"__uuid__":"1aXLhfUqlHbInDf6JuB81Y"},"duration":0.001,"emissionRate":500,"life":0.3,"lifeVar":0.1,"_startColor":{"__type__":"cc.Color","r":141,"g":255,"a":121},"_startColorVar":{"__type__":"cc.Color","a":0},"_endColor":{"__type__":"cc.Color","r":141,"g":255,"a":0},"_endColorVar":{"__type__":"cc.Color","a":0},"angle":0,"angleVar":360,"startSizeVar":10,"_positionType":1,"positionType":1,"speed":600,"speedVar":0,"rotationIsDir":true}],"_prefab":{"__type__":"cc.PrefabInfo","root":{"__id__":1},"asset":{"__uuid__":"35Fu6mEGJC7qDbM0JtrdfN"},"fileId":"833zwhK0tKNIA87ANjcoqG"},"_trs":{"__type__":"TypedArray","ctor":"Float64Array","array":[0,0,0,0,0,0,1,1,1,1]}}],{"__type__":"cc.SpriteFrame","content":{"name":"1","texture":"006nV1VR1GgbT9+3s3A2Mz","rect":[0,0,295,285],"offset":[0,0],"originalSize":[295,285],"capInsets":[0,0,0,0]}},{"__type__":"cc.SpriteFrame","content":{"name":"3","texture":"d6rL858hpFw4qftTRvTjjf","rect":[0,0,28,35],"offset":[0,0],"originalSize":[28,35],"capInsets":[0,0,0,0]}}]