[{"__type__":"cc.SpriteFrame","content":{"name":"水果_梨","texture":"57N2xMPWhHvbtmQrowYXit","rect":[0,0,76,101],"offset":[0,0],"originalSize":[76,101],"capInsets":[0,0,0,0]}},{"__type__":"cc.SpriteFrame","content":{"name":"点","texture":"384YhYzYpKdrjInpCDyQsT","rect":[0,0,16,16],"offset":[0,0],"originalSize":[16,16],"capInsets":[0,0,0,0]}},[{"__type__":"cc.Prefab","_name":"items11","data":{"__id__":1}},{"__type__":"cc.Node","_name":"items11","_children":[{"__id__":2},{"__id__":3},{"__id__":4},{"__id__":5},{"__id__":6},{"__id__":7},{"__id__":8},{"__id__":9},{"__id__":10}],"_components":[{"__type__":"053c2u4k8ZBwroDC3cDQoVF","node":{"__id__":1}}],"_prefab":{"__type__":"cc.PrefabInfo","root":{"__id__":1},"asset":{"__uuid__":"86MuCbhFZBnbAmRLLtg3Py"},"fileId":"b7u3TzY+9NA5UpO+x0bznt"},"_trs":{"__type__":"TypedArray","ctor":"Float64Array","array":[0,0,0,0,0,0,1,1,1,1]}},{"__type__":"cc.Node","_name":"梨","_parent":{"__id__":1},"_components":[{"__type__":"cc.Sprite","node":{"__id__":2},"_spriteFrame":{"__uuid__":"44ZVblbORAGKSocZm24USF"}},{"__type__":"cc.CircleCollider","node":{"__id__":2},"_radius":42},{"__type__":"ae625r/YtBJ25oY3QCSGq6M","node":{"__id__":2},"halfItemPrefab":{"__uuid__":"c4riS7PT5DuaBN+jecS/GT"},"spinePrefab":{"__uuid__":"8cv8yPSxpO96zY8VNM4NOq"},"sliceItemSpriteFrame":{"__uuid__":"c2rvwbQ4xBpappNU4njhsR"},"pointSpriteFrame":{"__uuid__":"6bj+TqiDhMgZUsAYgI40Qx"}}],"_prefab":{"__type__":"cc.PrefabInfo","root":{"__id__":1},"asset":{"__uuid__":"86MuCbhFZBnbAmRLLtg3Py"},"fileId":"80Cb8O4glO74cHK3lxxXSo"},"_contentSize":{"__type__":"cc.Size","width":76,"height":101},"_trs":{"__type__":"TypedArray","ctor":"Float64Array","array":[92,53,0,0,0,0,1,1,1,1]}},{"__type__":"cc.Node","_name":"梨","_parent":{"__id__":1},"_components":[{"__type__":"cc.Sprite","node":{"__id__":3},"_spriteFrame":{"__uuid__":"44ZVblbORAGKSocZm24USF"}},{"__type__":"cc.CircleCollider","node":{"__id__":3},"_radius":42},{"__type__":"ae625r/YtBJ25oY3QCSGq6M","node":{"__id__":3},"halfItemPrefab":{"__uuid__":"c4riS7PT5DuaBN+jecS/GT"},"spinePrefab":{"__uuid__":"8cv8yPSxpO96zY8VNM4NOq"},"sliceItemSpriteFrame":{"__uuid__":"c2rvwbQ4xBpappNU4njhsR"},"pointSpriteFrame":{"__uuid__":"6bj+TqiDhMgZUsAYgI40Qx"}}],"_prefab":{"__type__":"cc.PrefabInfo","root":{"__id__":1},"asset":{"__uuid__":"86MuCbhFZBnbAmRLLtg3Py"},"fileId":"abqiE6zA5IKqaou9/l2xOc"},"_contentSize":{"__type__":"cc.Size","width":76,"height":101},"_trs":{"__type__":"TypedArray","ctor":"Float64Array","array":[0,0,0,0,0,0,1,1,1,1]}},{"__type__":"cc.Node","_name":"梨","_parent":{"__id__":1},"_components":[{"__type__":"cc.Sprite","node":{"__id__":4},"_spriteFrame":{"__uuid__":"44ZVblbORAGKSocZm24USF"}},{"__type__":"cc.CircleCollider","node":{"__id__":4},"_radius":42},{"__type__":"ae625r/YtBJ25oY3QCSGq6M","node":{"__id__":4},"halfItemPrefab":{"__uuid__":"c4riS7PT5DuaBN+jecS/GT"},"spinePrefab":{"__uuid__":"8cv8yPSxpO96zY8VNM4NOq"},"sliceItemSpriteFrame":{"__uuid__":"c2rvwbQ4xBpappNU4njhsR"},"pointSpriteFrame":{"__uuid__":"6bj+TqiDhMgZUsAYgI40Qx"}}],"_prefab":{"__type__":"cc.PrefabInfo","root":{"__id__":1},"asset":{"__uuid__":"86MuCbhFZBnbAmRLLtg3Py"},"fileId":"9eR/IUpEJAS5nPKzi3umyv"},"_contentSize":{"__type__":"cc.Size","width":76,"height":101},"_trs":{"__type__":"TypedArray","ctor":"Float64Array","array":[-106,-159,0,0,0,0,1,1,1,1]}},{"__type__":"cc.Node","_name":"梨","_parent":{"__id__":1},"_components":[{"__type__":"cc.Sprite","node":{"__id__":5},"_spriteFrame":{"__uuid__":"44ZVblbORAGKSocZm24USF"}},{"__type__":"cc.CircleCollider","node":{"__id__":5},"_radius":42},{"__type__":"ae625r/YtBJ25oY3QCSGq6M","node":{"__id__":5},"halfItemPrefab":{"__uuid__":"c4riS7PT5DuaBN+jecS/GT"},"spinePrefab":{"__uuid__":"8cv8yPSxpO96zY8VNM4NOq"},"sliceItemSpriteFrame":{"__uuid__":"c2rvwbQ4xBpappNU4njhsR"},"pointSpriteFrame":{"__uuid__":"6bj+TqiDhMgZUsAYgI40Qx"}}],"_prefab":{"__type__":"cc.PrefabInfo","root":{"__id__":1},"asset":{"__uuid__":"86MuCbhFZBnbAmRLLtg3Py"},"fileId":"58QPQZQ6BHqovhOgfdTbX5"},"_contentSize":{"__type__":"cc.Size","width":76,"height":101},"_trs":{"__type__":"TypedArray","ctor":"Float64Array","array":[-89,147,0,0,0,0,1,1,1,1]}},{"__type__":"cc.Node","_name":"梨","_parent":{"__id__":1},"_components":[{"__type__":"cc.Sprite","node":{"__id__":6},"_spriteFrame":{"__uuid__":"44ZVblbORAGKSocZm24USF"}},{"__type__":"cc.CircleCollider","node":{"__id__":6},"_radius":42},{"__type__":"ae625r/YtBJ25oY3QCSGq6M","node":{"__id__":6},"halfItemPrefab":{"__uuid__":"c4riS7PT5DuaBN+jecS/GT"},"spinePrefab":{"__uuid__":"8cv8yPSxpO96zY8VNM4NOq"},"sliceItemSpriteFrame":{"__uuid__":"c2rvwbQ4xBpappNU4njhsR"},"pointSpriteFrame":{"__uuid__":"6bj+TqiDhMgZUsAYgI40Qx"}}],"_prefab":{"__type__":"cc.PrefabInfo","root":{"__id__":1},"asset":{"__uuid__":"86MuCbhFZBnbAmRLLtg3Py"},"fileId":"4a9kqpS3RM1p/9p/rzSbnE"},"_contentSize":{"__type__":"cc.Size","width":76,"height":101},"_trs":{"__type__":"TypedArray","ctor":"Float64Array","array":[-92,-52,0,0,0,0,1,1,1,1]}},{"__type__":"cc.Node","_name":"梨","_parent":{"__id__":1},"_components":[{"__type__":"cc.Sprite","node":{"__id__":7},"_spriteFrame":{"__uuid__":"44ZVblbORAGKSocZm24USF"}},{"__type__":"cc.CircleCollider","node":{"__id__":7},"_radius":42},{"__type__":"ae625r/YtBJ25oY3QCSGq6M","node":{"__id__":7},"halfItemPrefab":{"__uuid__":"c4riS7PT5DuaBN+jecS/GT"},"spinePrefab":{"__uuid__":"8cv8yPSxpO96zY8VNM4NOq"},"sliceItemSpriteFrame":{"__uuid__":"c2rvwbQ4xBpappNU4njhsR"},"pointSpriteFrame":{"__uuid__":"6bj+TqiDhMgZUsAYgI40Qx"}}],"_prefab":{"__type__":"cc.PrefabInfo","root":{"__id__":1},"asset":{"__uuid__":"86MuCbhFZBnbAmRLLtg3Py"},"fileId":"19Jgz9Hu5ML53iGxwk5Qag"},"_contentSize":{"__type__":"cc.Size","width":76,"height":101},"_trs":{"__type__":"TypedArray","ctor":"Float64Array","array":[-93,48,0,0,0,0,1,1,1,1]}},{"__type__":"cc.Node","_name":"梨","_parent":{"__id__":1},"_components":[{"__type__":"cc.Sprite","node":{"__id__":8},"_spriteFrame":{"__uuid__":"44ZVblbORAGKSocZm24USF"}},{"__type__":"cc.CircleCollider","node":{"__id__":8},"_radius":42},{"__type__":"ae625r/YtBJ25oY3QCSGq6M","node":{"__id__":8},"halfItemPrefab":{"__uuid__":"c4riS7PT5DuaBN+jecS/GT"},"spinePrefab":{"__uuid__":"8cv8yPSxpO96zY8VNM4NOq"},"sliceItemSpriteFrame":{"__uuid__":"c2rvwbQ4xBpappNU4njhsR"},"pointSpriteFrame":{"__uuid__":"6bj+TqiDhMgZUsAYgI40Qx"}}],"_prefab":{"__type__":"cc.PrefabInfo","root":{"__id__":1},"asset":{"__uuid__":"86MuCbhFZBnbAmRLLtg3Py"},"fileId":"27I94G7ORCSYkbaydmSHzz"},"_contentSize":{"__type__":"cc.Size","width":76,"height":101},"_trs":{"__type__":"TypedArray","ctor":"Float64Array","array":[89,-157,0,0,0,0,1,1,1,1]}},{"__type__":"cc.Node","_name":"梨","_parent":{"__id__":1},"_components":[{"__type__":"cc.Sprite","node":{"__id__":9},"_spriteFrame":{"__uuid__":"44ZVblbORAGKSocZm24USF"}},{"__type__":"cc.CircleCollider","node":{"__id__":9},"_radius":42},{"__type__":"ae625r/YtBJ25oY3QCSGq6M","node":{"__id__":9},"halfItemPrefab":{"__uuid__":"c4riS7PT5DuaBN+jecS/GT"},"spinePrefab":{"__uuid__":"8cv8yPSxpO96zY8VNM4NOq"},"sliceItemSpriteFrame":{"__uuid__":"c2rvwbQ4xBpappNU4njhsR"},"pointSpriteFrame":{"__uuid__":"6bj+TqiDhMgZUsAYgI40Qx"}}],"_prefab":{"__type__":"cc.PrefabInfo","root":{"__id__":1},"asset":{"__uuid__":"86MuCbhFZBnbAmRLLtg3Py"},"fileId":"1b7R2kKilGi4f5oteMD1Cv"},"_contentSize":{"__type__":"cc.Size","width":76,"height":101},"_trs":{"__type__":"TypedArray","ctor":"Float64Array","array":[92,-46,0,0,0,0,1,1,1,1]}},{"__type__":"cc.Node","_name":"梨","_parent":{"__id__":1},"_components":[{"__type__":"cc.Sprite","node":{"__id__":10},"_spriteFrame":{"__uuid__":"44ZVblbORAGKSocZm24USF"}},{"__type__":"cc.CircleCollider","node":{"__id__":10},"_radius":42},{"__type__":"ae625r/YtBJ25oY3QCSGq6M","node":{"__id__":10},"halfItemPrefab":{"__uuid__":"c4riS7PT5DuaBN+jecS/GT"},"spinePrefab":{"__uuid__":"8cv8yPSxpO96zY8VNM4NOq"},"sliceItemSpriteFrame":{"__uuid__":"c2rvwbQ4xBpappNU4njhsR"},"pointSpriteFrame":{"__uuid__":"6bj+TqiDhMgZUsAYgI40Qx"}}],"_prefab":{"__type__":"cc.PrefabInfo","root":{"__id__":1},"asset":{"__uuid__":"86MuCbhFZBnbAmRLLtg3Py"},"fileId":"fbs3Ic6qdF0aWk8DCaGOPn"},"_contentSize":{"__type__":"cc.Size","width":76,"height":101},"_trs":{"__type__":"TypedArray","ctor":"Float64Array","array":[92,146,0,0,0,0,1,1,1,1]}}],{"__type__":"cc.SpriteFrame","content":{"name":"Apple","texture":"a8YGMIkX1I2aBTP44e+lCA","rect":[0,0,138,17],"offset":[0,0],"originalSize":[138,17],"capInsets":[3,0,3,0]}}]